md5,id,title,keep,reason
3599a0e4291f9562f343b9fe54ab8d3b,240333,Blake of Scotland Yard,0,exact_poster_md5_dup
3599a0e4291f9562f343b9fe54ab8d3b,186514,Blake of Scotland Yard,1,exact_poster_md5_dup
0f306017ec2bd3fed5d6dbe24a955c02,565457,The Teenage Frankenstein Meets the Teenage Werewolf,0,exact_poster_md5_dup
0f306017ec2bd3fed5d6dbe24a955c02,565446,The Teenage Frankenstein,1,exact_poster_md5_dup
b4ef1ece813f127d4eddac69cd4102ca,685555,Mega City Masters: 35 Years of Judge Dredd,0,exact_poster_md5_dup
b4ef1ece813f127d4eddac69cd4102ca,685554,Day of Chaos: The Visual Effects of 'Dredd',1,exact_poster_md5_dup
6c4841fe10c502fac80c3950b55f5fef,790739,The Red Circle,0,exact_poster_md5_dup
6c4841fe10c502fac80c3950b55f5fef,790742,The Six Napoleons,0,exact_poster_md5_dup
6c4841fe10c502fac80c3950b55f5fef,791027,The Greek Interpreter,0,exact_poster_md5_dup
6c4841fe10c502fac80c3950b55f5fef,790737,The Second Stain,0,exact_poster_md5_dup
6c4841fe10c502fac80c3950b55f5fef,439994,Charles Augustus Milverton,1,exact_poster_md5_dup
4e0146c694a5467dceba4173e3cb5389,951979,The Broken Rail,0,exact_poster_md5_dup
4e0146c694a5467dceba4173e3cb5389,952404,Crossed Wires,0,exact_poster_md5_dup
4e0146c694a5467dceba4173e3cb5389,950689,A Deed of Daring,0,exact_poster_md5_dup
4e0146c694a5467dceba4173e3cb5389,952171,A Test of Courage,0,exact_poster_md5_dup
4e0146c694a5467dceba4173e3cb5389,952405,A Boy at the Throttle,0,exact_poster_md5_dup
4e0146c694a5467dceba4173e3cb5389,950188,The Open Drawbridge,0,exact_poster_md5_dup
4e0146c694a5467dceba4173e3cb5389,950345,A Race for a Crossing,0,exact_poster_md5_dup
4e0146c694a5467dceba4173e3cb5389,950190,The Railroad Raiders of '62,0,exact_poster_md5_dup
4e0146c694a5467dceba4173e3cb5389,950347,The Box Car Trap,0,exact_poster_md5_dup
4e0146c694a5467dceba4173e3cb5389,950191,The Girl at Lone Point,0,exact_poster_md5_dup
4e0146c694a5467dceba4173e3cb5389,950356,The Fiend at the Throttle,0,exact_poster_md5_dup
4e0146c694a5467dceba4173e3cb5389,952321,The Rescue of the Brakeman's Children,0,exact_poster_md5_dup
4e0146c694a5467dceba4173e3cb5389,950035,The Red Signal,0,exact_poster_md5_dup
4e0146c694a5467dceba4173e3cb5389,950361,The Night Operator at Buxton,1,exact_poster_md5_dup
4e0146c694a5467dceba4173e3cb5389,951449,The Girl on the Engine,0,exact_poster_md5_dup
4e0146c694a5467dceba4173e3cb5389,952329,Danger Ahead!,0,exact_poster_md5_dup
4e0146c694a5467dceba4173e3cb5389,950368,The Human Chain,0,exact_poster_md5_dup
4e0146c694a5467dceba4173e3cb5389,951453,The Substitute Fireman,0,exact_poster_md5_dup
4e0146c694a5467dceba4173e3cb5389,952337,The Girl on the Bridge,0,exact_poster_md5_dup
4e0146c694a5467dceba4173e3cb5389,951454,The Limited's Peril,0,exact_poster_md5_dup
4e0146c694a5467dceba4173e3cb5389,952339,The Dynamite Train,0,exact_poster_md5_dup
4e0146c694a5467dceba4173e3cb5389,951455,A Perilous Chance,0,exact_poster_md5_dup
4e0146c694a5467dceba4173e3cb5389,952342,The Tramp Telegrapher,0,exact_poster_md5_dup
4e0146c694a5467dceba4173e3cb5389,951976,Train Order Number Forty-Five,0,exact_poster_md5_dup
4e0146c694a5467dceba4173e3cb5389,952166,The Watertank Plot,0,exact_poster_md5_dup
4e0146c694a5467dceba4173e3cb5389,951981,A Girl's Grit,0,exact_poster_md5_dup
4e0146c694a5467dceba4173e3cb5389,951984,A Matter of Seconds,0,exact_poster_md5_dup
4e0146c694a5467dceba4173e3cb5389,951987,The Runaway Boxcar,0,exact_poster_md5_dup
4e0146c694a5467dceba4173e3cb5389,950533,Near Eternity,0,exact_poster_md5_dup
4e0146c694a5467dceba4173e3cb5389,950342,A Life in the Balance,0,exact_poster_md5_dup
4e0146c694a5467dceba4173e3cb5389,950535,The Midnight Limited,0,exact_poster_md5_dup
4e0146c694a5467dceba4173e3cb5389,950343,The Girl on the Trestle,0,exact_poster_md5_dup
4e0146c694a5467dceba4173e3cb5389,950537,A Wild Ride,0,exact_poster_md5_dup
4e0146c694a5467dceba4173e3cb5389,950184,The Engineer's Peril,0,exact_poster_md5_dup
4e0146c694a5467dceba4173e3cb5389,950344,The Girl Engineer,0,exact_poster_md5_dup
4e0146c694a5467dceba4173e3cb5389,952303,A Mile a Minute,0,exact_poster_md5_dup
62de752c9f289db4b564bfa23dbfaf49,953125,The Spiked Switch,0,exact_poster_md5_dup
62de752c9f289db4b564bfa23dbfaf49,953127,A Race Through the Air,0,exact_poster_md5_dup
62de752c9f289db4b564bfa23dbfaf49,948849,The Record Run,0,exact_poster_md5_dup
62de752c9f289db4b564bfa23dbfaf49,952645,When Seconds Count,0,exact_poster_md5_dup
62de752c9f289db4b564bfa23dbfaf49,954305,The Forgotten Train Order,0,exact_poster_md5_dup
62de752c9f289db4b564bfa23dbfaf49,948851,The Trapping of 'Peeler' White,0,exact_poster_md5_dup
62de752c9f289db4b564bfa23dbfaf49,952651,The Haunted Station,0,exact_poster_md5_dup
62de752c9f289db4b564bfa23dbfaf49,954310,The Trial Run,0,exact_poster_md5_dup
62de752c9f289db4b564bfa23dbfaf49,948890,The Detective's Peril,0,exact_poster_md5_dup
62de752c9f289db4b564bfa23dbfaf49,952659,Tapped Wires,0,exact_poster_md5_dup
62de752c9f289db4b564bfa23dbfaf49,954321,The Lineman's Peril,0,exact_poster_md5_dup
62de752c9f289db4b564bfa23dbfaf49,954727,The Vanishing Box Car,0,exact_poster_md5_dup
62de752c9f289db4b564bfa23dbfaf49,952666,The Peril of the Rails,0,exact_poster_md5_dup
62de752c9f289db4b564bfa23dbfaf49,954733,The Mogul Mountain Mystery,0,exact_poster_md5_dup
62de752c9f289db4b564bfa23dbfaf49,952668,The Perilous Swing,0,exact_poster_md5_dup
62de752c9f289db4b564bfa23dbfaf49,953923,A Mystery of the Rails,0,exact_poster_md5_dup
62de752c9f289db4b564bfa23dbfaf49,952670,The Switchman's Story,0,exact_poster_md5_dup
62de752c9f289db4b564bfa23dbfaf49,953925,Hurled Through the Drawbridge,0,exact_poster_md5_dup
62de752c9f289db4b564bfa23dbfaf49,952673,The Girl Telegrapher's Nerve,0,exact_poster_md5_dup
62de752c9f289db4b564bfa23dbfaf49,953119,The Trail of Danger,0,exact_poster_md5_dup
62de752c9f289db4b564bfa23dbfaf49,952686,A Race for a Life,0,exact_poster_md5_dup
62de752c9f289db4b564bfa23dbfaf49,953128,The Engineer's Honor,0,exact_poster_md5_dup
62de752c9f289db4b564bfa23dbfaf49,953996,With the Aid of the Wrecker,0,exact_poster_md5_dup
62de752c9f289db4b564bfa23dbfaf49,954243,To Save the Special,0,exact_poster_md5_dup
62de752c9f289db4b564bfa23dbfaf49,955116,The Railroad Claim Intrigue,0,exact_poster_md5_dup
62de752c9f289db4b564bfa23dbfaf49,953617,To Save the Road,0,exact_poster_md5_dup
62de752c9f289db4b564bfa23dbfaf49,953998,At Danger's Call,0,exact_poster_md5_dup
62de752c9f289db4b564bfa23dbfaf49,954245,A Daring Chance,0,exact_poster_md5_dup
62de752c9f289db4b564bfa23dbfaf49,953623,The Broken Brake,0,exact_poster_md5_dup
62de752c9f289db4b564bfa23dbfaf49,953999,The Secret of the Box Car,0,exact_poster_md5_dup
62de752c9f289db4b564bfa23dbfaf49,954001,Ablaze on the Rails,0,exact_poster_md5_dup
62de752c9f289db4b564bfa23dbfaf49,954271,The Lost Messenger,0,exact_poster_md5_dup
62de752c9f289db4b564bfa23dbfaf49,954844,The Fireman's Nemesis,0,exact_poster_md5_dup
62de752c9f289db4b564bfa23dbfaf49,947328,The Capture of Red Stanley,1,exact_poster_md5_dup
62de752c9f289db4b564bfa23dbfaf49,954002,The Hoodoo of Division B,0,exact_poster_md5_dup
62de752c9f289db4b564bfa23dbfaf49,954296,The Gate of Death,0,exact_poster_md5_dup
62de752c9f289db4b564bfa23dbfaf49,955195,The Prima Donna's Special,0,exact_poster_md5_dup
62de752c9f289db4b564bfa23dbfaf49,947331,The Treasure Train,0,exact_poster_md5_dup
62de752c9f289db4b564bfa23dbfaf49,948842,The Bridge of Danger,0,exact_poster_md5_dup
62de752c9f289db4b564bfa23dbfaf49,954005,Defying Death,0,exact_poster_md5_dup
62de752c9f289db4b564bfa23dbfaf49,954297,The Lone Point Mystery,0,exact_poster_md5_dup
62de752c9f289db4b564bfa23dbfaf49,947332,The Mysterious Cipher,0,exact_poster_md5_dup
62de752c9f289db4b564bfa23dbfaf49,948844,The Human Telegram,0,exact_poster_md5_dup
62de752c9f289db4b564bfa23dbfaf49,952873,The Girl Who Dared,0,exact_poster_md5_dup
62de752c9f289db4b564bfa23dbfaf49,954008,The Death Swing,0,exact_poster_md5_dup
62de752c9f289db4b564bfa23dbfaf49,954302,The Runaway Sleeper,0,exact_poster_md5_dup
62de752c9f289db4b564bfa23dbfaf49,955198,The Sidetracked Sleeper,0,exact_poster_md5_dup
62de752c9f289db4b564bfa23dbfaf49,948846,The Race for a Siding,0,exact_poster_md5_dup
62de752c9f289db4b564bfa23dbfaf49,952642,At the Risk of Her Life,0,exact_poster_md5_dup
62de752c9f289db4b564bfa23dbfaf49,954009,The Blocked Track,0,exact_poster_md5_dup
62de752c9f289db4b564bfa23dbfaf49,954876,The Wrecked Station,0,exact_poster_md5_dup
62de752c9f289db4b564bfa23dbfaf49,955201,The Death Siding,0,exact_poster_md5_dup
1d6c8f21954a70daf10fb90761ada748,1001130,Blutbad 2,1,exact_poster_md5_dup
1d6c8f21954a70daf10fb90761ada748,1001126,Blutbad,0,exact_poster_md5_dup
94bec7377e8ad520ce5f24a2c394d9a7,1014230,"$100,000 Kiss",0,exact_poster_md5_dup
94bec7377e8ad520ce5f24a2c394d9a7,1013502,Missing Millions,0,exact_poster_md5_dup
94bec7377e8ad520ce5f24a2c394d9a7,1014251,Dodging the Law,0,exact_poster_md5_dup
94bec7377e8ad520ce5f24a2c394d9a7,1014252,Sealed Orders,0,exact_poster_md5_dup
94bec7377e8ad520ce5f24a2c394d9a7,1014254,The Spendthrift,0,exact_poster_md5_dup
94bec7377e8ad520ce5f24a2c394d9a7,1014258,Nick Carter Down East,0,exact_poster_md5_dup
94bec7377e8ad520ce5f24a2c394d9a7,1014225,The Great Opium Case,0,exact_poster_md5_dup
94bec7377e8ad520ce5f24a2c394d9a7,1014229,The Crimson Clue,0,exact_poster_md5_dup
94bec7377e8ad520ce5f24a2c394d9a7,889022,Among the Counterfeiters,1,exact_poster_md5_dup
94bec7377e8ad520ce5f24a2c394d9a7,1014243,The Diamond Trail,0,exact_poster_md5_dup
94bec7377e8ad520ce5f24a2c394d9a7,1014249,The Blackmailer's Bluff,0,exact_poster_md5_dup
94bec7377e8ad520ce5f24a2c394d9a7,1014250,Who's Guilty?,0,exact_poster_md5_dup
8ecc5590ff0ea27077a45d9c3ce9acf1,1329268,Quiet,0,exact_poster_md5_dup
8ecc5590ff0ea27077a45d9c3ce9acf1,1301109,Quiet,1,exact_poster_md5_dup
634b9e02edbcff81f53f18fe7eb932f0,1439974,Stabbing at Leia's 22nd Birthday,1,exact_poster_md5_dup
634b9e02edbcff81f53f18fe7eb932f0,274105,Stabbing at Leia's 22nd Birthday,0,exact_poster_md5_dup
0a3968f3ad48c8f1ec4cf839aaa1dc3b,1553868,Cria,0,exact_poster_md5_dup
0a3968f3ad48c8f1ec4cf839aaa1dc3b,1553822,Cria,1,exact_poster_md5_dup
0b0fc784e83e2d384dd78a06acf199df,1561974,To Catch A Thief 2: The Woman In Nun's Habit,1,exact_poster_md5_dup
0b0fc784e83e2d384dd78a06acf199df,1561982,To Catch A Thief 3: Solitary,0,exact_poster_md5_dup
418eff6692c39b41661207a9407f458a,128019,Skånska mord - Hurvamorden,1,exact_poster_md5_dup
418eff6692c39b41661207a9407f458a,128020,Skånska mord - Yngsjömordet,0,exact_poster_md5_dup
7627ce5c9e3280e99b6e0dd3dd286cb4,219252,Yotsuya Ghost Story Part 1,1,exact_poster_md5_dup
7627ce5c9e3280e99b6e0dd3dd286cb4,219253,Yotsuya Ghost Story Part 2,0,exact_poster_md5_dup
7604222fd9618b3db3013e5ab07c1c66,228257,Perry Mason: The Case of the Fatal Framing,0,exact_poster_md5_dup
7604222fd9618b3db3013e5ab07c1c66,95400,Perry Mason: The Case of the Reckless Romeo,1,exact_poster_md5_dup
b8d350323b8eb9985fb602451b75e393,344001,M Is for Malnutrition,1,exact_poster_md5_dup
b8d350323b8eb9985fb602451b75e393,379100,M is for Merry Christmas,0,exact_poster_md5_dup
b8d350323b8eb9985fb602451b75e393,1029663,T is for Tickles,0,exact_poster_md5_dup
b8d350323b8eb9985fb602451b75e393,408055,M is for Messiah,0,exact_poster_md5_dup
ecae005951efc67d1a3d00c2f951c7de,941023,Tales of the Bizarre: 2003 Fall Special,1,exact_poster_md5_dup
ecae005951efc67d1a3d00c2f951c7de,940617,Tales of the Bizarre: 2004 Spring Special,0,exact_poster_md5_dup
ecae005951efc67d1a3d00c2f951c7de,940620,Tales of the Bizarre: 2004 Fall Special,0,exact_poster_md5_dup
71428abf74bfbedc059bfa0584ffd2a8,971215,Biedronka Nights,0,exact_poster_md5_dup
71428abf74bfbedc059bfa0584ffd2a8,971222,Biedronka Nights,1,exact_poster_md5_dup
4e1f908631d37d5a1a06eb20f7c018b3,1162006,Injured College Girl: Part 2,1,exact_poster_md5_dup
4e1f908631d37d5a1a06eb20f7c018b3,1162007,Injured College Girl: Part 3,0,exact_poster_md5_dup
c80c805ecdd8b544042a6b7be5cc40de,1489213,Mission: Impossible - The Falcon,1,exact_poster_md5_dup
c80c805ecdd8b544042a6b7be5cc40de,1488271,Mission: Impossible - The Slave,0,exact_poster_md5_dup
468386538781c63090ed362dd480f2c7,1531589,Rot,0,exact_poster_md5_dup
468386538781c63090ed362dd480f2c7,1531596,A Man Explodes,1,exact_poster_md5_dup
d5a9e88e3a2bfc76af38f287fa13564d,1564367,The End of the World,1,exact_poster_md5_dup
d5a9e88e3a2bfc76af38f287fa13564d,1566955,Presenting: The End of the World,0,exact_poster_md5_dup
64de7ae98a358d053a223b8eec6ce3cc,1631665,Mary,1,exact_poster_md5_dup
64de7ae98a358d053a223b8eec6ce3cc,1591046,Mary,0,exact_poster_md5_dup
b06916aaa82780cf638b9ad8764842aa,1633439,Snoozy Doo and the Night Terror,0,exact_poster_md5_dup
b06916aaa82780cf638b9ad8764842aa,1633481,Snoozy Doo and the Night Terror,1,exact_poster_md5_dup
4a47f6a14f4f8ec333ac21ee293cbe62,1729343,Judex (Episode 00): Prologue,0,exact_poster_md5_dup
4a47f6a14f4f8ec333ac21ee293cbe62,1729363,Judex (Episode 09): When the Child Appeared,0,exact_poster_md5_dup
4a47f6a14f4f8ec333ac21ee293cbe62,1729365,Judex (Episode 10): Jacqueline’s Heart,0,exact_poster_md5_dup
4a47f6a14f4f8ec333ac21ee293cbe62,1729366,Judex (Episode 11): The Water Sprite,0,exact_poster_md5_dup
4a47f6a14f4f8ec333ac21ee293cbe62,1729368,Judex (Episode 12): Love’s Forgiveness,0,exact_poster_md5_dup
4a47f6a14f4f8ec333ac21ee293cbe62,1729345,Judex (Episode 02): The Atonement,0,exact_poster_md5_dup
4a47f6a14f4f8ec333ac21ee293cbe62,1729347,Judex (Episode 03): The Fantastic Dog Pack,0,exact_poster_md5_dup
4a47f6a14f4f8ec333ac21ee293cbe62,1729351,Judex (Episode 04): The Secret of the Tomb,0,exact_poster_md5_dup
4a47f6a14f4f8ec333ac21ee293cbe62,1729354,Judex (Episode 05): The Tragic Mill,1,exact_poster_md5_dup
4a47f6a14f4f8ec333ac21ee293cbe62,1729356,Judex (Episode 06): The Licorice Kid,0,exact_poster_md5_dup
4a47f6a14f4f8ec333ac21ee293cbe62,1729357,Judex (Episode 07): The Woman in Black,0,exact_poster_md5_dup
4a47f6a14f4f8ec333ac21ee293cbe62,1729578,Judex (Episode 01):  Mysterious Shadow,0,exact_poster_md5_dup
4a47f6a14f4f8ec333ac21ee293cbe62,1729362,Judex (Episode 08): The Underground Passages of the Château-Rouge,0,exact_poster_md5_dup
6dee0a5260d756fb3c13b33f8b5fb3b9,568407,Mad God: Part 3,0,exact_poster_md5_dup
6dee0a5260d756fb3c13b33f8b5fb3b9,251282,Mad God: Part 1,1,exact_poster_md5_dup
6dee0a5260d756fb3c13b33f8b5fb3b9,378362,Mad God: Part 2,0,exact_poster_md5_dup
c848b5fbd2bdaad438d2cac6ad5b6dc9,690746,Kamen Rider BiBiBi no BibillGeiz,0,exact_poster_md5_dup
c848b5fbd2bdaad438d2cac6ad5b6dc9,620251,Kamen Rider BiBiBi no Bibill Geiz,1,exact_poster_md5_dup
32aface0f7da309619e4044673c3da28,782719,Enemies: Against the Clock,0,exact_poster_md5_dup
32aface0f7da309619e4044673c3da28,788633,Enemies: The Confession,1,exact_poster_md5_dup
1f2d4cf582caf5ee0891bac138fbf070,952045,Anal Paprika 2: Vampire Killers,0,exact_poster_md5_dup
1f2d4cf582caf5ee0891bac138fbf070,952054,Anal Paprika 3: Menage-A-Death,1,exact_poster_md5_dup
aeae2987f029846701e1ad64efde4822,1030419,Legend of the Galactic Heroes: Die Neue These - Intrigue 1,1,exact_poster_md5_dup
aeae2987f029846701e1ad64efde4822,1030420,Legend of the Galactic Heroes: Die Neue These - Intrigue 2,0,exact_poster_md5_dup
aeae2987f029846701e1ad64efde4822,1030422,Legend of the Galactic Heroes: Die Neue These - Intrigue 3,0,exact_poster_md5_dup
246e9ff9ccab0c029d5315088c7d4407,1089789,Smother,1,exact_poster_md5_dup
246e9ff9ccab0c029d5315088c7d4407,1673807,Smother,0,exact_poster_md5_dup
bc014cb7990d35f20bf63489b3a94b99,1227159,Tanaka to Jumonmono to Kaidan to Dai 2-kai Kōhen,1,exact_poster_md5_dup
bc014cb7990d35f20bf63489b3a94b99,1227154,Tanaka to Jumonmono to Kaidan to Dai 2-kai Zenpen,0,exact_poster_md5_dup
dacb1f05769755f151a86d50beea9b51,1390977,Pumpkinman 4: Janet Vs. Pumpkinman,0,exact_poster_md5_dup
dacb1f05769755f151a86d50beea9b51,1390980,Night of the Pumpkinmen,1,exact_poster_md5_dup
dacb1f05769755f151a86d50beea9b51,1381446,Son of Pumpkinman,0,exact_poster_md5_dup
dacb1f05769755f151a86d50beea9b51,1387642,Pumpkinman,0,exact_poster_md5_dup
dacb1f05769755f151a86d50beea9b51,1390975,Pumpkinman 2,0,exact_poster_md5_dup
66fda9eda365ac3b4b537421c628e86a,1700166,Pizza Party Massacre,0,exact_poster_md5_dup
66fda9eda365ac3b4b537421c628e86a,1701287,P P M,1,exact_poster_md5_dup
b6e7ec6a4af91ed629b50fe99114ba60,647164,Dr. Hikojiro 2,0,exact_poster_md5_dup
b6e7ec6a4af91ed629b50fe99114ba60,645023,Dr. Hikojiro,1,exact_poster_md5_dup
135678e2f1e58b32dc4858d7e4cdbea5,672288,Identity V STAGE Episode 1 [What to draw] Side:H,1,exact_poster_md5_dup
135678e2f1e58b32dc4858d7e4cdbea5,672290,Identity V STAGE Episode 1 [What to draw] Side:S,0,exact_poster_md5_dup
f2e9d9720e74dc9ab735c4a378359dd0,832749,Tales of the Bizarre: Christmas Eve Special,0,exact_poster_md5_dup
f2e9d9720e74dc9ab735c4a378359dd0,1287595,世界奇妙物语1991年春之特别篇,1,exact_poster_md5_dup
0df16fa1bce1efeba6a49d151173f59b,877626,Aylesbury Dead 2,0,exact_poster_md5_dup
0df16fa1bce1efeba6a49d151173f59b,876269,Aylesbury Dead,1,exact_poster_md5_dup
dbe8088302f5584747fb1d531e855b30,893555,Panzer World Galient: Chapter of the Land,0,exact_poster_md5_dup
dbe8088302f5584747fb1d531e855b30,893560,Panzer World Galient: Chapter of the Sky,0,exact_poster_md5_dup
dbe8088302f5584747fb1d531e855b30,893563,Panzer World Galient: Crest of Iron,1,exact_poster_md5_dup
4e02ef8b741b9ec8e905fff17ff0f655,949822,The Black Diamond Express,0,exact_poster_md5_dup
4e02ef8b741b9ec8e905fff17ff0f655,950032,The Fast Mail's Danger,0,exact_poster_md5_dup
4e02ef8b741b9ec8e905fff17ff0f655,950034,The Little Engineer,0,exact_poster_md5_dup
4e02ef8b741b9ec8e905fff17ff0f655,949869,The Escape on the Limited,0,exact_poster_md5_dup
4e02ef8b741b9ec8e905fff17ff0f655,949872,The Girl Telegrapher's Peril,0,exact_poster_md5_dup
4e02ef8b741b9ec8e905fff17ff0f655,949874,The Broken Circuit,0,exact_poster_md5_dup
4e02ef8b741b9ec8e905fff17ff0f655,949777,The Flying Freight's Captive,1,exact_poster_md5_dup
b4f90a15ff8e4d756ee82b5dda9eef66,1433682,Cronaca Nera: Delitti al Torraccio,0,exact_poster_md5_dup
b4f90a15ff8e4d756ee82b5dda9eef66,1404439,Cronaca Nera: Il Portiere Distratto,1,exact_poster_md5_dup
979d8ffe1837e35ee2f2896654acbc3f,1493897,Digital Hunt: The Julita Pintuda File,0,exact_poster_md5_dup
979d8ffe1837e35ee2f2896654acbc3f,1493831,CAÇADA DIGITAL: O Arquivo Julita Pintuda,1,exact_poster_md5_dup
29a431474c43550dbb7426d72232e03e,1597134,Raafat Al Haggan (part 1),1,exact_poster_md5_dup
29a431474c43550dbb7426d72232e03e,1597136,Raafat Al Haggan (part 2),0,exact_poster_md5_dup
29a431474c43550dbb7426d72232e03e,1597137,Raafat Al Haggan (part 3),0,exact_poster_md5_dup
21fd92ea3894ee506075f01465a0bf56,1616740,The Knock,0,exact_poster_md5_dup
21fd92ea3894ee506075f01465a0bf56,1190422,The Knock,1,exact_poster_md5_dup
1f33726b684141bacabe09b3e77aa9f9,1715853,The Rexburg Psycho: Origins,1,exact_poster_md5_dup
1f33726b684141bacabe09b3e77aa9f9,1715882,The Rexburg Psycho 4,0,exact_poster_md5_dup
54bc72d4cff444521c226df952b870c4,323508,Angels Die Slowly,1,exact_poster_md5_dup
54bc72d4cff444521c226df952b870c4,988409,Angels Die Slowly,0,exact_poster_md5_dup
c50e8db0cd9848ac2296078b6a625c05,453803,Doctor Mabuse,0,exact_poster_md5_dup
c50e8db0cd9848ac2296078b6a625c05,453836,Doctor Mabuse: Etiopomar,1,exact_poster_md5_dup
a0e92e0eeb0f633dfbbb37328f5ba8e2,551407,Inner Depravity,1,exact_poster_md5_dup
a0e92e0eeb0f633dfbbb37328f5ba8e2,551409,Inner Depravity 2,0,exact_poster_md5_dup
2519504ed090ba702c145368f391e6d2,1067693,Family Tradition,1,exact_poster_md5_dup
2519504ed090ba702c145368f391e6d2,1067700,1989: Last Hero,0,exact_poster_md5_dup
ac6b0edefc3fe6de38f08b7b8708a2ee,1460565,Rec Nights At Freddys 2,1,exact_poster_md5_dup
ac6b0edefc3fe6de38f08b7b8708a2ee,1466771,Welcome To Fredbear's,0,exact_poster_md5_dup
27327c85d06dd56c9c24a22ec6816808,1736320,Pig Sty,1,exact_poster_md5_dup
27327c85d06dd56c9c24a22ec6816808,1736292,Weedman,0,exact_poster_md5_dup
27327c85d06dd56c9c24a22ec6816808,1736299,Sult,0,exact_poster_md5_dup
3802484a6a00219c7a34e210c2ad59a8,174219,"The Hazards of Helen: Episode13, The Escape on the Fast Freight",1,exact_poster_md5_dup
3802484a6a00219c7a34e210c2ad59a8,174220,The Hazards of Helen Ep26: The Wild Engine,0,exact_poster_md5_dup
3802484a6a00219c7a34e210c2ad59a8,300154,The Leap from the Water Tower,0,exact_poster_md5_dup
a3f812f69286931c57633d5513410730,379599,Obsessed,1,exact_poster_md5_dup
a3f812f69286931c57633d5513410730,303480,鬼掩眼,0,exact_poster_md5_dup
7de08d64b578b413ae98ab927cbc80df,395328,Alphamann: Die Selbstmörderin,0,exact_poster_md5_dup
7de08d64b578b413ae98ab927cbc80df,320889,Alphamann: Amok,1,exact_poster_md5_dup
323c12fe7960997f72be0b6ca255cf47,774330,Wolfsland - Das Kind vom Finstertor,0,exact_poster_md5_dup
323c12fe7960997f72be0b6ca255cf47,771221,Wolfsland - Kein entkommen,1,exact_poster_md5_dup
c4288c733a7eb38a9982682ff4c68028,1103053,Don't Look Back,0,exact_poster_md5_dup
c4288c733a7eb38a9982682ff4c68028,1105412,Black Seconds,0,exact_poster_md5_dup
c4288c733a7eb38a9982682ff4c68028,1103769,Calling Out For You,1,exact_poster_md5_dup
0016566c5238b25b53a7c575a64dc29f,1435585,Invisible Psycho,1,exact_poster_md5_dup
0016566c5238b25b53a7c575a64dc29f,1494048,The Sacrifice Part 2,0,exact_poster_md5_dup
9856c0b7d3ef2e058ac39bf6d31f1e1a,1575984,Necromancer: Part 1,0,exact_poster_md5_dup
9856c0b7d3ef2e058ac39bf6d31f1e1a,1575988,Necromancer: Part 2,1,exact_poster_md5_dup
bb97780854c263a44578d8e5899751e9,1736685,There's Something Rotten in the State of Denmark,1,exact_poster_md5_dup
bb97780854c263a44578d8e5899751e9,1736717,Back from the Dead,0,exact_poster_md5_dup
bb97780854c263a44578d8e5899751e9,1737333,Stiff,0,exact_poster_md5_dup
db2ffbed05719a07c1c68dee77b15aef,534671,Run to Delirium,0,exact_poster_md5_dup
db2ffbed05719a07c1c68dee77b15aef,534676,Run to Delirium,1,exact_poster_md5_dup
0d4a145181496abbfbffddf2943f09b3,950364,The Broken Train,0,exact_poster_md5_dup
0d4a145181496abbfbffddf2943f09b3,951452,The Fate of Number One,0,exact_poster_md5_dup
0d4a145181496abbfbffddf2943f09b3,952332,The Girl and the Special,1,exact_poster_md5_dup
53e04162e43f20a29e3d7a9327eb2c69,952664,The Broken Wire,0,exact_poster_md5_dup
53e04162e43f20a29e3d7a9327eb2c69,954732,A Race with Death,1,exact_poster_md5_dup
f01e49efe65ee8274d33d472030df4e5,1456954,Behind The Screen,0,exact_poster_md5_dup
f01e49efe65ee8274d33d472030df4e5,1192817,untitled,1,exact_poster_md5_dup
f01e49efe65ee8274d33d472030df4e5,1258187,Godspeed,0,exact_poster_md5_dup
f01e49efe65ee8274d33d472030df4e5,1449322,Scent,0,exact_poster_md5_dup
ca812ba3077edb9bc995402a913bf4a3,1548169,Nada,0,exact_poster_md5_dup
ca812ba3077edb9bc995402a913bf4a3,1548192,Break Vision,1,exact_poster_md5_dup
e3a178faafaaee7f82d07104114caa1f,1624503,Epílogo,1,exact_poster_md5_dup
e3a178faafaaee7f82d07104114caa1f,1571727,Epílogo,0,exact_poster_md5_dup
5325a57c3083c9a6554f6206d7488967,431873,The Painting of Horror,1,exact_poster_md5_dup
5325a57c3083c9a6554f6206d7488967,432055,The Kind of Meat You Can't Buy at the Store,0,exact_poster_md5_dup
40724e21aca9fe120986b01fce770f75,705698,The Saint: Fear in Fun Park,0,exact_poster_md5_dup
40724e21aca9fe120986b01fce770f75,542208,The Saint: The Brazilian Connection,1,exact_poster_md5_dup
1fe867ffab3a76c590bb12e6897284b6,832874,Ring,0,exact_poster_md5_dup
1fe867ffab3a76c590bb12e6897284b6,840503,Ring,1,exact_poster_md5_dup
dd265b953444344d71844173991a45cd,919073,Home Run,1,exact_poster_md5_dup
dd265b953444344d71844173991a45cd,919092,Dark City,0,exact_poster_md5_dup
f671359665caa0927d6417399f5d45f5,1114096,The Invited,1,exact_poster_md5_dup
f671359665caa0927d6417399f5d45f5,1532909,The Invited,0,exact_poster_md5_dup
521d583b6b2b275789c42e2fa5e5ef98,270496,The Wrong Train Order,0,exact_poster_md5_dup
521d583b6b2b275789c42e2fa5e5ef98,270500,The Governor's Special,1,exact_poster_md5_dup
521d583b6b2b275789c42e2fa5e5ef98,246953,The Open Track,0,exact_poster_md5_dup
521d583b6b2b275789c42e2fa5e5ef98,952416,The Broken Brake,0,exact_poster_md5_dup
89a9c4b9a1858496451ce2111346be02,810161,Live Bait,0,exact_poster_md5_dup
89a9c4b9a1858496451ce2111346be02,1035187,Bug,0,exact_poster_md5_dup
89a9c4b9a1858496451ce2111346be02,1035188,Incomplete,1,exact_poster_md5_dup
ab1b96668245c78fcafc6facb1de7c74,838630,VINE,1,exact_poster_md5_dup
ab1b96668245c78fcafc6facb1de7c74,835457,Vine Trailer,0,exact_poster_md5_dup
a5ba09148df8fa9d217201111f903440,877165,The Sick Sex Mutants From Space,0,exact_poster_md5_dup
a5ba09148df8fa9d217201111f903440,937663,Lesbian Beasts 5000 AD,1,exact_poster_md5_dup
026588701d5183588ee306968e9555fb,919471,Knockback: 1,1,exact_poster_md5_dup
026588701d5183588ee306968e9555fb,919476,Knockback: 2,0,exact_poster_md5_dup
249cfd402fcb63e2fe7366b9bdf54fb8,1060618,Stalker,0,exact_poster_md5_dup
249cfd402fcb63e2fe7366b9bdf54fb8,1059922,Stalker,1,exact_poster_md5_dup
5a90aefbca6db4f5b955d40220948e16,1242989,The Plot to Kill Stalin,1,exact_poster_md5_dup
5a90aefbca6db4f5b955d40220948e16,1243003,The Greer Case,0,exact_poster_md5_dup
b5fa8a9c2057e44c4f9f85f3b0163870,1257523,Hobonichi no Kaidan: Vol 1,1,exact_poster_md5_dup
b5fa8a9c2057e44c4f9f85f3b0163870,1257528,Hobonichi no Kaidan: Vol 2,0,exact_poster_md5_dup
e5a1b2059c6458e0229dac3e58e721b8,1562177,28 Days Later: The Aftermath – Stage 1: Development,0,exact_poster_md5_dup
e5a1b2059c6458e0229dac3e58e721b8,1562178,28 Days Later: The Aftermath – Stage 3: Decimation (29 to 32 Days Later),1,exact_poster_md5_dup
32c8092d4d83b2e529d8f993bcc53eef,89463,Perry Mason: The Case of the Sinister Spirit,0,exact_poster_md5_dup
32c8092d4d83b2e529d8f993bcc53eef,225577,Perry Mason: The Case of the Murdered Madam,1,exact_poster_md5_dup
32f915d43232e7ef14f9dff691205a11,833559,Der Masuren-Krimi - Fangschuss,1,exact_poster_md5_dup
32f915d43232e7ef14f9dff691205a11,831541,Der Masuren-Krimi - Fryderyks Erbe,0,exact_poster_md5_dup
6445e0ad47b4d187934603886b9dc1af,1548185,"Fake Documentary ""Q"": September 23, 2023 Live Streaming",0,exact_poster_md5_dup
6445e0ad47b4d187934603886b9dc1af,1548140,Fake Documentary “Q”: Last Countdown,0,exact_poster_md5_dup
6445e0ad47b4d187934603886b9dc1af,1548141,Fake Documentary “Q”: Film Inferno,1,exact_poster_md5_dup
56dd1a6207b08712a3d334a21abd4729,1709909,One Man's Trash,0,exact_poster_md5_dup
56dd1a6207b08712a3d334a21abd4729,1736408,One Man's Trash,1,exact_poster_md5_dup
86be9b6ce731fd39a84a676de7339b7e,153730,Scary True Stories,0,exact_poster_md5_dup
86be9b6ce731fd39a84a676de7339b7e,353154,Scary True Stories: Night Two,1,exact_poster_md5_dup
e0dbe6660c3b3bec70b2995859b002f4,229088,Perry Mason: The Case of the Poisoned Pen,1,exact_poster_md5_dup
e0dbe6660c3b3bec70b2995859b002f4,229102,Perry Mason: The Case of the Desperate Deception,0,exact_poster_md5_dup
e12041c67bce304dec7a13ee30a63cee,1550051,So Soon to Die,1,exact_poster_md5_dup
e12041c67bce304dec7a13ee30a63cee,1550066,The Star Wagon,0,exact_poster_md5_dup
d376bd83ba17340614cc1f44d127bf80,144686,The Lift,1,exact_poster_md5_dup
d376bd83ba17340614cc1f44d127bf80,353893,Perfect Alibi,0,exact_poster_md5_dup
aad98f6e96ed1a1e01b1630bd9b2b729,1367993,Cinque Storie Inquietanti: Scacco Matto,0,exact_poster_md5_dup
aad98f6e96ed1a1e01b1630bd9b2b729,1368011,Cinque Storie Inquietanti: La Zampa del Gatto,0,exact_poster_md5_dup
aad98f6e96ed1a1e01b1630bd9b2b729,1368023,Cinque Storie Inquietanti: La Ragazza con gli Occhiali Neri,0,exact_poster_md5_dup
aad98f6e96ed1a1e01b1630bd9b2b729,1364471,Cinque Storie Inquietanti: La Parete della Stanza Accanto,1,exact_poster_md5_dup
aad98f6e96ed1a1e01b1630bd9b2b729,1364473,Cinque Storie Inquietanti: Il Treno delle Cinque,0,exact_poster_md5_dup
caa1dec35410339c49dc3758c7f42b74,1487502,The Test,1,exact_poster_md5_dup
caa1dec35410339c49dc3758c7f42b74,1487435,Th,0,exact_poster_md5_dup
da047c8815b9eb6c130358a0e9370cd3,1503684,me equi,0,exact_poster_md5_dup
da047c8815b9eb6c130358a0e9370cd3,1503778,Ecos del Subconsciente,1,exact_poster_md5_dup
8fddcf73adaeaa39f687c2d633bd88b2,949114,The Plot at the Railroad Cut,0,exact_poster_md5_dup
8fddcf73adaeaa39f687c2d633bd88b2,949127,The Girl at the Throttle,0,exact_poster_md5_dup
8fddcf73adaeaa39f687c2d633bd88b2,947319,The Death Train,1,exact_poster_md5_dup
ca2b144c6e0d9b48424a2a59010e8caf,1265613,Monkeys,1,exact_poster_md5_dup
ca2b144c6e0d9b48424a2a59010e8caf,1265625,Monkeys 2: Fight the Future,0,exact_poster_md5_dup
c7e60c908417640175f1427cc1b23d96,1291362,El Padrastro,0,exact_poster_md5_dup
c7e60c908417640175f1427cc1b23d96,1144861,The Skin,1,exact_poster_md5_dup
ca74220f3f8da47be50d3bd1577a88e9,1449517,A Lenda do Homem Pássaro,0,exact_poster_md5_dup
ca74220f3f8da47be50d3bd1577a88e9,1449610,A Lenda do Homem Pássaro,1,exact_poster_md5_dup
c872e39c383e073a22a33ae2fa24048c,1457097,Tre Casi per Laura C: L'Amore Uccide,1,exact_poster_md5_dup
c872e39c383e073a22a33ae2fa24048c,1457447,Tre Casi per Laura C: Dopo la Sentenza,0,exact_poster_md5_dup
c872e39c383e073a22a33ae2fa24048c,1457448,Tre Casi per Laura C: Il Signore delle Anime,0,exact_poster_md5_dup
95df898df3b62f0db050b90cd7a1bf59,1477274,I.A.gua,1,exact_poster_md5_dup
95df898df3b62f0db050b90cd7a1bf59,1495049,WA.I.ter,0,exact_poster_md5_dup
bb5fe2b9708f2836cd89685029dacbe7,1666611,Test 1,0,exact_poster_md5_dup
bb5fe2b9708f2836cd89685029dacbe7,1666915,HOUBERT,1,exact_poster_md5_dup
74377c29830fe7587d7fe21682a71877,918768,Sheila Scorned,1,exact_poster_md5_dup
74377c29830fe7587d7fe21682a71877,919335,Cowboy Kill Club,0,exact_poster_md5_dup
cd4a0f78efe3db7cb0bb52219d497fa4,1012014,Terrore,0,exact_poster_md5_dup
cd4a0f78efe3db7cb0bb52219d497fa4,1011064,The Drujes,1,exact_poster_md5_dup
f96a3d2f18c9301c1eeb4ba77fc03699,732231,Castle Ghosts of England,1,exact_poster_md5_dup
f96a3d2f18c9301c1eeb4ba77fc03699,732232,Castle Ghosts of Ireland,0,exact_poster_md5_dup
f96a3d2f18c9301c1eeb4ba77fc03699,732234,Castle Ghosts of Wales,0,exact_poster_md5_dup
b855a30be20384f242c839aed660f55b,1246156,Galaxy Special Investigation Elysion Part 1,0,exact_poster_md5_dup
b855a30be20384f242c839aed660f55b,1246167,Galaxy Special Investigation Elysion Part 2,1,exact_poster_md5_dup
6c8a7d3b1482d7f1d1bbc0703f3a5cd4,1319746,1st Annual Mystery Science Theater 3000 Summer Blockbuster Review,0,exact_poster_md5_dup
6c8a7d3b1482d7f1d1bbc0703f3a5cd4,1319748,2nd Annual Mystery Science Theater 3000 Summer Blockbuster Review,1,exact_poster_md5_dup
d9879fcb3d78701845d170c6e4eced85,1530218,Illusions,0,exact_poster_md5_dup
d9879fcb3d78701845d170c6e4eced85,1530222,Illusions,1,exact_poster_md5_dup
19a38bf3ee086a53df618d2727bc82f5,1743315,KNOCKER.mov,1,exact_poster_md5_dup
19a38bf3ee086a53df618d2727bc82f5,1743342,DELETE,0,exact_poster_md5_dup
1b704d3c2d3a6c82710826fb4f549e11,97073,Perry Mason: The Case of the Skin-Deep Scandal,1,exact_poster_md5_dup
1b704d3c2d3a6c82710826fb4f549e11,85755,Perry Mason: The Case of the Heartbroken Bride,0,exact_poster_md5_dup
d125cb855207bde1d36369c96ddb9034,1736276,Nasty,0,exact_poster_md5_dup
d125cb855207bde1d36369c96ddb9034,1736284,Blow the Shit Away,1,exact_poster_md5_dup
25de527be1928e7ea76588282d1c0e1a,226675,Perry Mason: The Case of the Grimacing Governor,1,exact_poster_md5_dup
25de527be1928e7ea76588282d1c0e1a,226679,Perry Mason: The Case of the Jealous Jokester,0,exact_poster_md5_dup
6cd3cf429f9eee33323c942168c43718,502613,M Is for Manure,1,exact_poster_md5_dup
6cd3cf429f9eee33323c942168c43718,408054,M is for Marble,0,exact_poster_md5_dup
21c41fcaed8854aca00244bf46a997a1,685646,Visions of 'The Happening',1,exact_poster_md5_dup
21c41fcaed8854aca00244bf46a997a1,685649,The Happening: A Day for Night,0,exact_poster_md5_dup
8b0e37ebb0c04cba5a17cefaaeb5ba22,1395126,Gehacktes : Episode 1,0,exact_poster_md5_dup
8b0e37ebb0c04cba5a17cefaaeb5ba22,1395127,Gehacktes: Episode 2,1,exact_poster_md5_dup
cfccad926a563788eeecb0320fc96ef7,80809,Perry Mason Returns,1,exact_poster_md5_dup
cfccad926a563788eeecb0320fc96ef7,226686,Perry Mason: The Case of the Notorious Nun,0,exact_poster_md5_dup
e408e083b72d7eada4759713cd441a70,1227144,Tanaka to Jumonmono to Kaidan to Dai 1-kai Zenpen,1,exact_poster_md5_dup
e408e083b72d7eada4759713cd441a70,1227152,Tanaka to Jumonmono to Kaidan to Dai 1-kai Kōhen,0,exact_poster_md5_dup
87959304dfbbdd599bfed34485378b2a,1518320,The Mysterious Bond Case,0,exact_poster_md5_dup
87959304dfbbdd599bfed34485378b2a,1518323,A Cry at Midnight,1,exact_poster_md5_dup
