id,title,file_path,vote_average,vote_count,height
7180,RISEN,/mULRjy8rGqZx9Ql5TTKV4inH9If.jpg,0.166,1,1440
7180,RISEN,/vX3uVYYG1YMbZijRoaFSXtNuIO2.jpg,0,0,0
13276,Deadwater,/tvF4dx3coDHCJrcn0nM38X663fH.jpg,0,0,2161
13276,Deadwater,/1563LI6bmrzyXaGbbwTkAjpR0qA.jpg,0,0,900
15057,The Evil Woods,/ppMNj9IAzEjQsQCjBloHo9qf6yJ.jpg,0,0,750
20321,Doctor Sleep,/eBRcmhQakzeYPU6AWLP1DtAoLtC.jpg,3.334,1,1500
20321,Doctor Sleep,/bWb7wrpWygWFEFlkkwU4cUTfE7V.jpg,0,0,852
20321,Doctor Sleep,/mUp3SkA4U9biBUx95XkF4RI0jpk.jpg,0,0,750
26208,Credo,/zujrGZqzrXe8DVCZyig07O03Edz.jpg,3.334,1,1500
26208,Credo,/uyBYb0e9cBQv4uJVIAIqYjIJ2qM.jpg,1.75,2,2400
28930,Live Evil,/fZCS2BHwPhzeTDQKnflUzHPIcHv.jpg,3.334,0,1500
29214,Echoes,/kTAqXw80XokVrYHehoW01zt2HP3.jpg,3.334,1,1650
29214,Echoes,/x7ksDA8Z5iQE4I2g3DLIBfUyu7h.jpg,3.334,1,750
29214,Echoes,/mjM0EpHEgXVwGnd5fhBXpTkxOzU.jpg,0.166,1,889
29899,Claustrophobia,/3vUeGjpPrEbllgm1EK68Y5hJNf4.jpg,0,0,1000
29899,Claustrophobia,/gNyLGFOTMvRwbGkrLuFiLAAfHhD.jpg,0,0,750
30030,Eyes Are Upon You,/4nsQ3qGeP6xCllI2RDQBPstdtdP.jpg,0,0,1218
35949,Jennifer's Shadow,/emw0TaUE0jyaSuZQw2u0A3L4RMw.jpg,0,0,2100
36965,Infection,/6mEmhon5P1UfKOHGn07z8zlbeK1.jpg,1.75,2,1500
36965,Infection,/6iX2M7APQTXtptwkZ193QOsYfaX.jpg,0.166,2,1440
36965,Infection,/zLoAaUcg07sWFK1e4qtgGvqvHr3.jpg,0,0,1500
36965,Infection,/vC8BHTBVpCTDfkraxxydRnZvH1X.jpg,0,0,1440
37687,3 A.M.,/5xrbnulJKpxtD2pCN1cdN0TXrMn.jpg,0,0,750
40338,Naked Massacre,/xEB7kJI7Fh9lNRhROpN9mNxrw2K.jpg,3.334,1,2639
40338,Naked Massacre,/pDjnmgEXxzeiQiGGxT7oA0gEHtx.jpg,3.334,1,1956
40338,Naked Massacre,/ok7WHby5ATCRjil9amoiblWZMNA.jpg,3.334,1,1867
40338,Naked Massacre,/eXE7aKB0EokJlrt4sm0MhT86htQ.jpg,3.334,1,1808
40338,Naked Massacre,/hvvrFwDABKfVFNrOZBGOk2cQcQ1.jpg,2.542,4,1500
45511,Teacher's Pet,/6tP0SNBPUWEFd4dz77p4JH2S574.jpg,3.334,1,3000
45511,Teacher's Pet,/rQp1gPdjPoUPTWZmnrrXpVZkt0G.jpg,1.75,2,1500
45511,Teacher's Pet,/9NCZNJFEq8FuoXOx9R0yXT7s1XP.jpg,0.166,1,1500
47431,To Make a Killing,/3V9jxF3ZHE3KLSyU6QytBo4NPaE.jpg,3.334,1,1500
47431,To Make a Killing,/8d86V178Rt2jKz9iirslBinnUL7.jpg,0.166,1,1440
47431,To Make a Killing,/1qQ3tiBTDTLSMzEk0X6NVfdacoL.jpg,0.166,1,1080
47431,To Make a Killing,/o3SPVBBveLB6MgDLwUzEFR8r9T.jpg,0,1,1226
48808,Closet Space,/1iXF33dWixSj6Q0hRIN1NYaFnvi.jpg,0,0,995
50604,Dark Woods,/5KjHJKWsfwssN1YCPo7u4Tl4l2x.jpg,0,0,750
51176,Hellborn,/j67a01b7pSRKD5JMDBzqUYaOLj2.jpg,3.334,2,1500
51176,Hellborn,/u5VdDoyXLuMSA193Jalh03FfrD3.jpg,3.334,1,1854
51176,Hellborn,/r0KUoGBEO0sWxTr9hhLf78tXtDg.jpg,1.75,2,1500
51176,Hellborn,/qYWqTmqWEBdIsGFcWU2k73Rj0MX.jpg,0,0,1333
56383,"Lisa, Lisa",/fj2PR0EnAakr9F0VhUe2uwESmII.jpg,7.19,7,1500
56383,"Lisa, Lisa",/2eXHfCuzBlUvceOQHD8gXzWW7XZ.jpg,5.786,7,1440
56383,"Lisa, Lisa",/cajXHMaotEMAKLz8HpRsPXx8yCr.jpg,5.25,8,900
56383,"Lisa, Lisa",/1j7yOD5A6rvBthWHgwwZNniS8AW.jpg,3.334,1,1500
56383,"Lisa, Lisa",/rV6Irmd9RD0HZXhD7H8ucZceo3V.jpg,1.75,6,1296
58796,Canes,/9tq55sjFuJ2NNt0IPrigFKSJ0u6.jpg,3.334,1,1500
58796,Canes,/tXLja1NrO5XP02UlDzer9sYGZSs.jpg,0.166,1,1500
58796,Canes,/7lsUOQzB8DzCUFRG9uibGJ7Hj2y.jpg,0.166,1,1440
58796,Canes,/5xCEKaeX0TBNDmXqFlJHA1kKYPG.jpg,0,0,1075
64623,Vendetta,/3kL2yacKNzPZ6IrxFI8dHJqu6lx.jpg,0,0,0
69117,Unseen Evil 2,/p13XVpFphqj2Dc92ZRUeYdKBWAf.jpg,0,0,750
69142,The Wrath,/i58d2YSlyrN8yWjncS3UQEqZSCm.jpg,3.334,1,1416
69142,The Wrath,/oeohKveamqYsnjqC5wn0aIXI4hT.jpg,3.334,1,750
69142,The Wrath,/ciVxIxEBWr14uNl5nLbjKux8QSj.jpg,3.334,1,750
69142,The Wrath,/gp2Zfza1j955qUU6iyDDdDsJk1H.jpg,0.166,1,750
71234,Greed,/iMraYCxCyB4s0IwlLkPtxrbSt2v.jpg,0,0,1500
72654,Parents,/xxI1XYYXrzTRaTaog1tjE7scC6J.jpg,3.334,1,1050
72654,Parents,/6cSYVV21o7T1iMclovdKqnLqy2d.jpg,0,0,1920
74650,Fantasmi,/vKMfMV1vPsRTiM4YQk603rMTdMh.jpg,0,0,750
74650,Fantasmi,/8ykbl5Ax5LRg5UjJu2vlmngXjmg.jpg,0,0,750
76659,Beautiful Swordswomen: Double Seppuku,/nVYUiszbH7MvhD3pHPnkKbUKtfS.jpg,3.334,1,906
76659,Beautiful Swordswomen: Double Seppuku,/bLXl3iBAUoDAVK7z3m8kXd7AAye.jpg,0,0,750
80528,The Darkening,/wicP7cM37z3uhNdV5SwoPBZfib6.jpg,3.334,1,1500
81489,Carnivorous,/uJw5Tb7oCoBoalWKfvTxwt9zVZE.jpg,0,0,900
82828,Melancholia,/vmXW0lTUEkjpLdOuzZ06kyTca4T.jpg,0,0,0
82972,Curio,/fLD3a9bc24ioDcPb2VVwat9HO00.jpg,3.334,1,1600
82972,Curio,/pFupZQWYGKBaMg9dZhcfj88BZ4A.jpg,0,0,750
83833,Nostrum,/y33jBhkZAX8hw5WYwze44WCT2CE.jpg,0,0,1500
84233,Don't Hang Up,/1vVhbo2yoVdoxIdkQWPifQtYfaN.jpg,3.334,1,1600
84233,Don't Hang Up,/fccbAyx3DcSHwlR6iwEfwVFhvyD.jpg,2.278,3,1500
84233,Don't Hang Up,/tV4nKWtWBcoxckaEqMawSUSUSCs.jpg,1.75,4,1500
84233,Don't Hang Up,/Ap5Eg4tn2hSveoQfNoeswL8NBri.jpg,1.75,2,2000
84233,Don't Hang Up,/hmMO6JPOrdf63n3emcaeRwb6h6z.jpg,1.434,5,1440
92312,Django the Bastard,/gtzylsOLaSkMGZDBiFb5PGbrT9A.jpg,3.334,2,1500
92312,Django the Bastard,/kCLooHddDxzBnNPfYnJzzeAa560.jpg,3.334,2,1500
92312,Django the Bastard,/lM9kTdGGSOTkSIHLbXX0SeZRQGr.jpg,3.334,1,1544
92312,Django the Bastard,/mEgACOh9FGP9g9XoAp8T4kYVK96.jpg,3.334,1,1426
92312,Django the Bastard,/t3BEghEMWpCYuvNxVJc0QPXjqGa.jpg,0.166,1,1000
95008,Scream... and Die!,/pKdkR0xy0BW9yphKRCzwimWHWUE.jpg,3.334,2,1000
95008,Scream... and Die!,/46XK9HCl6n9P6QEbp6MqIAgEzOr.jpg,3.334,1,1500
95008,Scream... and Die!,/aio85fbghDTwnL0NUrWGmsFKp9n.jpg,1.75,4,3000
95008,Scream... and Die!,/lASZNs0GbkObV1ErUhzwgfIpNj9.jpg,1.75,4,750
95008,Scream... and Die!,/4hZYGJrcmwMNK48A0VQWKI4W4zC.jpg,1.75,2,1000
100467,The Hand That Feeds the Dead,/wijtfpys0hHRi9ZGSYh7T3aJxCt.jpg,3.334,1,915
100467,The Hand That Feeds the Dead,/xoE8nwmet7eQMQRTZ2rRJQmMJ86.jpg,1.75,2,1522
101730,Henge,/6lWQjl6cQwBT8lF0a5g52S6n2lb.jpg,0,0,1600
101730,Henge,/g1273UI7b05AxfIifNoW17oX5cf.jpg,0,0,750
102762,Awakening,/jUvlPAF8vCYtkmpus3LvwsQGwwd.jpg,0,0,1177
109703,Cadaver Bay,/nzADzqDkgkilCPaQf1sNsR4X2cB.jpg,0,0,3000
109707,Flora,/mgHbHHaclA8YfPvQBi6wRb8q1EY.jpg,3.334,2,825
109707,Flora,/j6mXoaE3s3ky1kldjBVnnz6gZac.jpg,2.542,4,1007
109707,Flora,/viCVRUXEeSh3Xa9nwamgNTRynxQ.jpg,1.222,3,1500
109707,Flora,/3YDHzKDQCOhZD0zmkl9WgbStNM4.jpg,1.222,3,825
109707,Flora,/jgofwLTLMVt2Xp4aPSqly7Nnmm6.jpg,0.166,3,1416
110772,Stille Nacht IV: Can't Go Wrong Without You,/cgQCJZaVoeCkdt13eh9ot8acZqd.jpg,0,0,750
110772,Stille Nacht IV: Can't Go Wrong Without You,/furozn9qtWgCrXHcywYGXHgeTuc.jpg,0,0,750
110772,Stille Nacht IV: Can't Go Wrong Without You,/1CHe4IOSHYoZzb7oV7eh4lVUH1x.jpg,0,0,750
122742,El asesino del parking,/gEi29ztmZ5G8qvDn5MdYwYd4tpC.jpg,0.166,1,960
124046,B.O.R.N.,/trUBdVKkA3K2G1czud2hejVlYGl.jpg,3.334,1,1590
124046,B.O.R.N.,/eP4EzCF17EEerXMQGCPlqHtdYAV.jpg,0,0,750
125294,Rough Draft,/eYgvetyNQK3paZqZ1UvPjbvRuHy.jpg,3.334,2,1500
125294,Rough Draft,/w46brjapQYaZon6GHtiVeehmJ4T.jpg,3.334,2,1500
128655,Haunted High,/vvBldMlCmq7WDI6eoWIHSAe1JfE.jpg,3.334,1,1440
128655,Haunted High,/ajyIf0vd4yxtC8l1bbwIbi16BKm.jpg,0,1,1920
128655,Haunted High,/ifZy0E6ulw73yb2pbkaKiQAr07T.jpg,0,0,1500
131575,Fear Has 1000 Eyes,/vwz6fTY8YFkouYjeTMJY9l4pEwq.jpg,3.334,1,1200
131575,Fear Has 1000 Eyes,/z3lzHWlGRs5pD3qgDlIDtFAMojH.jpg,1.75,2,1019
131815,The Sea Serpent,/u04cvzPQTmz60zxTbXFCgPH3ncO.jpg,3.334,1,750
135973,Pennhurst,/mFjoBkzeDbBmxM8jVfYcHOmmIac.jpg,3.334,1,1440
135973,Pennhurst,/nB5XpTMsO6ukDV0vzjseM45sKFa.jpg,0.166,1,1000
144839,Evil Stalks This House,/e79AoyQhHzuzFR4yPY5ewQqhAFp.jpg,3.334,1,1522
144839,Evil Stalks This House,/62F7aEOKyqmfkDtG4fN9YZasGsY.jpg,0,0,750
144909,Charm,/pS9d7Qz5IjbOzJr1XJPNhuaUm4r.jpg,0,0,1500
163543,Shelf Life,/mCwnXpiPIyCMeWnIGVzsdRs6PqW.jpg,3.334,1,1500
163543,Shelf Life,/75jaF5REzdTuGUTs4fZoNkk0iHZ.jpg,0.166,1,900
164423,Ghost of the Needle,/1LS2hvSXLx7T8CWUgpcUwwBHC46.jpg,0,0,0
192252,The Princess and Toxicant,/es37DEHY8Kx6SxXZrwGdhnKvVLe.jpg,3.334,1,1170
192573,Zapatlela,/w4GMCJhPbrJN681t6UiaoQgsxo7.jpg,0,0,0
200377,The Evolution of Snuff,/8o6H3httwOtAWQPOIXHm9qUKKbd.jpg,0,0,810
200672,Torro. Torro. Torro!,/3sCzrtgWaimNKVXk9FHRPx0Q2I4.jpg,0,0,750
200803,Altered Species,/1ki6TnBxlKG81ZbaXvaxEa7BXcK.jpg,5.238,0,1440
200803,Altered Species,/18zduK9buWIrOjTaZeE5xc91uUE.jpg,0,0,1500
200803,Altered Species,/93mzxkyy5kaDM1fXXTL2f7yWdHv.jpg,0,0,1440
204611,The McPherson Tape,/Ap6zknBoIHaioieVfOLd5qaWd4X.jpg,3.334,1,1500
204611,The McPherson Tape,/7HT0pnqdIejrjciSnYDvVGL4rXB.jpg,3.334,1,1500
204611,The McPherson Tape,/g65RZ82jaxwDkVWBK1Dfs90rE80.jpg,2.278,3,1500
204611,The McPherson Tape,/eaXUved6yrQw98nzoyoNi9mETpE.jpg,0,0,1500
204611,The McPherson Tape,/4P1pxi5BVMoj7xn80RwSBkPYvSO.jpg,0,0,843
208703,Rufus,/aL7Lqv1iyZ6HAulWDjJvhwJNeIA.jpg,3.334,1,750
208703,Rufus,/4HaHva32h3bZ7UfbQmOhzbGJ0Gb.jpg,1.75,2,1950
208703,Rufus,/uyC6GVVk4VW2OQ2LaVzJZn4yjR2.jpg,0,0,1950
208703,Rufus,/hNtN4JIFwCRTauHvYkvIsuFgm08.jpg,0,0,1200
210587,Yellow,/3olg9GQuC7xtym6H1gEVHznm8ee.jpg,3.334,1,1500
210587,Yellow,/cH0uNpmMUdg9Nu8J4qFRtsTSdFc.jpg,0.166,1,1867
210734,Battlefield Death Tales,/z453yQUIEXI5mG695ZfeEMkDZnx.jpg,0,0,1500
214680,Convergence,/b15UobERIODyWwjuIGVRKLBLBkO.jpg,3.334,1,1440
215280,Billy Badd,/zJwP5epnNOuna569g2fI9QZeeJ1.jpg,0,0,750
216139,Burned at the Stake,/qmMaHJxlcOG7ZByHbO3DPR2KUVD.jpg,0,0,2700
216139,Burned at the Stake,/pkIqyBH9snYlgO5p74rZOqnVdYB.jpg,0,0,2250
216139,Burned at the Stake,/ilNuzMpeK5oWcylIfc5qtDc9nXa.jpg,0,0,1500
216139,Burned at the Stake,/5OZ4xqffLbksRdUMXulvnp0g7Na.jpg,0,0,800
216139,Burned at the Stake,/3Bf7YXI9d8cCjMznG71lN62tmqQ.jpg,0,0,750
217903,El virus del poder,/wnx0OxIJiWfChDJ2GuGsKqk4RWS.jpg,0,0,0
219961,Sonata,/A1C6UkDJudXNeTRjB33J9iJASQg.jpg,0,0,0
223281,The Unspeakable,/k3QdOgPjhJsjbd4xjM96gGzPcxr.jpg,0,0,1500
223281,The Unspeakable,/ApCMWR2jg45lZTGMjN2JIpIwePj.jpg,0,0,857
223344,Maxie,/b8oVCFTxDwF2m5CQwgqzdpppkIp.jpg,3.334,1,1050
226023,The Men Who Fell,/qUnmfvrrmn1BFcc7KkXyzwwRrHi.jpg,0,0,750
227433,Hong-Do Mirror,/tFyHHxAMmwA76jTb9YRQoocFRmw.jpg,0,0,2560
227433,Hong-Do Mirror,/kOUieBvzEb10n6nFA4HjfZ6WZag.jpg,0,0,1200
244305,The Ice House,/tnaaNtJ6x9Es6nErSIoK9Y5izI2.jpg,3.334,1,2909
244305,The Ice House,/x0SzhzlHaOL0oJXo0NkXjPpF9aN.jpg,3.334,1,1563
250172,Martyris,/xBJo7IqWXlStHudpHTFXlSsZG5s.jpg,0,0,1200
250788,Savage Encounter,/fyHhjGJkTYCIIoRFM1v0YvuW50Q.jpg,0,0,750
250788,Savage Encounter,/4Y2Kmg6NLLy4KX9egc5D4Zb2O5I.jpg,0,0,750
251526,The Mutagen,/ezpSbTs0epele0tkVKSRkhS7mco.jpg,0,0,750
254701,The Mask of Love,/laWI93XRbbI2qEnAFPETLUkNwD5.jpg,0,0,750
257275,The Night Comes Too Soon,/5cbhJNkBnonH6qJQgMDyc2qf0Eb.jpg,3.334,1,750
257275,The Night Comes Too Soon,/o6fjBFJ4SVonfHMcH6cZnEUhtkq.jpg,0.166,1,1440
257275,The Night Comes Too Soon,/rweShW7qbgcYzrCFgLMTlWoBjFp.jpg,0.166,1,750
258726,The Game,/cdyvTnRAOxVbQfRtV7pT6rhzHkK.jpg,3.334,2,1500
258726,The Game,/e0p03Vy5V76xkFUCGnTTCzRm3Dy.jpg,1.75,2,813
258726,The Game,/4i7VaKbVaZImYmokFSD05KQTo1v.jpg,0.166,1,813
259828,Bloodless,/474HmunD3keIwtapMuRdTKB2pPF.jpg,0,0,900
260824,Under Surveillance,/kdgMFG1sY3oXPDoYelHCgKa8qqP.jpg,3.334,1,900
262919,Catacombs,/jaMF5hgc9U11vrbVEdFmsHA2nVJ.jpg,3.334,1,1500
262919,Catacombs,/yvcA2W1NatlB3EscX8ARShCnZ8J.jpg,2.278,3,1440
262919,Catacombs,/4XCKGjc7prSSij4WmV5pKkmwfRe.jpg,2.278,3,1440
262919,Catacombs,/gqbuXMErRMrmRc55m35Y10WCmtZ.jpg,1.222,3,1440
265321,A Shred Of Mist,/1cy71eeNjdhbTZSVkOa24fsAHyQ.jpg,0,0,1000
272100,Supernatural,/zlIocb3R6e0DwXucHNMhHEBThrS.jpg,3.334,1,1200
272100,Supernatural,/jCMZ4RfPmZYCjdanXNxRwDCdYbi.jpg,1.75,2,2245
272100,Supernatural,/53KU5vgHQtjh5xwFqbRmDUVZYqj.jpg,1.75,2,1500
272100,Supernatural,/u56mJuKMXK9adQYv1PxZlo8r1mi.jpg,1.75,2,1224
272100,Supernatural,/qKQ5i3uzBQpy9dWfx6gWV29XA48.jpg,0.166,1,1051
273418,Killer Dead,/mYuEWRvrxGKHGPzdxXY00rGRJHC.jpg,0,0,850
275203,Locked in a Room,/jdlC72Q6uD5ZaowkxUYpjxYwaKp.jpg,0,0,1600
275203,Locked in a Room,/qCVl8zow8BuYhPrIeXExTnGE7pm.jpg,0,0,750
276692,Natural Selection,/kmK64pGj3qJov5PHzA5wlcy1KNG.jpg,0,0,750
277506,Invicta,/kaGpoLrYh8EOVu16zJA7iiwXSPw.jpg,0,0,1080
280928,A Chilling Cosplay,/o9ROr30gNeL8dRWZSMwyvR9SWw7.jpg,0,0,1000
286681,Vayanadan Thampan,/342UTLrU2GF2gCkDGfBKbj5R6Hn.jpg,0,0,0
289476,Kill Me Tomorrow,/dnLLx5mJ536VEH6YgnFUNAlyJiP.jpg,0,0,0
290696,Dysmorphia,/o06KZiy9YO6zod6UomN9OF9arg3.jpg,0,0,2232
290696,Dysmorphia,/2ljxAHBIQKNBgSuLGamPwPKGYBU.jpg,0,0,2048
290696,Dysmorphia,/mzphRpi9mQVYUNxGkYYHiaM4Qii.jpg,0,0,1500
290696,Dysmorphia,/squ5018FILEPRPMll9i3JmyaHrU.jpg,0,0,1500
290696,Dysmorphia,/cBt6WsFifGCzxYWATsHE44GX1gs.jpg,0,0,1500
290732,VIViD,/rRe20MjzhWKVBZMUolgpkEiq4ym.jpg,0,0,1600
290732,VIViD,/bFMzsjoHEWUedYacdwo5wHQMEVq.jpg,0,0,1350
290732,VIViD,/hsYfodeQLTPa9YyomOOkga8JHkL.jpg,0,0,1268
290732,VIViD,/VirWpx8UbFlKk2LuUIPJrCcBbn.jpg,0,0,1177
290732,VIViD,/j9Cz9QLGZAPgkLOwhMVs3gjmaNg.jpg,0,0,750
292227,Night is the Time For Killing,/jGdLkoAHk3gZgUWziYAY39FZNmo.jpg,0,0,1681
292227,Night is the Time For Killing,/mqkxympXKa2gsHfQ6KCRPY8Ts92.jpg,0,0,769
294488,Maniac Too!,/uwWcnJvOi3e6y3n1kv6pt0GP9lQ.jpg,0,0,1037
299637,Masseur’s Curse,/3KKesffizAlw4IavqAeXshaorzE.jpg,0,0,1920
299637,Masseur’s Curse,/pH2r170zmYOajkLOHNEuPL6wmVP.jpg,0,0,1500
300817,Graves & Bones,/cXnLR3frbI1ZrEuy2j7Ub7xic0.jpg,0,0,2880
302038,An Erotic Tale of Ms. Dracula,/fGfx64kW8Nf4yoav4xUZVTxlVUu.jpg,3.334,2,2560
302038,An Erotic Tale of Ms. Dracula,/nBrYeXLAdqlH30CO2VpMTXgXeTk.jpg,3.334,1,1044
302038,An Erotic Tale of Ms. Dracula,/rrZ4NBhe9auBM4FB02t51koz4Xq.jpg,3.334,1,1000
302512,Awaken the Devil,/uducCd6iOb5eBaQm18ouZ6aRlmM.jpg,0,0,1000
303898,Cut Throat,/xNnmuiypUYphkSQRXWAeKDBGfNl.jpg,0,0,1500
303898,Cut Throat,/xtxOdFj4yUZdGMYaTNHaA7VOEaT.jpg,0,0,1500
303898,Cut Throat,/muuGgSWuUSzslDiXjzlvZnwgBvs.jpg,0,0,1024
303898,Cut Throat,/yMnKsyieJkn5ceo7FmLuePCFW6p.jpg,0,0,1024
308135,Cryptid,/wSODkEM8hm952IXZI73mwBVdJmL.jpg,0,0,1500
308421,Somebody's There,/7jV3PYF3sQ2CVRDsIlpUdtNsUUg.jpg,0,0,750
309063,The Ouija Experiment 2: Theatre of Death,/o3VMaDXxXc8VwvvX82sd418HCcx.jpg,5.238,0,3000
309063,The Ouija Experiment 2: Theatre of Death,/oqOvK0nyUCA32qp4xsNONzgMKkR.jpg,3.334,1,1442
309063,The Ouija Experiment 2: Theatre of Death,/58TEIAI3ZITDt1n8R0D8bZLx2FW.jpg,0,0,750
321768,Captive,/fJByYakjLIt9X2pQJtRDqStkMmQ.jpg,0,0,2231
321768,Captive,/Amqdt4zL6wt5StJNxR4blfyMFu8.jpg,0,0,1280
322858,The Third Sex,/snzSFKPWUMFONxYbhivnDkEXnIO.jpg,0,0,750
328939,Cheerleader Camp 2 the Death,/pfvC8rWfo2disdbV6PpdEAwSCm4.jpg,3.334,1,1000
328939,Cheerleader Camp 2 the Death,/ka2rXpuvPURcLmc0pYLIXOI63pY.jpg,0.166,1,750
328939,Cheerleader Camp 2 the Death,/sbrOnyatrFN11VO0EDWtsbYakni.jpg,0,0,1000
328939,Cheerleader Camp 2 the Death,/tbh13oaArRA186ba0FAAYpIrXxl.jpg,0,0,750
328939,Cheerleader Camp 2 the Death,/1QHvGdnH86XQgd40NuTKvwvzaTD.jpg,0,0,750
332689,Playing with Dolls,/c2dgNpCRWc1zlgltuvqjyOuiJfY.jpg,3.334,2,1500
332689,Playing with Dolls,/3ZkvAVrjhaYgdf0T1e8Hcqq3AQE.jpg,3.334,1,1600
332689,Playing with Dolls,/9mTZw5FG99Qnb6KeSZ6clSJ73wm.jpg,0,0,2100
332689,Playing with Dolls,/mOJ9D6QGE1YEXGUdmT8ZZsxCjNx.jpg,0,0,1000
332689,Playing with Dolls,/lxeZApxD3DXtaTpPnGQNMxGGrEn.jpg,0,0,804
336107,Meat the Jones,/rOVg9nIwjwcfNqEdGrfN331D8XT.jpg,3.334,1,1600
336107,Meat the Jones,/yM9rE61bN2kEFTirMyQTdFw0Efn.jpg,0,0,750
347438,Kamara Kattu,/jOrmemeTahRUISXsif2eq4LJUAB.jpg,0,0,750
347855,Curtain,/qVoBlKoBg4xfnBP6lIuozzQPAsi.jpg,0,0,750
354386,Turnover,/yioVDzmwml47SVywSjUZRlpElt4.jpg,0,0,1500
359056,Primordial,/bwXwUdpBsB5rav8ij0cMDsjppNx.jpg,3.334,1,1000
359056,Primordial,/2QKQUDFtL50Cj9IwUu6HnPr7NAU.jpg,1.75,2,2100
359056,Primordial,/sXNzdX5OrJ7sCbjwKbVu9oJhtLq.jpg,0,0,2100
359056,Primordial,/uJSc7YPNVWAdiGMs8dETSbrWtDe.jpg,0,0,2048
362807,Paranoid,/cM7MXLsK2wCBPOaS0Kx4lGF3GwO.jpg,3.334,1,960
366071,Enchiridion,/g4vuzLgXCsQkv81NSuIZGtj3msf.jpg,0,0,1111
373027,Geheimnisvolle Freundinnen,/fRSAhijgMYl8xnYgfEuvkVicVx2.jpg,0,0,0
379100,M is for Merry Christmas,/dQED4TeHOkZ5MXV7ipMRkqkssYO.jpg,0,0,1000
379100,M is for Merry Christmas,/2UyzD2h6buxQeYGcmOZS1RfyXFS.jpg,0,0,1000
382052,Not Alone,/6WJGrYga0zshLeu5QkZ5r4EJadm.jpg,3.334,1,3000
382052,Not Alone,/zGjhBa7e8CJ9ICIb1OWAM58TfkE.jpg,0,0,750
385378,Gemini,/7evAzh0JTESI6xlvXx4LW1kimwt.jpg,3.334,1,1500
385378,Gemini,/bzqJHC48CWmGEJ0CemZ2co9jNSx.jpg,0,0,1500
392051,The Damned Thing,/vbvnKjnH4uDvYcnhe9yb6BOnAXd.jpg,0,0,2506
392051,The Damned Thing,/sBFrsu3rkozZvJTdJMwtbCr0VM2.jpg,0,0,750
398656,Possessed,/yPE1T5O4COQ9nN2iHVLsPctzYqf.jpg,0,0,872
404206,The Music of Jo Hyeja,/1aL2kLtwpFHN59Y5jtE3Yn4gT7D.jpg,3.334,1,763
404713,Downhill,/mhEzwO6HbYwifOoqe5NUIx2YmAT.jpg,3.334,1,3000
406582,Delirium,/pTRhNMh7ndYFVfG4Qhjqgu7WDqb.jpg,3.334,1,750
410464,Wild Things,/5H9I7AXKoUTiK3IADV1R83cRqrh.jpg,0,0,0
412471,Dark Silence,/pBP8eWb66SGbWtDMAMYghrqrJId.jpg,1.75,2,2100
412471,Dark Silence,/pfDZnf75RG3iH61u5lxVZtjlx1T.jpg,0.166,1,1000
412471,Dark Silence,/srXOT7xG2iNczYUUcgVU5F106p1.jpg,0.166,1,900
412471,Dark Silence,/pnZDyaoo9OSm2tAHMqf03z9YNWz.jpg,0,0,2250
412998,Mo,/cY71cdcxk3GWIFrRDnEkUt9ysX6.jpg,0,0,1200
415852,Blood Church,/luXFqlhYSqsF7nihfEd3Uw4olf7.jpg,3.334,1,2220
415852,Blood Church,/zlIa027GbOplbDef65B8dqRKowy.jpg,3.334,1,750
415852,Blood Church,/vWDCeN9dZmGGhpWQAoUv8h28s4u.jpg,0,0,2000
415852,Blood Church,/rwxhhNwTiMqBKQjpc6ymQz65hBm.jpg,0,0,1795
415852,Blood Church,/5c2oIbIoBH8JRb5JFvL2ZQ4Kw1z.jpg,0,0,1717
417180,Vacant House,/jNwRbjsHBDDaYqUOqYUMogRx86R.jpg,0,0,1500
417180,Vacant House,/ewu8e5WyLE91426VmqgQaoePlRI.jpg,0,0,1000
419018,Pearlies,/4yjDIsPfyCmCgErrl4fn9RnJz9u.jpg,0,0,1500
421490,Tall Men,/cnDsdEtR1rGJBMrAuQbzBbzWkqC.jpg,3.334,2,1000
421490,Tall Men,/7UIPssW5B21uBAtQ2mojAJpm7oJ.jpg,3.334,1,1500
421490,Tall Men,/jqRzk8EOLpJgMSpWNNYHNGkYkX6.jpg,3.334,1,1500
421490,Tall Men,/u9xPST0Q0uLgNQ1jbZlOsEObDl6.jpg,0.166,2,1000
421490,Tall Men,/mC7FhsDmkPvCyIBX2FHXDTBlS8R.jpg,0,0,1500
424078,Spirits,/22aTJitI74odsnxVr9uIsuuA55V.jpg,0,0,2231
459220,Shockwave,/csqybkX4q5PcJTkkjmsUpWCdiYU.jpg,0,0,1664
461724,The Spirits of Jupiter,/tViJzQsFKI1X296wq7PzJzOcXOh.jpg,0,0,1600
461724,The Spirits of Jupiter,/n6RU8hnuKE7WuapS5xSjfiKyR5T.jpg,0,0,1500
461724,The Spirits of Jupiter,/73LRallDsuMPYspHJyxffssqK7b.jpg,0,0,1500
465177,Meltdown,/xRtyCI1AcI2igXC0rX2pzm0j1b5.jpg,5.238,0,3000
465177,Meltdown,/zCWdjTlr8P0CvMPjsRoMuSdskNw.jpg,5.238,0,3000
465177,Meltdown,/nLhdYJBGmNzS3FpaH5m5M4R2hsq.jpg,0,0,750
466677,Dead South,/vHnmv1bA0pv7igjlcXJhYMLtEWD.jpg,0,0,2250
466677,Dead South,/tSWIERDkhExNRGhg1rZYm6R8hJX.jpg,0,0,996
477115,Rasathi Varum Naal,/5Sfaq4pa2KjUZUXg5Fk4h7TFAjX.jpg,0,0,1500
477576,DeadThirsty,/eYVtTc9ZUskLSquCFagrpvUoN5d.jpg,0,0,1500
477576,DeadThirsty,/sfPaaniYJTY2Gi8LPyS21FCPx2u.jpg,0,0,1023
477576,DeadThirsty,/yHKu3ntOnRyt8qZdeU35otnviIC.jpg,0,0,750
477576,DeadThirsty,/2Ddo3KwPBP81P1aIcchF4Tl8DOl.jpg,0,0,750
477576,DeadThirsty,/5IvHHunMpvMCLhtUB2nrB6XuVru.jpg,0,0,750
486684,Aux,/6jPaPjzgbSUwfkyJKV4SpzWMJWH.jpg,3.334,1,1600
486684,Aux,/ldLSD7hYtoW13HF59lTJtfFutKe.jpg,1.75,2,1800
486684,Aux,/x9Qx52jUJqECgLWblCvZYuVAE9v.jpg,1.75,2,1800
486684,Aux,/9iIPJLeV1zQwqJonbUbgKazyEhh.jpg,0.166,2,945
486684,Aux,/iNpsmp2jgkOxTBUXlkr1vqEynzD.jpg,0.166,2,945
489454,The Devil's Warehouse,/3z647nj8eUPBRpNZaBvy6W3cJCF.jpg,0,0,998
492535,Darkness Wakes,/2FX9OYyzASYXmwzyKyd7sHDVtpZ.jpg,3.334,1,1440
492535,Darkness Wakes,/cEnon64FdrtoFzhA3VfSBvCwvMU.jpg,1.75,2,1500
492535,Darkness Wakes,/ASqBv56EQBndrW1xW9jLT6bQdU.jpg,0,0,2560
492535,Darkness Wakes,/iGJoXcISd39AgKpJbGvM44teva6.jpg,0,0,1000
492535,Darkness Wakes,/92zuEUzJEvuPTnGCY0BGuXyYxb5.jpg,0,0,789
495015,Post Human: An Event,/9ItbiQKPfVxD7UDlzojmx7j6Jic.jpg,0,0,2231
495015,Post Human: An Event,/oPTUY2akVcjNx9HSyuPPOmKhSTq.jpg,0,0,1500
495015,Post Human: An Event,/1zWAZQfZenHUlLvkC3ojQyT1b8V.jpg,0,0,750
496586,The Call Girls,/wwxySfIEL0TzNMFXuWCvzM559W5.jpg,0,0,1000
502613,M Is for Manure,/7EzEoCRIFNVDwpWRt18xVg1sxrm.jpg,0,0,1024
502613,M Is for Manure,/xJvx567uXfSpLsRfb3Yhtuueh5V.jpg,0,0,1024
526144,Prisoners of the Dead,/3loFRaNrsrvBSaVICYpbtXJd4GB.jpg,0,0,763
527782,Mushroom,/gyueC9h9dkPCmSu5uI9JUcqyrMR.jpg,3.334,1,750
529744,Princess: Voices from Hell,/JHAjSybxVduzcbwzrfymt4chh.jpg,0,0,781
529744,Princess: Voices from Hell,/gig9VBz0jtxU2DPlbEscHq2pEY4.jpg,0,0,750
529744,Princess: Voices from Hell,/7i43LjzlVLNW5K4bqYelNFQrbrf.jpg,0,0,750
531393,Reindeer Games,/39owLICTyBVgXqwkruapLT6tStr.jpg,0,0,750
532813,Sublimate,/Ak9hs6yU4QksKPA2RmBAAwjRq0A.jpg,0,0,999
543901,P.O.E. Pieces of Eldritch (P.O.E. 3),/ifx0vnVrnl5XXLn7phxaXAiXq4i.jpg,3.334,1,750
543901,P.O.E. Pieces of Eldritch (P.O.E. 3),/c098e6tUfrQMFDgBLBpYD5CaC0W.jpg,0.166,1,960
549646,Diggerz: Black Lung Rises,/9FMzuQORECkh8rDHCYbQCWoUySo.jpg,3.334,1,1600
549646,Diggerz: Black Lung Rises,/1Qz3GbFT9Ge0ZIlMJCYw6mt0N95.jpg,0,0,1200
549646,Diggerz: Black Lung Rises,/nb9UxBTLWXkl41BufCUwWUSk7oH.jpg,0,0,1000
549703,Girls Just Wanna Have Blood,/aaNadgdzHvSxGz4o2IB0AsE12nq.jpg,0,0,3000
549703,Girls Just Wanna Have Blood,/2k0XzSVlT4MF3HnuMS85LNCWKsU.jpg,0,0,1000
549703,Girls Just Wanna Have Blood,/edDimCw9QxJjswg0H1WGRywHuwS.jpg,0,0,999
559928,Heaven's War,/wEKHTGJ5Vc8fKPQXQSOd8egLt0w.jpg,3.334,1,800
559928,Heaven's War,/5styoxyGlxoms3QiSxBW6rhTdvf.jpg,0,0,1455
559928,Heaven's War,/zw0vxoh8tFvyHygxV1ANhsRQIO3.jpg,0,0,1000
560038,The Occultist 2: Demons,/nvUUpeR44SeBmlHURKaKziwf1BC.jpg,0,0,1000
561466,Veendum Lisa,/zbQxMuDTRGAa9ZSMMXAx0jJA6ot.jpg,0,0,750
564394,Crypto (Animated Short),/lRdBbwJu6LY5FXP9RdvcNaYyvUU.jpg,0.166,1,1200
567331,The Killing House,/3nYNWeluTlZ7MER9LSdxbYH0Kts.jpg,0,0,2959
567331,The Killing House,/6R0fGcGwlkU6ujNeWNXStyFLMUy.jpg,0,0,948
573966,The Mysterious Uncle Silas,/eZUIGvYJElZbbQ8JSUFbBENocws.jpg,0,0,750
583525,65th,/f30saP9z5ZVJOYfiPV94iB37egS.jpg,3.334,1,1500
583525,65th,/aBSAO587RMHsFOUDfYPoniuLJEo.jpg,0,0,2100
583525,65th,/mWbGzbe4cgaC9FRimoYZY5eIA2S.jpg,0,0,1000
595951,Scare BNB,/1b03sF8mTobgMog1oJkXF8j1gBg.jpg,1.75,2,750
601369,The Way She Used to Be,/x4v3mPNgDDI3RZaL1eR5bdSVG1U.jpg,0.166,0,1500
609616,American Freakshow,/aBQNzx4jr9PraOtglaGR1r8r643.jpg,0,0,1500
609627,A Few Screws Loose,/kdgWhdrf1LKyGf0QltoI4IrE1ZJ.jpg,0,0,1000
618128,Scavenger Hunt,/fCoG2xrGz4KdxeINmKptoH2CPfJ.jpg,0,0,2940
638544,The Vault,/5T1H07gcu8o1SOwMpjD3HBOTWfo.jpg,0,0,987
638544,The Vault,/vmonhc4ZU1hvfE3MJcTyYSCCPnv.jpg,0,0,750
651273,The Pulley by Steven Kwang,/dvVvJeiWwlFCRRHXMYWi1jzvLQf.jpg,0,0,752
651273,The Pulley by Steven Kwang,/axzbceDYHR2Yf4Ffhna5h1bnJRt.jpg,0,0,0
651448,Darkslide,/oqAdz9Xz4yBtsLyNJL70PtXbEoF.jpg,3.334,1,1500
651448,Darkslide,/tBrm4WCJu2Pybdw63qi2hoQtBSl.jpg,3.334,1,1000
657343,The Evil Inside Me,/l3brxESYVpBM0i8QbvmkrDwwX6J.jpg,0,0,750
663240,America the Violent,/sYwCpwKIlMPIZsUoCuQXH5yOgsn.jpg,0,0,750
664168,Fat Ass Zombies,/d2UCD7xwWFKucozkKcKBiCayJC6.jpg,3.334,1,1600
664168,Fat Ass Zombies,/btrers8SNujMJhxjLvjh7AJpN3T.jpg,2.542,4,3000
664168,Fat Ass Zombies,/fXhdcg1xwglgKVNBaAQcPxWwAAN.jpg,2.278,3,1689
664168,Fat Ass Zombies,/rNoqxIsTALd8b9z5whtEfqlDYLB.jpg,1.75,2,999
664168,Fat Ass Zombies,/nm900ydTny1u231XbpblHm6anmj.jpg,0.166,1,2211
678697,Ghosts Who Love Too Much,/kh869R9LSbjqeMTnNyeMlprJjtz.jpg,0,0,906
682779,They Are Here: The Real World of the Poltergeists,/u1pj7A4GRMfWbdbkKYJNkjUKe8c.jpg,0,0,1500
705912,Bottled Vulva: High School Girl Yuriko,/xRARFRFPdYAr0Gi74p63XM8iRxe.jpg,0,0,0
708706,Feed Your Head! Lose Your Head!,/3OQ7PgAkum1AxqZfLjjhbvSVDas.jpg,0,0,1537
709903,Kinder der Nacht 2,/6KUFFnC1jY6HGgSulf9Oey8c6iQ.jpg,0,0,0
719829,Dark:30,/3Ojqjn3moQPKbqwXMyTAPS5tmxB.jpg,0.166,1,750
719829,Dark:30,/9FC6OdOeC7kPpb4E8nFGb0mqeg9.jpg,0,0,750
721952,Homecoming Massacre,/by2SdzVBHWlBXkRLIuDkQNdOLWY.jpg,0,0,2100
721952,Homecoming Massacre,/8HpywW0JJHv0pjmZmcbkO3fky7Q.jpg,0,0,1092
721952,Homecoming Massacre,/wkXu5COdeiBHN7LhYC8aQVeZ0qM.jpg,0,0,1000
724492,Blood Tales,/caendMq5RpkoxJ81jNhGPogz7bd.jpg,0,0,750
725842,Старуха 2,/aFUssdPtU1BNWammo8bf1RSUBr9.jpg,0,0,1242
726741,The Tree Bark Romance,/xAjxlou0qVl0PvwfUBLLXmiCoBc.jpg,3.334,1,2160
729722,Afterward,/7NQGFCtwbpU3bGdnpdmd4IeIChr.jpg,0,0,1748
729722,Afterward,/2NbFGccdKdhxaO97hKTegMt02yg.jpg,0,0,1639
729722,Afterward,/mNNzzYxcaI1mMsabcQ2H8xCh0Ti.jpg,0,0,1056
730407,Bohemian Moon,/tD3lKQ9lk17uON5WS2hDYuo2ijl.jpg,0,0,750
731799,The Kiss of Death: Creepy Tales,/qwFwZhW93sgMQJMQOpHaq1auq6Z.jpg,0,0,1144
737885,The Test,/4Q4toTEZP85BHogCIKYnDofmufC.jpg,3.334,1,3000
737885,The Test,/4473R2RVo4QHw5bLxOr6EQj2LX6.jpg,0.166,1,1654
737885,The Test,/jmf80I2U92OVjnLIetUDzt1X7a4.jpg,0.166,1,1280
737885,The Test,/cGmopQJRTVdsStXr5hS6o72Gcq3.jpg,0.166,1,1000
737885,The Test,/6z61XlAL1NW7gzalbr7CaTyzihv.jpg,0,0,750
744388,Verdict,/b6fsNVSNzdAcLbnuVFdX4GVuV9A.jpg,0,0,800
746729,The Darkest Sorrows,/qly1AEg9j9PvnvxBNs776i7g0cN.jpg,0,0,1000
749611,Blood of the Undead: The Final Chapter,/x0SspX4nSIetpI2dEBuHa3pwr2L.jpg,0,0,906
749611,Blood of the Undead: The Final Chapter,/wLxEqNvNew4VEflmT3f23SHj6zN.jpg,0,0,784
753443,Investigation of Indian Cabin Rd,/aZq00khyL1uZ7aLXhUVwBIFGka2.jpg,0,0,3000
757686,Tupilak,/kf0nFy4A8gbCluX7E99CkRdYmgZ.jpg,0,0,750
757709,M is for Mermaid,/xJvx567uXfSpLsRfb3Yhtuueh5V.jpg,0,0,1024
757709,M is for Mermaid,/7EzEoCRIFNVDwpWRt18xVg1sxrm.jpg,0,0,1024
764813,The Project,/jMf8wMbciFZh7hK5MceCTMOHnnO.jpg,0,0,3000
764813,The Project,/vwTTOb6vKePXZDk6zeJHx96EPsu.jpg,0,0,3000
764813,The Project,/n7iDnvaiVCb5rYTPko79B1DPTgn.jpg,0,0,750
769011,Something Always Happens,/ujE0KqOg5LI3SabsrdU5W6kwQ0p.jpg,0,0,0
790856,Love's a Killer: Rellik's Revenge,/nPRJTZRargnF6Pw4PEFILHZLQMd.jpg,0,0,832
801830,NEIN,/eDCLrPN2mikehHw3ABzcIM219Hh.jpg,0,0,1102
801830,NEIN,/1w5g6GafIeqKsPIJFul5wiTkBMo.jpg,0,0,0
827144,The Corruption of Divine Providence,/u0pPj7tSpfISawJCCWrwpob5IWj.jpg,3.334,2,3000
827144,The Corruption of Divine Providence,/12HnoZek9DWAawyk1rco8Byx2SV.jpg,2.278,3,1763
827144,The Corruption of Divine Providence,/9JW09WzZUyD6Xy15pBWbumDhWST.jpg,1.222,3,1920
827144,The Corruption of Divine Providence,/sg46YE6p8Acr8kPv66cR9Tu2eNX.jpg,0.166,1,3000
827144,The Corruption of Divine Providence,/e7zU0GGyxDI1aJC5zB0lrPTgwwk.jpg,0.166,1,1600
853155,Bad Blood,/mGhe8TO8CSWDSq9t1N9PEMese3f.jpg,0,0,3000
853155,Bad Blood,/tEYO75bZZAPCNOmJoSFcJmZQdLQ.jpg,0,0,2000
853155,Bad Blood,/ndChza4196zQcg7rmwy6sU1ebAM.jpg,0,0,1200
865502,All Catacombs Are Grey,/cEvFyCq2YFThAhyIksD7WXu05pv.jpg,0,0,752
887751,Der Wolf und die 7 Geißlein,/AapMK1JYU6Z2xOREXU6TD0T7Qep.jpg,0,0,0
922848,Deadly Doula,/saZ1NgVXiPveHFiMQmpTCFCoD1M.jpg,3.334,1,1763
922848,Deadly Doula,/5Q1Nq658LxtTcqRKgDMOixX02WS.jpg,0.166,1,3000
922848,Deadly Doula,/9wNed1uSDPqL3yG8CFr6TRZWMgE.jpg,0.166,1,1500
924618,Tardy Terror,/6XbXTw5aqXpllE3OrsdYzt6kvvo.jpg,5.238,0,3000
924618,Tardy Terror,/97YCc2kapfllkqenkbw4abyHC6f.jpg,0,0,2156
924618,Tardy Terror,/pjv2n6OhEr3oewUmVEdjI8t3PkH.jpg,0,0,750
927771,Guiltless,/2GV86puP0Ny1SnhyLd9vnU8DSps.jpg,3.334,1,2158
927771,Guiltless,/1peOEwz3dbXUCEXABJukWykCbpT.jpg,1.75,2,3000
927771,Guiltless,/23hxhcMzi9nGkyWBdM3xk5UVdYi.jpg,0,0,3000
927771,Guiltless,/itVQzlwees7afigl19nHhK43uuP.jpg,0,0,3000
928529,Kappa no Sanpei: Ghost Operation,/uT8TsRBOQoNbdVC0YOHCmmqRnz0.jpg,0,0,1444
928529,Kappa no Sanpei: Ghost Operation,/qPCbxlTzlr4nTQSucldwVGzDOmd.jpg,0,0,0
956056,,/xgcm023crvd1KVP0rIbGYlYa37N.jpg,0,0,2197
956491,Facies,/2BcYFWo7xw1WVoGAEvbR60jP1ux.jpg,0,0,2048
964250,Sheng Goes to Taiwan,/55Dk0wvloNQEfn9jYTmOBCHKHXA.jpg,0,0,876
964991,Trapped in the System,/g7W3zBk1LBW1KgHs2j07XJJ1tRi.jpg,0,0,1078
971152,Shockumentary,/2Oj16C4N7WWd58qeGs5NO49vIvx.jpg,0,0,750
1012007,Aspiralux,/hfBwbxXahRgGe0NBDnlCg1v3QVP.jpg,0,0,1417
1012014,Terrore,/nPoTpVrFttKBxK4AYD3UqYcBGC5.jpg,3.334,1,1413
1027859,The Hidden,/4sBIvoLbJl6J0RHlhGccI44s4ae.jpg,0,0,1215
1029452,Moliile,/oNkdwov2yvrDki3RVhkdg7j1s7s.jpg,3.334,1,1079
1029452,Moliile,/oHPd4Tz2VCTVX68JRl6yU4UXvib.jpg,0,0,1079
1031127,Chariot,/egTEVoKxnQYPhaqrAXNclTAf8kr.jpg,0,0,1125
1032403,A Place Called Clayhill,/2ZSQaX6qiK2jjfuFypcn1yO69ZB.jpg,3.334,1,2048
1032403,A Place Called Clayhill,/bKiJbw2AD3i5Uem1qt7ZMuJgMaM.jpg,0,0,2048
1037355,Wickedly Evil,/qQoDIwscVbS5ea99nvcxHI7vdF8.jpg,3.334,1,2025
1037355,Wickedly Evil,/evspW8hqJlsdm766YLiIphocvQh.jpg,0,0,2000
1037355,Wickedly Evil,/uYYkiF4XknoYlhQl7iUXs3S3M88.jpg,0,0,1500
1038887,Paws,/vk5pdAd8jrebSz31RYkpmOgJj0e.jpg,0,0,2000
1042644,,/aMCGMJ7LMdTa156VKCC8mAHQu8z.jpg,0,0,2550
1047662,Baobhan Sith,/cXJapyK94iEAJUCTvZ8LZPMVaEI.jpg,0,0,1415
1048127,Lets fuck part 2,/d24IitY2c7YPjlcLLD4AdrIER6k.jpg,3.334,1,3000
1048127,Lets fuck part 2,/xLqhBSrxRWCFgi7RIJ4HG2v2v1o.jpg,0.166,1,2500
1048127,Lets fuck part 2,/iYcK9UghFZUrEVbq1aCELALcXs7.jpg,0.166,1,2500
1070867,,/sPYvQyQpYWUSEFLEyOKobr9xboK.jpg,0,0,1920
1072680,Mark,/wp7VRPV3ej1lCu7FG513IOZTucx.jpg,3.334,1,750
1073077,Mortified,/m4FB5rpouG1CynwTH4WNX1nJv1w.jpg,0,0,1798
1079725,5G: The Reckoning,/2Vo6gIzZ9Lbh7UshNYiRiCzhG3R.jpg,0,0,750
1156820,Meat's Meat... And Man's Gotta Eat,/j6qVsEvsrpkkfdqem305Ssew727.jpg,3.334,1,1500
1156820,Meat's Meat... And Man's Gotta Eat,/77Mk88px0IbCQefe9JqY4l4say7.jpg,3.334,1,1500
1156834,The Smell of Death,/j6qVsEvsrpkkfdqem305Ssew727.jpg,3.334,1,1500
1160134,Strange Stories,/jAWQfvRiAW5z3tH3dxC4RzdMb0F.jpg,0,0,853
1167306,A Maid's Bitter Story,/xTxKg3LF8lDATEj1EIQXVXAterh.jpg,0,0,1768
1236920,Blood Fear,/v8jvq07ZOBIg8n3uhaCLsbzOwPk.jpg,0,0,2100
1236920,Blood Fear,/kjxgu2fY0FBTd7uFqTksBsGm2zm.jpg,0,0,750
1244525,Deathkeeper,/2yzSBxg93wPgNPJFZXr4MZ9fdDw.jpg,0,0,900
1257204,Mary Magdalene,/gpP2wGka0QmI1yjaRkYRkQuEBRp.jpg,3.334,1,1000
1261552,Those Who Dare,/w09A4ry343LJawDOSpUh1i6siRU.jpg,0,0,1619
1289680,Horsey,/8K1Pp2xpblUwcK9xuA81005dBJr.jpg,0,0,0
1290214,Fantastic Features - Season Preview,/7e3hE2s4BhAfpOr8wnMv67QkpT6.jpg,0,0,1619
1356360,Upside Down Polaroid,/CnDRprSy28X46biPcMWihCYGYY.jpg,3.334,1,879
1356360,Upside Down Polaroid,/hT4CDNVTIcUHPfalwv2rCtgyg5i.jpg,1.75,2,3000
1356360,Upside Down Polaroid,/sKh32tCcJh1SBCSFbG77lIgepW1.jpg,0.166,1,1208
1356360,Upside Down Polaroid,/s8UDqHejV8zYOEjeoKu8WHbDBt0.jpg,0,0,879
1379372,Moving Out,/9KqUuDOztKIqF8tcr8mm8lKOsbL.jpg,0,0,1800
1379718,Coming Attractions,/82Dnb5naDkwh1oB9PHD066WiW0N.jpg,0,0,750
1381878,The Day of Reckoning,/3HaIA51A0Cbkch1QYedq6SeeUy8.jpg,0,0,1016
1390997,Brayden's Adventures Nature Walk - Tackling Wainuiomata Hill,/vHkRqQP7CklWocrJZeAYYPFZQ9g.jpg,3.334,1,2245
1395245,Gruesome,/oTP9wq2OKG7l9vD4Sq6cRlcVE4o.jpg,0,0,1500
1424947,By the Throat,/94LEtDFFr0PgcP5MJYrhLJnD6FT.jpg,3.334,1,1488
1424947,By the Throat,/gogMju5zzVINnuMCiDPbutYPMWr.jpg,0,0,1024
1437479,Remember To Enjoy The Light Before It’s Gone,/6jqjHpk0LJB2Wb39kySanIyT9US.jpg,3.334,1,1500
1437479,Remember To Enjoy The Light Before It’s Gone,/z557PoPFDFBRRquvbScwFkGEOEz.jpg,3.334,1,1500
1437479,Remember To Enjoy The Light Before It’s Gone,/qMyHpiAC98mouKmkTROnDjlIBsx.jpg,3.334,1,1500
1437479,Remember To Enjoy The Light Before It’s Gone,/iHWSekKhzCLKnOrwoaVzsKWeihk.jpg,2.278,3,1500
1437479,Remember To Enjoy The Light Before It’s Gone,/23QqbNuhDyWcBEe0HhNLs2Oc3YU.jpg,1.75,2,1500
1447316,Smoke Alarm,/5Icj2Mx6gmVR4qmysAlIP8MXBud.jpg,0,1,750
1451359,Heavily Pregnant Susan,/ouDzi7K4CJSPFR7klhdfQElziDr.jpg,0,0,2245
1453542,The Ghost Story.,/vindgdsxQIxnAgjEKDIIw9nBsiT.jpg,0,0,3000
1466771,Welcome To Fredbear's,/eqDiQr5Oso9FuE6rrTRijsbEBil.jpg,0,1,1500
1498452,Edmonton To Milan,/IaPwL5ur1XDJ66aVJYOD07HZBL.jpg,0,0,1065
1505601,Blair's Craft Projects,/1rT3ByUpBHvXdWMvIaiRIc6DV03.jpg,3.334,1,1350
1505601,Blair's Craft Projects,/qSidLnWuHWmPksFuvpmCpvDasb9.jpg,0.166,1,1350
1532507,"Shearling - May 24, 2025",/mHDfo6OC2z6S0OqfCIabxZvQDSA.jpg,3.334,1,1500
1532507,"Shearling - May 24, 2025",/oLqVa7J9XFVmGU5TDDSXE67kmaS.jpg,0,1,1280
1535311,spectre girl tries stand up,/gf37nv7jD0wTZLCn5pOqfzrKzme.jpg,0,0,760
1577501,The Long Walk Back to the Bed,/rByzoxElBCMXHxn3jdACMnnnjTH.jpg,0,0,1500
1577501,The Long Walk Back to the Bed,/jVfk5oRgGHIvVPeQtArxBhoLnPL.jpg,0,0,1500
1588271,Phyllis,/e9iWGP7H8RotarTT47CEg87WpIG.jpg,0,0,793
1588271,Phyllis,/y1MR9v2WEyd57SgvSF5cx5KjdW9.jpg,0,0,750
1594713,The BirdMan,/6Q92uwbJlA1dwdmjCQsH2nApUOB.jpg,0,0,1376
1597529,Saint Lucy's Day,/31Ifp8EbaFIOLqDrypPFgUcgU8x.jpg,3.334,1,1620
1602352,Malevolent,/pcdVTwbXkOtUhk62I4ppCHJFzhl.jpg,0,0,2245
1608753,Crisis Actress,/b46BXsdp8XRPeKAosHHSX792khI.jpg,0,0,3000
1611636,Goosebumps: Don't Wake Mummy,/jrjuMtxEWtkm8rbqTDBVeNFJwjz.jpg,0,0,2046
1611636,Goosebumps: Don't Wake Mummy,/9EU2G7YI02aZgdaM5HiXcXXomiH.jpg,0,0,1179
1638821,Asphalt Inferno,/2oQtrZUc51grwFdXASNsbghWc26.jpg,0,0,1500
1651814,,/b3y5llqGeMZn6fO0XNs0w4PFiY7.jpg,0,0,800
1676162,Who Are You,/m0jiJTcsEem5L1YHYIbYRwdpxtv.jpg,0,0,0
1681289,BREATHE,/nECL5SPSqafT97ksU4a38imULmr.jpg,0,0,3000
1681289,BREATHE,/kOarl6QPALJmB3nwiYhl8ajBHOl.jpg,0,0,3000
1681289,BREATHE,/npgOe63HA7ih3R9lJLYzJDhD2lX.jpg,0,0,3000
1681289,BREATHE,/nYY8D6Zkho4RgFy25mEVGncnpBg.jpg,0,0,3000
1708678,The Not-So-Grim Reaper,/9usj1P8daLsdTmXY5xkUjkmWvBd.jpg,0,0,1536
1711077,Hiding in Plain Sight,/gasSNSmnrUw51dNqDosYx8C2Yu6.jpg,0,0,1582
1712166,PRETTY KIND,/2Xy31H397Tv7O8Vm601TtZysFL3.jpg,0,0,0
1736276,Nasty,/1mtGntTrrWL3EEg9VinfEqKMs6D.jpg,0,0,0
1736717,Back from the Dead,/cGXAVl4a6efuIzackPaLLBtiMef.jpg,0,0,0
