id,title,original_title,poster_path
7180,RISEN,RISEN,/vX3uVYYG1YMbZijRoaFSXtNuIO2.jpg
13276,Deadwater,Deadwater,/tvF4dx3coDHCJrcn0nM38X663fH.jpg
15057,The Evil Woods,The Evil Woods,/ppMNj9IAzEjQsQCjBloHo9qf6yJ.jpg
20321,Doctor Sleep,Doctor Sleep,/eBRcmhQakzeYPU6AWLP1DtAoLtC.jpg
26208,Credo,Credo,/zujrGZqzrXe8DVCZyig07O03Edz.jpg
28930,Live Evil,Live Evil,/fZCS2BHwPhzeTDQKnflUzHPIcHv.jpg
29214,Echoes,Echoes,/kTAqXw80XokVrYHehoW01zt2HP3.jpg
29899,Claustrophobia,Claustrophobia,/gNyLGFOTMvRwbGkrLuFiLAAfHhD.jpg
30030,Eyes Are Upon You,Eyes Are Upon You,/4nsQ3qGeP6xCllI2RDQBPstdtdP.jpg
35949,Jennifer's Shadow,Jennifer's Shadow,/emw0TaUE0jyaSuZQw2u0A3L4RMw.jpg
36965,Infection,Infection,/6mEmhon5P1UfKOHGn07z8zlbeK1.jpg
37687,3 A.M.,3 A.M.,/5xrbnulJKpxtD2pCN1cdN0TXrMn.jpg
40338,Naked Massacre,Die Hinrichtung,/ok7WHby5ATCRjil9amoiblWZMNA.jpg
45511,Teacher's Pet,Teacher's Pet,/6tP0SNBPUWEFd4dz77p4JH2S574.jpg
47431,To Make a Killing,To Make a Killing,/3V9jxF3ZHE3KLSyU6QytBo4NPaE.jpg
48808,Closet Space,Closet Space,/1iXF33dWixSj6Q0hRIN1NYaFnvi.jpg
50604,Dark Woods,Dark Woods,/5KjHJKWsfwssN1YCPo7u4Tl4l2x.jpg
51176,Hellborn,Hellborn,/u5VdDoyXLuMSA193Jalh03FfrD3.jpg
56383,"Lisa, Lisa","Lisa, Lisa",/fj2PR0EnAakr9F0VhUe2uwESmII.jpg
58796,Canes,Canes,/9tq55sjFuJ2NNt0IPrigFKSJ0u6.jpg
64623,Vendetta,Zai shi zhui hun,/zdH82Fvty1AzjgS0s33q70Hrflj.jpg
69117,Unseen Evil 2,Unseen Evil 2,/p13XVpFphqj2Dc92ZRUeYdKBWAf.jpg
69142,The Wrath,The Wrath,/i58d2YSlyrN8yWjncS3UQEqZSCm.jpg
71234,Greed,Greed,/iMraYCxCyB4s0IwlLkPtxrbSt2v.jpg
72654,Parents,Foreldrar,/lRsB3AeYdbT3LhEGnIr8GF2rhx0.jpg
74650,Fantasmi,Fantasmi,/vKMfMV1vPsRTiM4YQk603rMTdMh.jpg
76659,Beautiful Swordswomen: Double Seppuku,美女剣士・二人切腹,/bLXl3iBAUoDAVK7z3m8kXd7AAye.jpg
80528,The Darkening,The Darkening,/wicP7cM37z3uhNdV5SwoPBZfib6.jpg
81489,Carnivorous,Carnivorous,/uJw5Tb7oCoBoalWKfvTxwt9zVZE.jpg
82972,Curio,Curio,/fLD3a9bc24ioDcPb2VVwat9HO00.jpg
83833,Nostrum,Nostrum,/y33jBhkZAX8hw5WYwze44WCT2CE.jpg
84233,Don't Hang Up,Don't Hang Up,/1vVhbo2yoVdoxIdkQWPifQtYfaN.jpg
92312,Django the Bastard,Django il bastardo,/lM9kTdGGSOTkSIHLbXX0SeZRQGr.jpg
95008,Scream... and Die!,Scream... and Die!,/34LrQxQMDUboPHwEuy2lTL6R8BQ.jpg
100467,The Hand That Feeds the Dead,La mano che nutre la morte,/xoE8nwmet7eQMQRTZ2rRJQmMJ86.jpg
101730,Henge,Henge,/6lWQjl6cQwBT8lF0a5g52S6n2lb.jpg
102762,Awakening,Awakening,/jUvlPAF8vCYtkmpus3LvwsQGwwd.jpg
109703,Cadaver Bay,Cadaver Bay,/nzADzqDkgkilCPaQf1sNsR4X2cB.jpg
109707,Flora,Flora,/jgofwLTLMVt2Xp4aPSqly7Nnmm6.jpg
110772,Stille Nacht IV: Can't Go Wrong Without You,Stille Nacht IV: Can't Go Wrong Without You,/cgQCJZaVoeCkdt13eh9ot8acZqd.jpg
122742,El asesino del parking,El asesino del parking,/gEi29ztmZ5G8qvDn5MdYwYd4tpC.jpg
124046,B.O.R.N.,B.O.R.N.,/trUBdVKkA3K2G1czud2hejVlYGl.jpg
125294,Rough Draft,Rough Draft,/eYgvetyNQK3paZqZ1UvPjbvRuHy.jpg
128655,Haunted High,Haunted High,/vvBldMlCmq7WDI6eoWIHSAe1JfE.jpg
131575,Fear Has 1000 Eyes,Skräcken har 1000 ögon,/z3lzHWlGRs5pD3qgDlIDtFAMojH.jpg
131815,The Sea Serpent,Serpiente de mar,/u04cvzPQTmz60zxTbXFCgPH3ncO.jpg
135973,Pennhurst,Pennhurst,/mFjoBkzeDbBmxM8jVfYcHOmmIac.jpg
144839,Evil Stalks This House,Evil Stalks This House,/e79AoyQhHzuzFR4yPY5ewQqhAFp.jpg
144909,Charm,Charm,/pS9d7Qz5IjbOzJr1XJPNhuaUm4r.jpg
163543,Shelf Life,Shelf Life,/mCwnXpiPIyCMeWnIGVzsdRs6PqW.jpg
164423,Ghost of the Needle,Ghost of the Needle,/1LS2hvSXLx7T8CWUgpcUwwBHC46.jpg
192252,The Princess and Toxicant,蛇山蠱女,/lGlYpE4BX691WjjvoKCSFtspKg7.jpg
192573,Zapatlela,झपाटलेला,/r7lWqWPUXJ3gqjNQubgaOCSI0tR.jpg
200377,The Evolution of Snuff,The Evolution of Snuff,/8o6H3httwOtAWQPOIXHm9qUKKbd.jpg
200672,Torro. Torro. Torro!,Torro. Torro. Torro!,/3sCzrtgWaimNKVXk9FHRPx0Q2I4.jpg
200803,Altered Species,Altered Species,/1ki6TnBxlKG81ZbaXvaxEa7BXcK.jpg
204611,The McPherson Tape,The McPherson Tape,/Ap6zknBoIHaioieVfOLd5qaWd4X.jpg
208703,Rufus,Rufus,/aL7Lqv1iyZ6HAulWDjJvhwJNeIA.jpg
210587,Yellow,Yellow,/3olg9GQuC7xtym6H1gEVHznm8ee.jpg
210734,Battlefield Death Tales,Battlefield Death Tales,/z453yQUIEXI5mG695ZfeEMkDZnx.jpg
214680,Convergence,Convergence,/b15UobERIODyWwjuIGVRKLBLBkO.jpg
215280,Billy Badd,Billy Badd,/zJwP5epnNOuna569g2fI9QZeeJ1.jpg
216139,Burned at the Stake,Burned at the Stake,/qmMaHJxlcOG7ZByHbO3DPR2KUVD.jpg
217903,El virus del poder,El virus del poder,/piCRFtp2MdmL1UgCCkVM6I6AEK1.jpg
219961,Sonata,Sonata,/A1C6UkDJudXNeTRjB33J9iJASQg.jpg
223281,The Unspeakable,The Unspeakable,/ApCMWR2jg45lZTGMjN2JIpIwePj.jpg
223344,Maxie,Maxie,/b8oVCFTxDwF2m5CQwgqzdpppkIp.jpg
226023,The Men Who Fell,The Men Who Fell,/qUnmfvrrmn1BFcc7KkXyzwwRrHi.jpg
227433,Hong-Do Mirror,홍도경,/tFyHHxAMmwA76jTb9YRQoocFRmw.jpg
244305,The Ice House,The Ice House,/tnaaNtJ6x9Es6nErSIoK9Y5izI2.jpg
250788,Savage Encounter,Savage Encounter,/fyHhjGJkTYCIIoRFM1v0YvuW50Q.jpg
251526,The Mutagen,The Mutagen,/ezpSbTs0epele0tkVKSRkhS7mco.jpg
254701,The Mask of Love,The Mask of Love,/laWI93XRbbI2qEnAFPETLUkNwD5.jpg
257275,The Night Comes Too Soon,The Night Comes Too Soon,/5cbhJNkBnonH6qJQgMDyc2qf0Eb.jpg
258726,The Game,Il gioko,/cdyvTnRAOxVbQfRtV7pT6rhzHkK.jpg
259828,Bloodless,Bloodless,/474HmunD3keIwtapMuRdTKB2pPF.jpg
260824,Under Surveillance,Under Surveillance,/kdgMFG1sY3oXPDoYelHCgKa8qqP.jpg
262919,Catacombs,Catacombs,/jaMF5hgc9U11vrbVEdFmsHA2nVJ.jpg
265321,A Shred Of Mist,A Shred Of Mist,/1cy71eeNjdhbTZSVkOa24fsAHyQ.jpg
272100,Supernatural,Sobrenatural,/u56mJuKMXK9adQYv1PxZlo8r1mi.jpg
273418,Killer Dead,Killer Dead,/mYuEWRvrxGKHGPzdxXY00rGRJHC.jpg
275203,Locked in a Room,Locked in a Room,/jdlC72Q6uD5ZaowkxUYpjxYwaKp.jpg
276692,Natural Selection,Natural Selection,/kmK64pGj3qJov5PHzA5wlcy1KNG.jpg
277506,Invicta,Invicta,/kaGpoLrYh8EOVu16zJA7iiwXSPw.jpg
280928,A Chilling Cosplay,制服,/o9ROr30gNeL8dRWZSMwyvR9SWw7.jpg
286681,Vayanadan Thampan,വയനാടൻ തമ്പാൻ,/boYm1heIyLu0p2E335z3DPiNc49.jpg
289476,Kill Me Tomorrow,Kill Me Tomorrow,/dnLLx5mJ536VEH6YgnFUNAlyJiP.jpg
290696,Dysmorphia,Dysmorphia,/eUvwLaOeMRdau1UNdGCB2Jngpyz.jpg
290732,VIViD,VIViD,/rRe20MjzhWKVBZMUolgpkEiq4ym.jpg
292227,Night is the Time For Killing,Night is the Time For Killing,/mqkxympXKa2gsHfQ6KCRPY8Ts92.jpg
294488,Maniac Too!,Maniac Too!,/uwWcnJvOi3e6y3n1kv6pt0GP9lQ.jpg
300817,Graves & Bones,Grafir og bein,/gA2YuVt24Hfm0ihFMC1hcmcIBjj.jpg
302038,An Erotic Tale of Ms. Dracula,An Erotic Tale of Ms. Dracula,/rrZ4NBhe9auBM4FB02t51koz4Xq.jpg
302512,Awaken the Devil,Awaken the Devil,/uducCd6iOb5eBaQm18ouZ6aRlmM.jpg
303898,Cut Throat,Cut Throat,/xNnmuiypUYphkSQRXWAeKDBGfNl.jpg
308135,Cryptid,Cryptid,/wSODkEM8hm952IXZI73mwBVdJmL.jpg
308421,Somebody's There,Somebody's There,/7jV3PYF3sQ2CVRDsIlpUdtNsUUg.jpg
309063,The Ouija Experiment 2: Theatre of Death,The Ouija Experiment 2: Theatre of Death,/o3VMaDXxXc8VwvvX82sd418HCcx.jpg
321768,Captive,Captive,/fJByYakjLIt9X2pQJtRDqStkMmQ.jpg
322858,The Third Sex,The Third Sex,/snzSFKPWUMFONxYbhivnDkEXnIO.jpg
328939,Cheerleader Camp 2 the Death,Cheerleader Camp 2 the Death,/pfvC8rWfo2disdbV6PpdEAwSCm4.jpg
332689,Playing with Dolls,Playing with Dolls,/3ZkvAVrjhaYgdf0T1e8Hcqq3AQE.jpg
336107,Meat the Jones,Meat the Jones,/rOVg9nIwjwcfNqEdGrfN331D8XT.jpg
347438,Kamara Kattu,கமரகட்டு,/jOrmemeTahRUISXsif2eq4LJUAB.jpg
347855,Curtain,Curtain,/qVoBlKoBg4xfnBP6lIuozzQPAsi.jpg
359056,Primordial,Primordial,/bwXwUdpBsB5rav8ij0cMDsjppNx.jpg
362807,Paranoid,Paranoid,/cM7MXLsK2wCBPOaS0Kx4lGF3GwO.jpg
366071,Enchiridion,Enchiridion,/g4vuzLgXCsQkv81NSuIZGtj3msf.jpg
373027,Geheimnisvolle Freundinnen,Geheimnisvolle Freundinnen,/74f7Rw352pLOy5SINVfZ77HnfTy.jpg
379100,M is for Merry Christmas,M is for Merry Christmas,/dQED4TeHOkZ5MXV7ipMRkqkssYO.jpg
382052,Not Alone,Not Alone,/6WJGrYga0zshLeu5QkZ5r4EJadm.jpg
385378,Gemini,Gemini,/bzqJHC48CWmGEJ0CemZ2co9jNSx.jpg
392051,The Damned Thing,The Damned Thing,/sBFrsu3rkozZvJTdJMwtbCr0VM2.jpg
398656,Possessed,Possessed,/yPE1T5O4COQ9nN2iHVLsPctzYqf.jpg
404206,The Music of Jo Hyeja,The Music of Jo Hyeja,/1aL2kLtwpFHN59Y5jtE3Yn4gT7D.jpg
404713,Downhill,Downhill,/4tEdLXx2lW3w8SBnsgRyLIwqF0l.jpg
406582,Delirium,Delirium,/pTRhNMh7ndYFVfG4Qhjqgu7WDqb.jpg
412471,Dark Silence,Dark Silence,/pBP8eWb66SGbWtDMAMYghrqrJId.jpg
412998,Mo,மோ,/cY71cdcxk3GWIFrRDnEkUt9ysX6.jpg
415852,Blood Church,Blood Church,/zlIa027GbOplbDef65B8dqRKowy.jpg
417180,Vacant House,Vacant House,/ewu8e5WyLE91426VmqgQaoePlRI.jpg
421490,Tall Men,Tall Men,/7UIPssW5B21uBAtQ2mojAJpm7oJ.jpg
424078,Spirits,Spirits,/22aTJitI74odsnxVr9uIsuuA55V.jpg
459220,Shockwave,Shockwave,/csqybkX4q5PcJTkkjmsUpWCdiYU.jpg
461724,The Spirits of Jupiter,The Spirits of Jupiter,/73LRallDsuMPYspHJyxffssqK7b.jpg
465177,Meltdown,Meltdown,/xRtyCI1AcI2igXC0rX2pzm0j1b5.jpg
466677,Dead South,Dead South,/tSWIERDkhExNRGhg1rZYm6R8hJX.jpg
477115,Rasathi Varum Naal,ராசாத்தி வரும் நாள்,/5Sfaq4pa2KjUZUXg5Fk4h7TFAjX.jpg
477576,DeadThirsty,DeadThirsty,/yHKu3ntOnRyt8qZdeU35otnviIC.jpg
486684,Aux,Aux,/6jPaPjzgbSUwfkyJKV4SpzWMJWH.jpg
489454,The Devil's Warehouse,The Devil's Warehouse,/3z647nj8eUPBRpNZaBvy6W3cJCF.jpg
492535,Darkness Wakes,Darkness Wakes,/2FX9OYyzASYXmwzyKyd7sHDVtpZ.jpg
495015,Post Human: An Event,Post Human: An Event,/1zWAZQfZenHUlLvkC3ojQyT1b8V.jpg
496586,The Call Girls,The Call Girls,/wwxySfIEL0TzNMFXuWCvzM559W5.jpg
502613,M Is for Manure,M Is for Manure,/7EzEoCRIFNVDwpWRt18xVg1sxrm.jpg
526144,Prisoners of the Dead,Prisoners of the Dead,/3loFRaNrsrvBSaVICYpbtXJd4GB.jpg
527782,Mushroom,Ki-No-Ko,/gyueC9h9dkPCmSu5uI9JUcqyrMR.jpg
529744,Princess: Voices from Hell,Princess: Voices from Hell,/gig9VBz0jtxU2DPlbEscHq2pEY4.jpg
531393,Reindeer Games,Reindeer Games,/39owLICTyBVgXqwkruapLT6tStr.jpg
532813,Sublimate,Sublimate,/Ak9hs6yU4QksKPA2RmBAAwjRq0A.jpg
543901,P.O.E. Pieces of Eldritch (P.O.E. 3),P.O.E. Pieces of Eldritch (P.O.E. 3),/ifx0vnVrnl5XXLn7phxaXAiXq4i.jpg
549646,Diggerz: Black Lung Rises,Diggerz: Black Lung Rises,/9FMzuQORECkh8rDHCYbQCWoUySo.jpg
549703,Girls Just Wanna Have Blood,Girls Just Wanna Have Blood,/2k0XzSVlT4MF3HnuMS85LNCWKsU.jpg
559928,Heaven's War,Heaven's War,/wEKHTGJ5Vc8fKPQXQSOd8egLt0w.jpg
560038,The Occultist 2: Demons,The Occultist 2: Demons,/nvUUpeR44SeBmlHURKaKziwf1BC.jpg
561466,Veendum Lisa,വീണ്ടും ലിസ,/zbQxMuDTRGAa9ZSMMXAx0jJA6ot.jpg
564394,Crypto (Animated Short),Crypto (Animated Short),/lRdBbwJu6LY5FXP9RdvcNaYyvUU.jpg
567331,The Killing House,The Killing House,/3nYNWeluTlZ7MER9LSdxbYH0Kts.jpg
573966,The Mysterious Uncle Silas,El misterioso tío Silas,/eZUIGvYJElZbbQ8JSUFbBENocws.jpg
583525,65th,65th,/f30saP9z5ZVJOYfiPV94iB37egS.jpg
595951,Scare BNB,Scare BNB,/1b03sF8mTobgMog1oJkXF8j1gBg.jpg
601369,The Way She Used to Be,The Way She Used to Be,/x4v3mPNgDDI3RZaL1eR5bdSVG1U.jpg
609616,American Freakshow,American Freakshow,/aBQNzx4jr9PraOtglaGR1r8r643.jpg
609627,A Few Screws Loose,A Few Screws Loose,/kdgWhdrf1LKyGf0QltoI4IrE1ZJ.jpg
618128,Scavenger Hunt,Scavenger Hunt,/fCoG2xrGz4KdxeINmKptoH2CPfJ.jpg
638544,The Vault,The Vault,/5T1H07gcu8o1SOwMpjD3HBOTWfo.jpg
651273,The Pulley by Steven Kwang,The Pulley by Steven Kwang,/axzbceDYHR2Yf4Ffhna5h1bnJRt.jpg
651448,Darkslide,Darkslide,/tBrm4WCJu2Pybdw63qi2hoQtBSl.jpg
657343,The Evil Inside Me,The Evil Inside Me,/l3brxESYVpBM0i8QbvmkrDwwX6J.jpg
663240,America the Violent,America the Violent,/sYwCpwKIlMPIZsUoCuQXH5yOgsn.jpg
664168,Fat Ass Zombies,Fat Ass Zombies,/d2UCD7xwWFKucozkKcKBiCayJC6.jpg
678697,Ghosts Who Love Too Much,Los fantasmas que aman demasiado,/kh869R9LSbjqeMTnNyeMlprJjtz.jpg
682779,They Are Here: The Real World of the Poltergeists,They Are Here: The Real World of the Poltergeists,/u1pj7A4GRMfWbdbkKYJNkjUKe8c.jpg
705912,Bottled Vulva: High School Girl Yuriko,瓶詰女陰～女子高生・ゆり子～,/Ajqd6HJZGAuRCI8dX7quXgg4e8n.jpg
708706,Feed Your Head! Lose Your Head!,Feed Your Head! Lose Your Head!,/3OQ7PgAkum1AxqZfLjjhbvSVDas.jpg
719829,Dark:30,Dark:30,/3Ojqjn3moQPKbqwXMyTAPS5tmxB.jpg
721952,Homecoming Massacre,Homecoming Massacre,/wkXu5COdeiBHN7LhYC8aQVeZ0qM.jpg
724492,Blood Tales,Blood Tales,/caendMq5RpkoxJ81jNhGPogz7bd.jpg
725842,Старуха 2,Старуха 2,/aFUssdPtU1BNWammo8bf1RSUBr9.jpg
726741,The Tree Bark Romance,The Tree Bark Romance,/xAjxlou0qVl0PvwfUBLLXmiCoBc.jpg
729722,Afterward,Afterward,/2NbFGccdKdhxaO97hKTegMt02yg.jpg
730407,Bohemian Moon,Bohemian Moon,/tD3lKQ9lk17uON5WS2hDYuo2ijl.jpg
731799,The Kiss of Death: Creepy Tales,El beso de la muerte: historias espeluznantes,/qwFwZhW93sgMQJMQOpHaq1auq6Z.jpg
737885,The Test,The Test,/jmf80I2U92OVjnLIetUDzt1X7a4.jpg
744388,Verdict,Verdict,/b6fsNVSNzdAcLbnuVFdX4GVuV9A.jpg
746729,The Darkest Sorrows,The Darkest Sorrows,/qly1AEg9j9PvnvxBNs776i7g0cN.jpg
749611,Blood of the Undead: The Final Chapter,Blood of the Undead: The Final Chapter,/x0SspX4nSIetpI2dEBuHa3pwr2L.jpg
753443,Investigation of Indian Cabin Rd,Investigation of Indian Cabin Rd,/aZq00khyL1uZ7aLXhUVwBIFGka2.jpg
757686,Tupilak,Tupilak,/kf0nFy4A8gbCluX7E99CkRdYmgZ.jpg
757709,M is for Mermaid,M is for Mermaid,/xJvx567uXfSpLsRfb3Yhtuueh5V.jpg
764813,The Project,The Project,/n7iDnvaiVCb5rYTPko79B1DPTgn.jpg
790856,Love's a Killer: Rellik's Revenge,Love's a Killer: Rellik's Revenge,/nPRJTZRargnF6Pw4PEFILHZLQMd.jpg
801830,NEIN,NEIN,/1w5g6GafIeqKsPIJFul5wiTkBMo.jpg
827144,The Corruption of Divine Providence,The Corruption of Divine Providence,/u0pPj7tSpfISawJCCWrwpob5IWj.jpg
853155,Bad Blood,Bad Blood,/ndChza4196zQcg7rmwy6sU1ebAM.jpg
865502,All Catacombs Are Grey,Sve su katakombe sive,/cEvFyCq2YFThAhyIksD7WXu05pv.jpg
887751,Der Wolf und die 7 Geißlein,Der Wolf und die 7 Geißlein,/AapMK1JYU6Z2xOREXU6TD0T7Qep.jpg
922848,Deadly Doula,Deadly Doula,/saZ1NgVXiPveHFiMQmpTCFCoD1M.jpg
924618,Tardy Terror,Tardy Terror,/6XbXTw5aqXpllE3OrsdYzt6kvvo.jpg
927771,Guiltless,Guiltless,/2GV86puP0Ny1SnhyLd9vnU8DSps.jpg
928529,Kappa no Sanpei: Ghost Operation,河童の三平 妖怪大作戦,/qPCbxlTzlr4nTQSucldwVGzDOmd.jpg
956056,,The Chieftains,/xgcm023crvd1KVP0rIbGYlYa37N.jpg
956491,Facies,Facies,/2BcYFWo7xw1WVoGAEvbR60jP1ux.jpg
964250,Sheng Goes to Taiwan,周成過台灣,/55Dk0wvloNQEfn9jYTmOBCHKHXA.jpg
964991,Trapped in the System,Trapped in the System,/g7W3zBk1LBW1KgHs2j07XJJ1tRi.jpg
971152,Shockumentary,Shockumentary,/2Oj16C4N7WWd58qeGs5NO49vIvx.jpg
1012007,Aspiralux,Aspiralux,/hfBwbxXahRgGe0NBDnlCg1v3QVP.jpg
1012014,Terrore,Terrore,/nPoTpVrFttKBxK4AYD3UqYcBGC5.jpg
1027859,The Hidden,The Hidden,/4sBIvoLbJl6J0RHlhGccI44s4ae.jpg
1029452,Moliile,Moliile,/oHPd4Tz2VCTVX68JRl6yU4UXvib.jpg
1032403,A Place Called Clayhill,A Place Called Clayhill,/ycV7ZzsoyPeJzYZJMgDWwwQnNyT.jpg
1037355,Wickedly Evil,Wickedly Evil,/qQoDIwscVbS5ea99nvcxHI7vdF8.jpg
1038887,Paws,Paws,/vk5pdAd8jrebSz31RYkpmOgJj0e.jpg
1042644,,,/aMCGMJ7LMdTa156VKCC8mAHQu8z.jpg
1047662,Baobhan Sith,Baobhan Sith,/cXJapyK94iEAJUCTvZ8LZPMVaEI.jpg
1048127,Lets fuck part 2,Lets fuck part 2,/d24IitY2c7YPjlcLLD4AdrIER6k.jpg
1070867,,The New Homeowner's Guide to Happiness,/sPYvQyQpYWUSEFLEyOKobr9xboK.jpg
1072680,Mark,Mark,/wp7VRPV3ej1lCu7FG513IOZTucx.jpg
1073077,Mortified,Mortified,/m4FB5rpouG1CynwTH4WNX1nJv1w.jpg
1079725,5G: The Reckoning,5G: The Reckoning,/2Vo6gIzZ9Lbh7UshNYiRiCzhG3R.jpg
1156820,Meat's Meat... And Man's Gotta Eat,Meat's Meat... And Man's Gotta Eat,/j6qVsEvsrpkkfdqem305Ssew727.jpg
1156834,The Smell of Death,The Smell of Death,/j6qVsEvsrpkkfdqem305Ssew727.jpg
1160134,Strange Stories,Strange Stories,/jAWQfvRiAW5z3tH3dxC4RzdMb0F.jpg
1167306,A Maid's Bitter Story,瓊樓恨,/xTxKg3LF8lDATEj1EIQXVXAterh.jpg
1236920,Blood Fear,Blood Fear,/kjxgu2fY0FBTd7uFqTksBsGm2zm.jpg
1244525,Deathkeeper,Deathkeeper,/2yzSBxg93wPgNPJFZXr4MZ9fdDw.jpg
1257204,Mary Magdalene,Mary Magdalene,/gpP2wGka0QmI1yjaRkYRkQuEBRp.jpg
1261552,Those Who Dare,Those Who Dare,/w09A4ry343LJawDOSpUh1i6siRU.jpg
1289680,Horsey,Horsey,/8K1Pp2xpblUwcK9xuA81005dBJr.jpg
1290214,Fantastic Features - Season Preview,Fantastic Features - Season Preview,/7e3hE2s4BhAfpOr8wnMv67QkpT6.jpg
1356360,Upside Down Polaroid,Upside Down Polaroid,/CnDRprSy28X46biPcMWihCYGYY.jpg
1379372,Moving Out,Moving Out,/9KqUuDOztKIqF8tcr8mm8lKOsbL.jpg
1379718,Coming Attractions,Coming Attractions,/82Dnb5naDkwh1oB9PHD066WiW0N.jpg
1381878,The Day of Reckoning,The Day of Reckoning,/3HaIA51A0Cbkch1QYedq6SeeUy8.jpg
1390997,Brayden's Adventures Nature Walk - Tackling Wainuiomata Hill,Brayden's Adventures Nature Walk - Tackling Wainuiomata Hill,/vHkRqQP7CklWocrJZeAYYPFZQ9g.jpg
1395245,Gruesome,Gruesome,/oTP9wq2OKG7l9vD4Sq6cRlcVE4o.jpg
1424947,By the Throat,By the Throat,/gogMju5zzVINnuMCiDPbutYPMWr.jpg
1437479,Remember To Enjoy The Light Before It’s Gone,Remember To Enjoy The Light Before It’s Gone,/iHWSekKhzCLKnOrwoaVzsKWeihk.jpg
1447316,Smoke Alarm,Smoke Alarm,/5Icj2Mx6gmVR4qmysAlIP8MXBud.jpg
1451359,Heavily Pregnant Susan,Heavily Pregnant Susan,/ouDzi7K4CJSPFR7klhdfQElziDr.jpg
1453542,The Ghost Story.,The Ghost Story.,/vindgdsxQIxnAgjEKDIIw9nBsiT.jpg
1466771,Welcome To Fredbear's,Welcome To Fredbear's,/eqDiQr5Oso9FuE6rrTRijsbEBil.jpg
1498452,Edmonton To Milan,Edmonton To Milan,/IaPwL5ur1XDJ66aVJYOD07HZBL.jpg
1505601,Blair's Craft Projects,Blair's Craft Projects,/1rT3ByUpBHvXdWMvIaiRIc6DV03.jpg
1532507,"Shearling - May 24, 2025","Shearling - May 24, 2025",/mHDfo6OC2z6S0OqfCIabxZvQDSA.jpg
1535311,spectre girl tries stand up,spectre girl tries stand up,/gf37nv7jD0wTZLCn5pOqfzrKzme.jpg
1577501,The Long Walk Back to the Bed,The Long Walk Back to the Bed,/rByzoxElBCMXHxn3jdACMnnnjTH.jpg
1588271,Phyllis,Phyllis,/e9iWGP7H8RotarTT47CEg87WpIG.jpg
1594713,The BirdMan,The BirdMan,/6Q92uwbJlA1dwdmjCQsH2nApUOB.jpg
1597529,Saint Lucy's Day,Saint Lucy's Day,/31Ifp8EbaFIOLqDrypPFgUcgU8x.jpg
1602352,Malevolent,Malevolent,/pcdVTwbXkOtUhk62I4ppCHJFzhl.jpg
1608753,Crisis Actress,Crisis Actress,/b46BXsdp8XRPeKAosHHSX792khI.jpg
1611636,Goosebumps: Don't Wake Mummy,Goosebumps: Don't Wake Mummy,/9EU2G7YI02aZgdaM5HiXcXXomiH.jpg
1638821,Asphalt Inferno,Asphalt Inferno,/2oQtrZUc51grwFdXASNsbghWc26.jpg
1651814,,the things id do to you,/b3y5llqGeMZn6fO0XNs0w4PFiY7.jpg
1676162,Who Are You,Who Are You,/m0jiJTcsEem5L1YHYIbYRwdpxtv.jpg
1681289,BREATHE,BREATHE,/nECL5SPSqafT97ksU4a38imULmr.jpg
1684269,,Jane Eyre,/zQquz1QKnEH5MYbn4d6noobS40m.jpg
1711077,Hiding in Plain Sight,Hiding in Plain Sight,/gasSNSmnrUw51dNqDosYx8C2Yu6.jpg
1712166,PRETTY KIND,PRETTY KIND,/2Xy31H397Tv7O8Vm601TtZysFL3.jpg
1736276,Nasty,Nasty,/1mtGntTrrWL3EEg9VinfEqKMs6D.jpg
1736717,Back from the Dead,Back from the Dead,/cGXAVl4a6efuIzackPaLLBtiMef.jpg
