id,title,original_title,source,file_path,ocr_chars,overlap_title,overlap_original,overlap_max,fuzzy_title,fuzzy_original,fuzzy_max,error
7180,RISEN,RISEN,primary,/mULRjy8rGqZx9Ql5TTKV4inH9If.jpg,36,1.0,1.0,1.0,0.2632,0.2632,0.2632,
7180,RISEN,RISEN,variant,/mULRjy8rGqZx9Ql5TTKV4inH9If.jpg,36,1.0,1.0,1.0,0.2632,0.2632,0.2632,
7180,RISEN,RISEN,variant,/vX3uVYYG1YMbZijRoaFSXtNuIO2.jpg,102,0.0,0.0,0.0,0.0889,0.0889,0.0889,
13276,Deadwater,Deadwater,primary,/1563LI6bmrzyXaGbbwTkAjpR0qA.jpg,572,1.0,1.0,1.0,0.0367,0.0367,0.0367,
13276,Deadwater,Deadwater,variant,/1563LI6bmrzyXaGbbwTkAjpR0qA.jpg,572,1.0,1.0,1.0,0.0367,0.0367,0.0367,
13276,Deadwater,Deadwater,variant,/tvF4dx3coDHCJrcn0nM38X663fH.jpg,74,0.0,0.0,0.0,0.1622,0.1622,0.1622,
15057,The Evil Woods,The Evil Woods,primary,/ppMNj9IAzEjQsQCjBloHo9qf6yJ.jpg,30,0.3333,0.3333,0.3333,0.4444,0.4444,0.4444,
15057,The Evil Woods,The Evil Woods,variant,/ppMNj9IAzEjQsQCjBloHo9qf6yJ.jpg,30,0.3333,0.3333,0.3333,0.4444,0.4444,0.4444,
20321,Doctor Sleep,Doctor Sleep,primary,/bWb7wrpWygWFEFlkkwU4cUTfE7V.jpg,567,0.5,0.5,0.5,0.0,0.0,0.0,
20321,Doctor Sleep,Doctor Sleep,variant,/bWb7wrpWygWFEFlkkwU4cUTfE7V.jpg,567,0.5,0.5,0.5,0.0,0.0,0.0,
20321,Doctor Sleep,Doctor Sleep,variant,/eBRcmhQakzeYPU6AWLP1DtAoLtC.jpg,31,0.0,0.0,0.0,0.2286,0.2286,0.2286,
20321,Doctor Sleep,Doctor Sleep,variant,/mUp3SkA4U9biBUx95XkF4RI0jpk.jpg,19,0.0,0.0,0.0,0.1481,0.1481,0.1481,
26208,Credo,Credo,primary,/zujrGZqzrXe8DVCZyig07O03Edz.jpg,30,0.0,0.0,0.0,0.2105,0.2105,0.2105,
26208,Credo,Credo,variant,/uyBYb0e9cBQv4uJVIAIqYjIJ2qM.jpg,77,0.0,0.0,0.0,0.1176,0.1176,0.1176,
26208,Credo,Credo,variant,/zujrGZqzrXe8DVCZyig07O03Edz.jpg,30,0.0,0.0,0.0,0.2105,0.2105,0.2105,
28930,Live Evil,Live Evil,primary,/760Y7oQvtGokFyo8cXpigGMa3J1.jpg,659,1.0,1.0,1.0,0.0072,0.0072,0.0072,
28930,Live Evil,Live Evil,variant,/fZCS2BHwPhzeTDQKnflUzHPIcHv.jpg,617,0.0,0.0,0.0,0.0117,0.0117,0.0117,
29214,Echoes,Echoes,primary,/mjM0EpHEgXVwGnd5fhBXpTkxOzU.jpg,6,1.0,1.0,1.0,1.0,1.0,1.0,
29214,Echoes,Echoes,variant,/kTAqXw80XokVrYHehoW01zt2HP3.jpg,107,0.0,0.0,0.0,0.1099,0.1099,0.1099,
29214,Echoes,Echoes,variant,/mjM0EpHEgXVwGnd5fhBXpTkxOzU.jpg,6,1.0,1.0,1.0,1.0,1.0,1.0,
29214,Echoes,Echoes,variant,/x7ksDA8Z5iQE4I2g3DLIBfUyu7h.jpg,277,1.0,1.0,1.0,0.0,0.0,0.0,
29899,Claustrophobia,Claustrophobia,primary,/gNyLGFOTMvRwbGkrLuFiLAAfHhD.jpg,83,0.0,0.0,0.0,0.1687,0.1687,0.1687,
29899,Claustrophobia,Claustrophobia,variant,/3vUeGjpPrEbllgm1EK68Y5hJNf4.jpg,83,0.0,0.0,0.0,0.1707,0.1707,0.1707,
29899,Claustrophobia,Claustrophobia,variant,/gNyLGFOTMvRwbGkrLuFiLAAfHhD.jpg,83,0.0,0.0,0.0,0.1687,0.1687,0.1687,
30030,Eyes Are Upon You,Eyes Are Upon You,primary,/4nsQ3qGeP6xCllI2RDQBPstdtdP.jpg,39,0.0,0.0,0.0,0.2979,0.2979,0.2979,
30030,Eyes Are Upon You,Eyes Are Upon You,variant,/4nsQ3qGeP6xCllI2RDQBPstdtdP.jpg,39,0.0,0.0,0.0,0.2979,0.2979,0.2979,
35949,Jennifer's Shadow,Jennifer's Shadow,primary,/emw0TaUE0jyaSuZQw2u0A3L4RMw.jpg,83,0.0,0.0,0.0,0.1928,0.1928,0.1928,
35949,Jennifer's Shadow,Jennifer's Shadow,variant,/emw0TaUE0jyaSuZQw2u0A3L4RMw.jpg,83,0.0,0.0,0.0,0.1928,0.1928,0.1928,
36965,Infection,Infection,primary,/nZwQvVEySo7rGI0JR06penAVmr1.jpg,125,1.0,1.0,1.0,0.1667,0.1667,0.1667,
36965,Infection,Infection,variant,/6iX2M7APQTXtptwkZ193QOsYfaX.jpg,29,0.0,0.0,0.0,0.3226,0.3226,0.3226,
36965,Infection,Infection,variant,/6mEmhon5P1UfKOHGn07z8zlbeK1.jpg,29,0.0,0.0,0.0,0.3226,0.3226,0.3226,
36965,Infection,Infection,variant,/vC8BHTBVpCTDfkraxxydRnZvH1X.jpg,29,0.0,0.0,0.0,0.3226,0.3226,0.3226,
36965,Infection,Infection,variant,/zLoAaUcg07sWFK1e4qtgGvqvHr3.jpg,8,0.0,0.0,0.0,0.5882,0.5882,0.5882,
37687,3 A.M.,3 A.M.,primary,/5xrbnulJKpxtD2pCN1cdN0TXrMn.jpg,125,0.0,0.0,0.0,0.0377,0.0377,0.0377,
37687,3 A.M.,3 A.M.,variant,/5xrbnulJKpxtD2pCN1cdN0TXrMn.jpg,125,0.0,0.0,0.0,0.0377,0.0377,0.0377,
40338,Naked Massacre,Die Hinrichtung,primary,/i1ElgF6v5avfslWm45s3JjzZbPS.jpg,194,1.0,0.0,1.0,0.1486,0.1136,0.1486,
40338,Naked Massacre,Die Hinrichtung,variant,/eXE7aKB0EokJlrt4sm0MhT86htQ.jpg,194,1.0,0.0,1.0,0.1486,0.1136,0.1486,
40338,Naked Massacre,Die Hinrichtung,variant,/hvvrFwDABKfVFNrOZBGOk2cQcQ1.jpg,13,0.0,0.0,0.0,0.1667,0.08,0.1667,
40338,Naked Massacre,Die Hinrichtung,variant,/ok7WHby5ATCRjil9amoiblWZMNA.jpg,21,0.0,0.0,0.0,0.2581,0.1875,0.2581,
40338,Naked Massacre,Die Hinrichtung,variant,/pDjnmgEXxzeiQiGGxT7oA0gEHtx.jpg,313,0.0,0.0,0.0,0.015,0.0075,0.015,
40338,Naked Massacre,Die Hinrichtung,variant,/xEB7kJI7Fh9lNRhROpN9mNxrw2K.jpg,211,0.0,0.0,0.0,0.1215,0.1099,0.1215,
45511,Teacher's Pet,Teacher's Pet,primary,/rQp1gPdjPoUPTWZmnrrXpVZkt0G.jpg,13,1.0,1.0,1.0,1.0,1.0,1.0,
45511,Teacher's Pet,Teacher's Pet,variant,/6tP0SNBPUWEFd4dz77p4JH2S574.jpg,20,0.0,0.0,0.0,0.2963,0.2963,0.2963,
45511,Teacher's Pet,Teacher's Pet,variant,/9NCZNJFEq8FuoXOx9R0yXT7s1XP.jpg,20,0.0,0.0,0.0,0.2963,0.2963,0.2963,
45511,Teacher's Pet,Teacher's Pet,variant,/rQp1gPdjPoUPTWZmnrrXpVZkt0G.jpg,13,1.0,1.0,1.0,1.0,1.0,1.0,
47431,To Make a Killing,To Make a Killing,primary,/1qQ3tiBTDTLSMzEk0X6NVfdacoL.jpg,190,0.6667,0.6667,0.6667,0.1387,0.1387,0.1387,
47431,To Make a Killing,To Make a Killing,variant,/1qQ3tiBTDTLSMzEk0X6NVfdacoL.jpg,190,0.6667,0.6667,0.6667,0.1387,0.1387,0.1387,
47431,To Make a Killing,To Make a Killing,variant,/3V9jxF3ZHE3KLSyU6QytBo4NPaE.jpg,592,0.0,0.0,0.0,0.0,0.0,0.0,
47431,To Make a Killing,To Make a Killing,variant,/8d86V178Rt2jKz9iirslBinnUL7.jpg,17,0.6667,0.6667,0.6667,0.5,0.5,0.5,
47431,To Make a Killing,To Make a Killing,variant,/o3SPVBBveLB6MgDLwUzEFR8r9T.jpg,266,0.0,0.0,0.0,0.0,0.0,0.0,
48808,Closet Space,Closet Space,primary,/1iXF33dWixSj6Q0hRIN1NYaFnvi.jpg,152,0.0,0.0,0.0,0.1386,0.1386,0.1386,
48808,Closet Space,Closet Space,variant,/1iXF33dWixSj6Q0hRIN1NYaFnvi.jpg,152,0.0,0.0,0.0,0.1386,0.1386,0.1386,
50604,Dark Woods,Dark Woods,primary,/5KjHJKWsfwssN1YCPo7u4Tl4l2x.jpg,307,0.0,0.0,0.0,0.0076,0.0076,0.0076,
50604,Dark Woods,Dark Woods,variant,/5KjHJKWsfwssN1YCPo7u4Tl4l2x.jpg,307,0.0,0.0,0.0,0.0076,0.0076,0.0076,
51176,Hellborn,Hellborn,primary,/r0KUoGBEO0sWxTr9hhLf78tXtDg.jpg,576,1.0,1.0,1.0,0.0,0.0,0.0,
51176,Hellborn,Hellborn,variant,/j67a01b7pSRKD5JMDBzqUYaOLj2.jpg,8,0.0,0.0,0.0,0.9333,0.9333,0.9333,
51176,Hellborn,Hellborn,variant,/qYWqTmqWEBdIsGFcWU2k73Rj0MX.jpg,76,0.0,0.0,0.0,0.169,0.169,0.169,
51176,Hellborn,Hellborn,variant,/r0KUoGBEO0sWxTr9hhLf78tXtDg.jpg,576,1.0,1.0,1.0,0.0,0.0,0.0,
51176,Hellborn,Hellborn,variant,/u5VdDoyXLuMSA193Jalh03FfrD3.jpg,106,0.0,0.0,0.0,0.1263,0.1263,0.1263,
56383,"Lisa, Lisa","Lisa, Lisa",primary,/rV6Irmd9RD0HZXhD7H8ucZceo3V.jpg,486,1.0,1.0,1.0,0.0,0.0,0.0,
56383,"Lisa, Lisa","Lisa, Lisa",variant,/1j7yOD5A6rvBthWHgwwZNniS8AW.jpg,26,0.0,0.0,0.0,0.3333,0.3333,0.3333,
56383,"Lisa, Lisa","Lisa, Lisa",variant,/2eXHfCuzBlUvceOQHD8gXzWW7XZ.jpg,28,0.0,0.0,0.0,0.2963,0.2963,0.2963,
56383,"Lisa, Lisa","Lisa, Lisa",variant,/cajXHMaotEMAKLz8HpRsPXx8yCr.jpg,387,1.0,1.0,1.0,0.0,0.0,0.0,
56383,"Lisa, Lisa","Lisa, Lisa",variant,/fj2PR0EnAakr9F0VhUe2uwESmII.jpg,26,0.0,0.0,0.0,0.3333,0.3333,0.3333,
56383,"Lisa, Lisa","Lisa, Lisa",variant,/rV6Irmd9RD0HZXhD7H8ucZceo3V.jpg,486,1.0,1.0,1.0,0.0,0.0,0.0,
58796,Canes,Canes,primary,/9tq55sjFuJ2NNt0IPrigFKSJ0u6.jpg,32,0.0,0.0,0.0,0.2424,0.2424,0.2424,
58796,Canes,Canes,variant,/5xCEKaeX0TBNDmXqFlJHA1kKYPG.jpg,521,0.0,0.0,0.0,0.0,0.0,0.0,
58796,Canes,Canes,variant,/7lsUOQzB8DzCUFRG9uibGJ7Hj2y.jpg,41,0.0,0.0,0.0,0.2286,0.2286,0.2286,
58796,Canes,Canes,variant,/9tq55sjFuJ2NNt0IPrigFKSJ0u6.jpg,32,0.0,0.0,0.0,0.2424,0.2424,0.2424,
58796,Canes,Canes,variant,/tXLja1NrO5XP02UlDzer9sYGZSs.jpg,122,0.0,0.0,0.0,0.0926,0.0926,0.0926,
64623,Vendetta,Zai shi zhui hun,primary,/3kL2yacKNzPZ6IrxFI8dHJqu6lx.jpg,126,1.0,0.0,1.0,0.1481,0.1416,0.1481,
64623,Vendetta,Zai shi zhui hun,variant,/3kL2yacKNzPZ6IrxFI8dHJqu6lx.jpg,126,1.0,0.0,1.0,0.1481,0.1416,0.1481,
69117,Unseen Evil 2,Unseen Evil 2,primary,/p13XVpFphqj2Dc92ZRUeYdKBWAf.jpg,34,0.0,0.0,0.0,0.2051,0.2051,0.2051,
69117,Unseen Evil 2,Unseen Evil 2,variant,/p13XVpFphqj2Dc92ZRUeYdKBWAf.jpg,34,0.0,0.0,0.0,0.2051,0.2051,0.2051,
69142,The Wrath,The Wrath,primary,/gp2Zfza1j955qUU6iyDDdDsJk1H.jpg,44,0.5,0.5,0.5,0.186,0.186,0.186,
69142,The Wrath,The Wrath,variant,/ciVxIxEBWr14uNl5nLbjKux8QSj.jpg,67,0.0,0.0,0.0,0.1538,0.1538,0.1538,
69142,The Wrath,The Wrath,variant,/gp2Zfza1j955qUU6iyDDdDsJk1H.jpg,44,0.5,0.5,0.5,0.186,0.186,0.186,
69142,The Wrath,The Wrath,variant,/i58d2YSlyrN8yWjncS3UQEqZSCm.jpg,49,0.0,0.0,0.0,0.2553,0.2553,0.2553,
69142,The Wrath,The Wrath,variant,/oeohKveamqYsnjqC5wn0aIXI4hT.jpg,58,0.5,0.5,0.5,0.1569,0.1569,0.1569,
71234,Greed,Greed,primary,/iMraYCxCyB4s0IwlLkPtxrbSt2v.jpg,94,0.0,0.0,0.0,0.0759,0.0759,0.0759,
71234,Greed,Greed,variant,/iMraYCxCyB4s0IwlLkPtxrbSt2v.jpg,94,0.0,0.0,0.0,0.0759,0.0759,0.0759,
72654,Parents,Foreldrar,primary,/6cSYVV21o7T1iMclovdKqnLqy2d.jpg,33,1.0,0.0,1.0,0.4,0.3243,0.4,
72654,Parents,Foreldrar,variant,/6cSYVV21o7T1iMclovdKqnLqy2d.jpg,33,1.0,0.0,1.0,0.4,0.3243,0.4,
72654,Parents,Foreldrar,variant,/xxI1XYYXrzTRaTaog1tjE7scC6J.jpg,754,1.0,0.0,1.0,0.0,0.0,0.0,
74650,Fantasmi,Fantasmi,primary,/vKMfMV1vPsRTiM4YQk603rMTdMh.jpg,232,0.0,0.0,0.0,0.0683,0.0683,0.0683,
74650,Fantasmi,Fantasmi,variant,/8ykbl5Ax5LRg5UjJu2vlmngXjmg.jpg,30,0.0,0.0,0.0,0.4706,0.4706,0.4706,
74650,Fantasmi,Fantasmi,variant,/vKMfMV1vPsRTiM4YQk603rMTdMh.jpg,232,0.0,0.0,0.0,0.0683,0.0683,0.0683,
76659,Beautiful Swordswomen: Double Seppuku,美女剣士・二人切腹,primary,/bLXl3iBAUoDAVK7z3m8kXd7AAye.jpg,64,0.0,0.0,0.0,0.1364,0.0,0.1364,
76659,Beautiful Swordswomen: Double Seppuku,美女剣士・二人切腹,variant,/bLXl3iBAUoDAVK7z3m8kXd7AAye.jpg,64,0.0,0.0,0.0,0.1364,0.0,0.1364,
76659,Beautiful Swordswomen: Double Seppuku,美女剣士・二人切腹,variant,/nVYUiszbH7MvhD3pHPnkKbUKtfS.jpg,0,0.0,0.0,0.0,0.0,0.0,0.0,
80528,The Darkening,The Darkening,primary,/wicP7cM37z3uhNdV5SwoPBZfib6.jpg,28,0.0,0.0,0.0,0.3429,0.3429,0.3429,
80528,The Darkening,The Darkening,variant,/wicP7cM37z3uhNdV5SwoPBZfib6.jpg,28,0.0,0.0,0.0,0.3429,0.3429,0.3429,
81489,Carnivorous,Carnivorous,primary,/uJw5Tb7oCoBoalWKfvTxwt9zVZE.jpg,80,0.0,0.0,0.0,0.1026,0.1026,0.1026,
81489,Carnivorous,Carnivorous,variant,/uJw5Tb7oCoBoalWKfvTxwt9zVZE.jpg,80,0.0,0.0,0.0,0.1026,0.1026,0.1026,
82828,Melancholia,メランコリア,primary,/vmXW0lTUEkjpLdOuzZ06kyTca4T.jpg,501,0.0,0.0,0.0,0.0138,0.0,0.0138,
82828,Melancholia,メランコリア,variant,/vmXW0lTUEkjpLdOuzZ06kyTca4T.jpg,501,0.0,0.0,0.0,0.0138,0.0,0.0138,
82972,Curio,Curio,primary,/pFupZQWYGKBaMg9dZhcfj88BZ4A.jpg,133,1.0,1.0,1.0,0.0917,0.0917,0.0917,
82972,Curio,Curio,variant,/fLD3a9bc24ioDcPb2VVwat9HO00.jpg,35,0.0,0.0,0.0,0.2286,0.2286,0.2286,
82972,Curio,Curio,variant,/pFupZQWYGKBaMg9dZhcfj88BZ4A.jpg,133,1.0,1.0,1.0,0.0917,0.0917,0.0917,
83833,Nostrum,Nostrum,primary,/y33jBhkZAX8hw5WYwze44WCT2CE.jpg,549,0.0,0.0,0.0,0.0,0.0,0.0,
83833,Nostrum,Nostrum,variant,/y33jBhkZAX8hw5WYwze44WCT2CE.jpg,549,0.0,0.0,0.0,0.0,0.0,0.0,
84233,Don't Hang Up,Don't Hang Up,primary,/fccbAyx3DcSHwlR6iwEfwVFhvyD.jpg,95,1.0,1.0,1.0,0.241,0.241,0.241,
84233,Don't Hang Up,Don't Hang Up,variant,/1vVhbo2yoVdoxIdkQWPifQtYfaN.jpg,156,0.3333,0.3333,0.3333,0.1374,0.1374,0.1374,
84233,Don't Hang Up,Don't Hang Up,variant,/Ap5Eg4tn2hSveoQfNoeswL8NBri.jpg,309,0.3333,0.3333,0.3333,0.0,0.0,0.0,
84233,Don't Hang Up,Don't Hang Up,variant,/fccbAyx3DcSHwlR6iwEfwVFhvyD.jpg,95,1.0,1.0,1.0,0.241,0.241,0.241,
84233,Don't Hang Up,Don't Hang Up,variant,/hmMO6JPOrdf63n3emcaeRwb6h6z.jpg,18,0.0,0.0,0.0,0.48,0.48,0.48,
84233,Don't Hang Up,Don't Hang Up,variant,/tV4nKWtWBcoxckaEqMawSUSUSCs.jpg,306,0.3333,0.3333,0.3333,0.0,0.0,0.0,
92312,Django the Bastard,Django il bastardo,primary,/mEgACOh9FGP9g9XoAp8T4kYVK96.jpg,62,1.0,0.3333,1.0,0.5,0.4375,0.5,
92312,Django the Bastard,Django il bastardo,variant,/gtzylsOLaSkMGZDBiFb5PGbrT9A.jpg,84,1.0,0.3333,1.0,0.3855,0.3373,0.3855,
92312,Django the Bastard,Django il bastardo,variant,/kCLooHddDxzBnNPfYnJzzeAa560.jpg,123,1.0,0.3333,1.0,0.2883,0.2523,0.2883,
92312,Django the Bastard,Django il bastardo,variant,/lM9kTdGGSOTkSIHLbXX0SeZRQGr.jpg,21,0.3333,0.0,0.3333,0.2286,0.3429,0.3429,
92312,Django the Bastard,Django il bastardo,variant,/mEgACOh9FGP9g9XoAp8T4kYVK96.jpg,62,1.0,0.3333,1.0,0.5,0.4375,0.5,
92312,Django the Bastard,Django il bastardo,variant,/t3BEghEMWpCYuvNxVJc0QPXjqGa.jpg,142,1.0,0.3333,1.0,0.25,0.2188,0.25,
95008,Scream... and Die!,Scream... and Die!,primary,/lASZNs0GbkObV1ErUhzwgfIpNj9.jpg,14,1.0,1.0,1.0,1.0,1.0,1.0,
95008,Scream... and Die!,Scream... and Die!,variant,/46XK9HCl6n9P6QEbp6MqIAgEzOr.jpg,399,0.3333,0.3333,0.3333,0.0,0.0,0.0,
95008,Scream... and Die!,Scream... and Die!,variant,/4hZYGJrcmwMNK48A0VQWKI4W4zC.jpg,23,0.0,0.0,0.0,0.375,0.375,0.375,
95008,Scream... and Die!,Scream... and Die!,variant,/aio85fbghDTwnL0NUrWGmsFKp9n.jpg,560,0.3333,0.3333,0.3333,0.0,0.0,0.0,
95008,Scream... and Die!,Scream... and Die!,variant,/lASZNs0GbkObV1ErUhzwgfIpNj9.jpg,14,1.0,1.0,1.0,1.0,1.0,1.0,
95008,Scream... and Die!,Scream... and Die!,variant,/pKdkR0xy0BW9yphKRCzwimWHWUE.jpg,23,0.0,0.0,0.0,0.375,0.375,0.375,
100467,The Hand That Feeds the Dead,La mano che nutre la morte,primary,/wijtfpys0hHRi9ZGSYh7T3aJxCt.jpg,28,1.0,0.0,1.0,1.0,0.2727,1.0,
100467,The Hand That Feeds the Dead,La mano che nutre la morte,variant,/wijtfpys0hHRi9ZGSYh7T3aJxCt.jpg,28,1.0,0.0,1.0,1.0,0.2727,1.0,
100467,The Hand That Feeds the Dead,La mano che nutre la morte,variant,/xoE8nwmet7eQMQRTZ2rRJQmMJ86.jpg,25,0.0,0.0,0.0,0.1364,0.2381,0.2381,
101730,Henge,Henge,primary,/6lWQjl6cQwBT8lF0a5g52S6n2lb.jpg,32,0.0,0.0,0.0,0.1818,0.1818,0.1818,
101730,Henge,Henge,variant,/6lWQjl6cQwBT8lF0a5g52S6n2lb.jpg,32,0.0,0.0,0.0,0.1818,0.1818,0.1818,
101730,Henge,Henge,variant,/g1273UI7b05AxfIifNoW17oX5cf.jpg,6,0.0,0.0,0.0,0.2222,0.2222,0.2222,
102762,Awakening,Awakening,primary,/jUvlPAF8vCYtkmpus3LvwsQGwwd.jpg,610,0.0,0.0,0.0,0.0038,0.0038,0.0038,
102762,Awakening,Awakening,variant,/jUvlPAF8vCYtkmpus3LvwsQGwwd.jpg,610,0.0,0.0,0.0,0.0038,0.0038,0.0038,
109703,Cadaver Bay,Cadaver Bay,primary,/nzADzqDkgkilCPaQf1sNsR4X2cB.jpg,86,0.0,0.0,0.0,0.1205,0.1205,0.1205,
109703,Cadaver Bay,Cadaver Bay,variant,/nzADzqDkgkilCPaQf1sNsR4X2cB.jpg,86,0.0,0.0,0.0,0.1205,0.1205,0.1205,
109707,Flora,Flora,primary,/mgHbHHaclA8YfPvQBi6wRb8q1EY.jpg,5,1.0,1.0,1.0,1.0,1.0,1.0,
109707,Flora,Flora,variant,/3YDHzKDQCOhZD0zmkl9WgbStNM4.jpg,0,0.0,0.0,0.0,0.0,0.0,0.0,
109707,Flora,Flora,variant,/j6mXoaE3s3ky1kldjBVnnz6gZac.jpg,5,0.0,0.0,0.0,0.4444,0.4444,0.4444,
109707,Flora,Flora,variant,/jgofwLTLMVt2Xp4aPSqly7Nnmm6.jpg,116,0.0,0.0,0.0,0.099,0.099,0.099,
109707,Flora,Flora,variant,/mgHbHHaclA8YfPvQBi6wRb8q1EY.jpg,5,1.0,1.0,1.0,1.0,1.0,1.0,
109707,Flora,Flora,variant,/viCVRUXEeSh3Xa9nwamgNTRynxQ.jpg,9,0.0,0.0,0.0,0.6667,0.6667,0.6667,
110772,Stille Nacht IV: Can't Go Wrong Without You,Stille Nacht IV: Can't Go Wrong Without You,primary,/1CHe4IOSHYoZzb7oV7eh4lVUH1x.jpg,66,0.875,0.875,0.875,0.6667,0.6667,0.6667,
110772,Stille Nacht IV: Can't Go Wrong Without You,Stille Nacht IV: Can't Go Wrong Without You,variant,/1CHe4IOSHYoZzb7oV7eh4lVUH1x.jpg,66,0.875,0.875,0.875,0.6667,0.6667,0.6667,
110772,Stille Nacht IV: Can't Go Wrong Without You,Stille Nacht IV: Can't Go Wrong Without You,variant,/cgQCJZaVoeCkdt13eh9ot8acZqd.jpg,67,0.0,0.0,0.0,0.2198,0.2198,0.2198,
110772,Stille Nacht IV: Can't Go Wrong Without You,Stille Nacht IV: Can't Go Wrong Without You,variant,/furozn9qtWgCrXHcywYGXHgeTuc.jpg,15,0.375,0.375,0.375,0.5532,0.5532,0.5532,
122742,El asesino del parking,El asesino del parking,primary,/gEi29ztmZ5G8qvDn5MdYwYd4tpC.jpg,264,0.0,0.0,0.0,0.0255,0.0255,0.0255,
122742,El asesino del parking,El asesino del parking,variant,/gEi29ztmZ5G8qvDn5MdYwYd4tpC.jpg,264,0.0,0.0,0.0,0.0255,0.0255,0.0255,
124046,B.O.R.N.,B.O.R.N.,primary,/trUBdVKkA3K2G1czud2hejVlYGl.jpg,21,0.0,0.0,0.0,0.1,0.1,0.1,
124046,B.O.R.N.,B.O.R.N.,variant,/eP4EzCF17EEerXMQGCPlqHtdYAV.jpg,597,0.0,0.0,0.0,0.0,0.0,0.0,
124046,B.O.R.N.,B.O.R.N.,variant,/trUBdVKkA3K2G1czud2hejVlYGl.jpg,21,0.0,0.0,0.0,0.1,0.1,0.1,
125294,Rough Draft,Rough Draft,primary,/w46brjapQYaZon6GHtiVeehmJ4T.jpg,78,1.0,1.0,1.0,0.274,0.274,0.274,
125294,Rough Draft,Rough Draft,variant,/eYgvetyNQK3paZqZ1UvPjbvRuHy.jpg,95,0.0,0.0,0.0,0.1379,0.1379,0.1379,
125294,Rough Draft,Rough Draft,variant,/w46brjapQYaZon6GHtiVeehmJ4T.jpg,78,1.0,1.0,1.0,0.274,0.274,0.274,
128655,Haunted High,Haunted High,primary,/ifZy0E6ulw73yb2pbkaKiQAr07T.jpg,130,0.5,0.5,0.5,0.1639,0.1639,0.1639,
128655,Haunted High,Haunted High,variant,/ajyIf0vd4yxtC8l1bbwIbi16BKm.jpg,10,0.0,0.0,0.0,0.1905,0.1905,0.1905,
128655,Haunted High,Haunted High,variant,/ifZy0E6ulw73yb2pbkaKiQAr07T.jpg,130,0.5,0.5,0.5,0.1639,0.1639,0.1639,
128655,Haunted High,Haunted High,variant,/vvBldMlCmq7WDI6eoWIHSAe1JfE.jpg,68,0.0,0.0,0.0,0.1791,0.1791,0.1791,
131575,Fear Has 1000 Eyes,Skräcken har 1000 ögon,primary,/vwz6fTY8YFkouYjeTMJY9l4pEwq.jpg,19,0.75,0.0,0.75,1.0,0.4375,1.0,
131575,Fear Has 1000 Eyes,Skräcken har 1000 ögon,variant,/vwz6fTY8YFkouYjeTMJY9l4pEwq.jpg,19,0.75,0.0,0.75,1.0,0.4375,1.0,
131575,Fear Has 1000 Eyes,Skräcken har 1000 ögon,variant,/z3lzHWlGRs5pD3qgDlIDtFAMojH.jpg,95,0.0,0.0,0.0,0.1649,0.202,0.202,
131815,The Sea Serpent,Serpiente de mar,primary,/u04cvzPQTmz60zxTbXFCgPH3ncO.jpg,27,0.3333,0.0,0.3333,0.3333,0.3784,0.3784,
131815,The Sea Serpent,Serpiente de mar,variant,/u04cvzPQTmz60zxTbXFCgPH3ncO.jpg,27,0.3333,0.0,0.3333,0.3333,0.3784,0.3784,
135973,Pennhurst,Pennhurst,primary,/nB5XpTMsO6ukDV0vzjseM45sKFa.jpg,157,1.0,1.0,1.0,0.1295,0.1295,0.1295,
135973,Pennhurst,Pennhurst,variant,/mFjoBkzeDbBmxM8jVfYcHOmmIac.jpg,53,0.0,0.0,0.0,0.1667,0.1667,0.1667,
135973,Pennhurst,Pennhurst,variant,/nB5XpTMsO6ukDV0vzjseM45sKFa.jpg,157,1.0,1.0,1.0,0.1295,0.1295,0.1295,
144839,Evil Stalks This House,Evil Stalks This House,primary,/62F7aEOKyqmfkDtG4fN9YZasGsY.jpg,23,1.0,1.0,1.0,1.0,1.0,1.0,
144839,Evil Stalks This House,Evil Stalks This House,variant,/62F7aEOKyqmfkDtG4fN9YZasGsY.jpg,23,1.0,1.0,1.0,1.0,1.0,1.0,
144839,Evil Stalks This House,Evil Stalks This House,variant,/e79AoyQhHzuzFR4yPY5ewQqhAFp.jpg,51,0.0,0.0,0.0,0.4545,0.4545,0.4545,
144909,Charm,Charm,primary,/pS9d7Qz5IjbOzJr1XJPNhuaUm4r.jpg,114,0.0,0.0,0.0,0.098,0.098,0.098,
144909,Charm,Charm,variant,/pS9d7Qz5IjbOzJr1XJPNhuaUm4r.jpg,114,0.0,0.0,0.0,0.098,0.098,0.098,
163543,Shelf Life,Shelf Life,primary,/75jaF5REzdTuGUTs4fZoNkk0iHZ.jpg,632,1.0,1.0,1.0,0.0036,0.0036,0.0036,
163543,Shelf Life,Shelf Life,variant,/75jaF5REzdTuGUTs4fZoNkk0iHZ.jpg,632,1.0,1.0,1.0,0.0036,0.0036,0.0036,
163543,Shelf Life,Shelf Life,variant,/mCwnXpiPIyCMeWnIGVzsdRs6PqW.jpg,98,0.0,0.0,0.0,0.086,0.086,0.086,
164423,Ghost of the Needle,Ghost of the Needle,primary,/1LS2hvSXLx7T8CWUgpcUwwBHC46.jpg,259,0.25,0.25,0.25,0.0369,0.0369,0.0369,
164423,Ghost of the Needle,Ghost of the Needle,variant,/1LS2hvSXLx7T8CWUgpcUwwBHC46.jpg,259,0.25,0.25,0.25,0.0369,0.0369,0.0369,
192252,The Princess and Toxicant,蛇山蠱女,primary,/lGlYpE4BX691WjjvoKCSFtspKg7.jpg,47,0.0,0.0,0.0,0.2581,0.0,0.2581,
192252,The Princess and Toxicant,蛇山蠱女,variant,/es37DEHY8Kx6SxXZrwGdhnKvVLe.jpg,9,0.0,0.0,0.0,0.0645,0.0,0.0645,
192573,Zapatlela,झपाटलेला,primary,/r7lWqWPUXJ3gqjNQubgaOCSI0tR.jpg,173,0.0,0.0,0.0,0.0927,0.0,0.0927,
192573,Zapatlela,झपाटलेला,variant,/w4GMCJhPbrJN681t6UiaoQgsxo7.jpg,168,0.0,0.0,0.0,0.0781,0.0,0.0781,
200377,The Evolution of Snuff,The Evolution of Snuff,primary,/8o6H3httwOtAWQPOIXHm9qUKKbd.jpg,45,0.25,0.25,0.25,0.2759,0.2759,0.2759,
200377,The Evolution of Snuff,The Evolution of Snuff,variant,/8o6H3httwOtAWQPOIXHm9qUKKbd.jpg,45,0.25,0.25,0.25,0.2759,0.2759,0.2759,
200672,Torro. Torro. Torro!,Torro. Torro. Torro!,primary,/3sCzrtgWaimNKVXk9FHRPx0Q2I4.jpg,191,0.0,0.0,0.0,0.0245,0.0245,0.0245,
200672,Torro. Torro. Torro!,Torro. Torro. Torro!,variant,/3sCzrtgWaimNKVXk9FHRPx0Q2I4.jpg,191,0.0,0.0,0.0,0.0245,0.0245,0.0245,
200803,Altered Species,Altered Species,primary,/93mzxkyy5kaDM1fXXTL2f7yWdHv.jpg,43,1.0,1.0,1.0,0.5957,0.5957,0.5957,
200803,Altered Species,Altered Species,variant,/18zduK9buWIrOjTaZeE5xc91uUE.jpg,43,1.0,1.0,1.0,0.5714,0.5714,0.5714,
200803,Altered Species,Altered Species,variant,/1ki6TnBxlKG81ZbaXvaxEa7BXcK.jpg,26,0.0,0.0,0.0,0.2941,0.2941,0.2941,
200803,Altered Species,Altered Species,variant,/93mzxkyy5kaDM1fXXTL2f7yWdHv.jpg,43,1.0,1.0,1.0,0.5957,0.5957,0.5957,
204611,The McPherson Tape,The McPherson Tape,primary,/7HT0pnqdIejrjciSnYDvVGL4rXB.jpg,18,1.0,1.0,1.0,1.0,1.0,1.0,
204611,The McPherson Tape,The McPherson Tape,variant,/4P1pxi5BVMoj7xn80RwSBkPYvSO.jpg,340,1.0,1.0,1.0,0.0,0.0,0.0,
204611,The McPherson Tape,The McPherson Tape,variant,/7HT0pnqdIejrjciSnYDvVGL4rXB.jpg,18,1.0,1.0,1.0,1.0,1.0,1.0,
204611,The McPherson Tape,The McPherson Tape,variant,/Ap6zknBoIHaioieVfOLd5qaWd4X.jpg,78,0.0,0.0,0.0,0.2078,0.2078,0.2078,
204611,The McPherson Tape,The McPherson Tape,variant,/eaXUved6yrQw98nzoyoNi9mETpE.jpg,176,1.0,1.0,1.0,0.2092,0.2092,0.2092,
204611,The McPherson Tape,The McPherson Tape,variant,/g65RZ82jaxwDkVWBK1Dfs90rE80.jpg,18,1.0,1.0,1.0,1.0,1.0,1.0,
208703,Rufus,Rufus,primary,/4HaHva32h3bZ7UfbQmOhzbGJ0Gb.jpg,5,1.0,1.0,1.0,1.0,1.0,1.0,
208703,Rufus,Rufus,variant,/4HaHva32h3bZ7UfbQmOhzbGJ0Gb.jpg,5,1.0,1.0,1.0,1.0,1.0,1.0,
208703,Rufus,Rufus,variant,/aL7Lqv1iyZ6HAulWDjJvhwJNeIA.jpg,118,0.0,0.0,0.0,0.1031,0.1031,0.1031,
208703,Rufus,Rufus,variant,/hNtN4JIFwCRTauHvYkvIsuFgm08.jpg,632,1.0,1.0,1.0,0.0,0.0,0.0,
208703,Rufus,Rufus,variant,/uyC6GVVk4VW2OQ2LaVzJZn4yjR2.jpg,306,1.0,1.0,1.0,0.0467,0.0467,0.0467,
210587,Yellow,Yellow,primary,/3olg9GQuC7xtym6H1gEVHznm8ee.jpg,96,0.0,0.0,0.0,0.0976,0.0976,0.0976,
210587,Yellow,Yellow,variant,/3olg9GQuC7xtym6H1gEVHznm8ee.jpg,96,0.0,0.0,0.0,0.0976,0.0976,0.0976,
210587,Yellow,Yellow,variant,/cH0uNpmMUdg9Nu8J4qFRtsTSdFc.jpg,72,0.0,0.0,0.0,0.1493,0.1493,0.1493,
210734,Battlefield Death Tales,Battlefield Death Tales,primary,/z453yQUIEXI5mG695ZfeEMkDZnx.jpg,41,0.0,0.0,0.0,0.3636,0.3636,0.3636,
210734,Battlefield Death Tales,Battlefield Death Tales,variant,/z453yQUIEXI5mG695ZfeEMkDZnx.jpg,41,0.0,0.0,0.0,0.3636,0.3636,0.3636,
214680,Convergence,Convergence,primary,/b15UobERIODyWwjuIGVRKLBLBkO.jpg,101,0.0,0.0,0.0,0.1649,0.1649,0.1649,
214680,Convergence,Convergence,variant,/b15UobERIODyWwjuIGVRKLBLBkO.jpg,101,0.0,0.0,0.0,0.1649,0.1649,0.1649,
215280,Billy Badd,Billy Badd,primary,/zJwP5epnNOuna569g2fI9QZeeJ1.jpg,423,0.0,0.0,0.0,0.0,0.0,0.0,
215280,Billy Badd,Billy Badd,variant,/zJwP5epnNOuna569g2fI9QZeeJ1.jpg,423,0.0,0.0,0.0,0.0,0.0,0.0,
216139,Burned at the Stake,Burned at the Stake,primary,/qmMaHJxlcOG7ZByHbO3DPR2KUVD.jpg,372,0.5,0.5,0.5,0.0126,0.0126,0.0126,
216139,Burned at the Stake,Burned at the Stake,variant,/3Bf7YXI9d8cCjMznG71lN62tmqQ.jpg,235,0.25,0.25,0.25,0.134,0.134,0.134,
216139,Burned at the Stake,Burned at the Stake,variant,/5OZ4xqffLbksRdUMXulvnp0g7Na.jpg,352,0.25,0.25,0.25,0.0135,0.0135,0.0135,
216139,Burned at the Stake,Burned at the Stake,variant,/ilNuzMpeK5oWcylIfc5qtDc9nXa.jpg,9,0.25,0.25,0.25,0.25,0.25,0.25,
216139,Burned at the Stake,Burned at the Stake,variant,/pkIqyBH9snYlgO5p74rZOqnVdYB.jpg,9,0.25,0.25,0.25,0.25,0.25,0.25,
216139,Burned at the Stake,Burned at the Stake,variant,/qmMaHJxlcOG7ZByHbO3DPR2KUVD.jpg,372,0.5,0.5,0.5,0.0126,0.0126,0.0126,
217903,El virus del poder,El virus del poder,primary,/wnx0OxIJiWfChDJ2GuGsKqk4RWS.jpg,122,1.0,1.0,1.0,0.25,0.25,0.25,
217903,El virus del poder,El virus del poder,variant,/wnx0OxIJiWfChDJ2GuGsKqk4RWS.jpg,122,1.0,1.0,1.0,0.25,0.25,0.25,
219961,Sonata,Sonata,primary,/A1C6UkDJudXNeTRjB33J9iJASQg.jpg,56,0.0,0.0,0.0,0.1633,0.1633,0.1633,
219961,Sonata,Sonata,variant,/A1C6UkDJudXNeTRjB33J9iJASQg.jpg,56,0.0,0.0,0.0,0.1633,0.1633,0.1633,
223281,The Unspeakable,The Unspeakable,primary,/k3QdOgPjhJsjbd4xjM96gGzPcxr.jpg,15,1.0,1.0,1.0,1.0,1.0,1.0,
223281,The Unspeakable,The Unspeakable,variant,/ApCMWR2jg45lZTGMjN2JIpIwePj.jpg,121,0.0,0.0,0.0,0.1552,0.1552,0.1552,
223281,The Unspeakable,The Unspeakable,variant,/k3QdOgPjhJsjbd4xjM96gGzPcxr.jpg,15,1.0,1.0,1.0,1.0,1.0,1.0,
223344,Maxie,Maxie,primary,/b8oVCFTxDwF2m5CQwgqzdpppkIp.jpg,204,0.0,0.0,0.0,0.0473,0.0473,0.0473,
223344,Maxie,Maxie,variant,/b8oVCFTxDwF2m5CQwgqzdpppkIp.jpg,204,0.0,0.0,0.0,0.0473,0.0473,0.0473,
226023,The Men Who Fell,The Men Who Fell,primary,/qUnmfvrrmn1BFcc7KkXyzwwRrHi.jpg,139,0.0,0.0,0.0,0.124,0.124,0.124,
226023,The Men Who Fell,The Men Who Fell,variant,/qUnmfvrrmn1BFcc7KkXyzwwRrHi.jpg,139,0.0,0.0,0.0,0.124,0.124,0.124,
227433,Hong-Do Mirror,홍도경,primary,/tFyHHxAMmwA76jTb9YRQoocFRmw.jpg,22,0.0,0.0,0.0,0.375,0.0,0.375,
227433,Hong-Do Mirror,홍도경,variant,/kOUieBvzEb10n6nFA4HjfZ6WZag.jpg,381,0.0,0.0,0.0,0.0,0.0,0.0,
227433,Hong-Do Mirror,홍도경,variant,/tFyHHxAMmwA76jTb9YRQoocFRmw.jpg,22,0.0,0.0,0.0,0.375,0.0,0.375,
244305,The Ice House,The Ice House,primary,/x0SzhzlHaOL0oJXo0NkXjPpF9aN.jpg,233,1.0,1.0,1.0,0.1078,0.1078,0.1078,
244305,The Ice House,The Ice House,variant,/tnaaNtJ6x9Es6nErSIoK9Y5izI2.jpg,201,0.3333,0.3333,0.3333,0.1176,0.1176,0.1176,
244305,The Ice House,The Ice House,variant,/x0SzhzlHaOL0oJXo0NkXjPpF9aN.jpg,233,1.0,1.0,1.0,0.1078,0.1078,0.1078,
250172,Martyris,Martyris,primary,/xBJo7IqWXlStHudpHTFXlSsZG5s.jpg,286,0.0,0.0,0.0,0.0753,0.0753,0.0753,
250172,Martyris,Martyris,variant,/xBJo7IqWXlStHudpHTFXlSsZG5s.jpg,286,0.0,0.0,0.0,0.0753,0.0753,0.0753,
250788,Savage Encounter,Savage Encounter,primary,/4Y2Kmg6NLLy4KX9egc5D4Zb2O5I.jpg,128,1.0,1.0,1.0,0.2542,0.2542,0.2542,
250788,Savage Encounter,Savage Encounter,variant,/4Y2Kmg6NLLy4KX9egc5D4Zb2O5I.jpg,128,1.0,1.0,1.0,0.2542,0.2542,0.2542,
250788,Savage Encounter,Savage Encounter,variant,/fyHhjGJkTYCIIoRFM1v0YvuW50Q.jpg,53,0.0,0.0,0.0,0.2667,0.2667,0.2667,
251526,The Mutagen,The Mutagen,primary,/ezpSbTs0epele0tkVKSRkhS7mco.jpg,82,0.0,0.0,0.0,0.1918,0.1918,0.1918,
251526,The Mutagen,The Mutagen,variant,/ezpSbTs0epele0tkVKSRkhS7mco.jpg,82,0.0,0.0,0.0,0.1918,0.1918,0.1918,
254701,The Mask of Love,The Mask of Love,primary,/laWI93XRbbI2qEnAFPETLUkNwD5.jpg,115,0.25,0.25,0.25,0.1463,0.1463,0.1463,
254701,The Mask of Love,The Mask of Love,variant,/laWI93XRbbI2qEnAFPETLUkNwD5.jpg,115,0.25,0.25,0.25,0.1463,0.1463,0.1463,
257275,The Night Comes Too Soon,The Night Comes Too Soon,primary,/5cbhJNkBnonH6qJQgMDyc2qf0Eb.jpg,25,0.2,0.2,0.2,0.5854,0.5854,0.5854,
257275,The Night Comes Too Soon,The Night Comes Too Soon,variant,/5cbhJNkBnonH6qJQgMDyc2qf0Eb.jpg,25,0.2,0.2,0.2,0.5854,0.5854,0.5854,
257275,The Night Comes Too Soon,The Night Comes Too Soon,variant,/o6fjBFJ4SVonfHMcH6cZnEUhtkq.jpg,31,0.2,0.2,0.2,0.5455,0.5455,0.5455,
257275,The Night Comes Too Soon,The Night Comes Too Soon,variant,/rweShW7qbgcYzrCFgLMTlWoBjFp.jpg,259,0.2,0.2,0.2,0.0,0.0,0.0,
258726,The Game,Il gioko,primary,/cdyvTnRAOxVbQfRtV7pT6rhzHkK.jpg,35,0.0,0.0,0.0,0.2778,0.1111,0.2778,
258726,The Game,Il gioko,variant,/4i7VaKbVaZImYmokFSD05KQTo1v.jpg,35,0.0,0.0,0.0,0.2778,0.1111,0.2778,
258726,The Game,Il gioko,variant,/cdyvTnRAOxVbQfRtV7pT6rhzHkK.jpg,35,0.0,0.0,0.0,0.2778,0.1111,0.2778,
258726,The Game,Il gioko,variant,/e0p03Vy5V76xkFUCGnTTCzRm3Dy.jpg,14,0.0,0.0,0.0,0.3158,0.2105,0.3158,
259828,Bloodless,Bloodless,primary,/474HmunD3keIwtapMuRdTKB2pPF.jpg,86,0.0,0.0,0.0,0.08,0.08,0.08,
259828,Bloodless,Bloodless,variant,/474HmunD3keIwtapMuRdTKB2pPF.jpg,86,0.0,0.0,0.0,0.08,0.08,0.08,
260824,Under Surveillance,Under Surveillance,primary,/kdgMFG1sY3oXPDoYelHCgKa8qqP.jpg,203,0.0,0.0,0.0,0.129,0.129,0.129,
260824,Under Surveillance,Under Surveillance,variant,/kdgMFG1sY3oXPDoYelHCgKa8qqP.jpg,203,0.0,0.0,0.0,0.129,0.129,0.129,
262919,Catacombs,Catacombs,primary,/jaMF5hgc9U11vrbVEdFmsHA2nVJ.jpg,79,0.0,0.0,0.0,0.1159,0.1159,0.1159,
262919,Catacombs,Catacombs,variant,/4XCKGjc7prSSij4WmV5pKkmwfRe.jpg,79,0.0,0.0,0.0,0.1159,0.1159,0.1159,
262919,Catacombs,Catacombs,variant,/gqbuXMErRMrmRc55m35Y10WCmtZ.jpg,28,0.0,0.0,0.0,0.2,0.2,0.2,
262919,Catacombs,Catacombs,variant,/jaMF5hgc9U11vrbVEdFmsHA2nVJ.jpg,79,0.0,0.0,0.0,0.1159,0.1159,0.1159,
262919,Catacombs,Catacombs,variant,/yvcA2W1NatlB3EscX8ARShCnZ8J.jpg,320,0.0,0.0,0.0,0.0,0.0,0.0,
265321,A Shred Of Mist,A Shred Of Mist,primary,/1cy71eeNjdhbTZSVkOa24fsAHyQ.jpg,351,0.3333,0.3333,0.3333,0.0072,0.0072,0.0072,
265321,A Shred Of Mist,A Shred Of Mist,variant,/1cy71eeNjdhbTZSVkOa24fsAHyQ.jpg,351,0.3333,0.3333,0.3333,0.0072,0.0072,0.0072,
272100,Supernatural,Sobrenatural,primary,/53KU5vgHQtjh5xwFqbRmDUVZYqj.jpg,12,1.0,0.0,1.0,1.0,0.75,1.0,
272100,Supernatural,Sobrenatural,variant,/53KU5vgHQtjh5xwFqbRmDUVZYqj.jpg,12,1.0,0.0,1.0,1.0,0.75,1.0,
272100,Supernatural,Sobrenatural,variant,/jCMZ4RfPmZYCjdanXNxRwDCdYbi.jpg,178,0.0,0.0,0.0,0.1538,0.141,0.1538,
272100,Supernatural,Sobrenatural,variant,/qKQ5i3uzBQpy9dWfx6gWV29XA48.jpg,45,1.0,0.0,1.0,0.4706,0.3529,0.4706,
272100,Supernatural,Sobrenatural,variant,/u56mJuKMXK9adQYv1PxZlo8r1mi.jpg,25,0.0,0.0,0.0,0.2941,0.3529,0.3529,
272100,Supernatural,Sobrenatural,variant,/zlIocb3R6e0DwXucHNMhHEBThrS.jpg,13,0.0,0.0,0.0,1.0,0.75,1.0,
273418,Killer Dead,Killer Dead,primary,/mYuEWRvrxGKHGPzdxXY00rGRJHC.jpg,94,0.0,0.0,0.0,0.1429,0.1429,0.1429,
273418,Killer Dead,Killer Dead,variant,/mYuEWRvrxGKHGPzdxXY00rGRJHC.jpg,94,0.0,0.0,0.0,0.1429,0.1429,0.1429,
275203,Locked in a Room,Locked in a Room,primary,/qCVl8zow8BuYhPrIeXExTnGE7pm.jpg,16,1.0,1.0,1.0,0.7692,0.7692,0.7692,
275203,Locked in a Room,Locked in a Room,variant,/jdlC72Q6uD5ZaowkxUYpjxYwaKp.jpg,89,0.0,0.0,0.0,0.1395,0.1395,0.1395,
275203,Locked in a Room,Locked in a Room,variant,/qCVl8zow8BuYhPrIeXExTnGE7pm.jpg,16,1.0,1.0,1.0,0.7692,0.7692,0.7692,
276692,Natural Selection,Natural Selection,primary,/kmK64pGj3qJov5PHzA5wlcy1KNG.jpg,202,0.0,0.0,0.0,0.1916,0.1916,0.1916,
276692,Natural Selection,Natural Selection,variant,/kmK64pGj3qJov5PHzA5wlcy1KNG.jpg,202,0.0,0.0,0.0,0.1916,0.1916,0.1916,
277506,Invicta,Invicta,primary,/kaGpoLrYh8EOVu16zJA7iiwXSPw.jpg,36,0.0,0.0,0.0,0.1111,0.1111,0.1111,
277506,Invicta,Invicta,variant,/kaGpoLrYh8EOVu16zJA7iiwXSPw.jpg,36,0.0,0.0,0.0,0.1111,0.1111,0.1111,
280928,A Chilling Cosplay,制服,primary,/o9ROr30gNeL8dRWZSMwyvR9SWw7.jpg,212,0.0,0.0,0.0,0.0719,0.0,0.0719,
280928,A Chilling Cosplay,制服,variant,/o9ROr30gNeL8dRWZSMwyvR9SWw7.jpg,212,0.0,0.0,0.0,0.0719,0.0,0.0719,
286681,Vayanadan Thampan,വയനാടൻ തമ്പാൻ,primary,/boYm1heIyLu0p2E335z3DPiNc49.jpg,227,0.0,0.0,0.0,0.1287,0.0,0.1287,
286681,Vayanadan Thampan,വയനാടൻ തമ്പാൻ,variant,/342UTLrU2GF2gCkDGfBKbj5R6Hn.jpg,44,0.0,0.0,0.0,0.12,0.0,0.12,
289476,Kill Me Tomorrow,Kill Me Tomorrow,primary,/dnLLx5mJ536VEH6YgnFUNAlyJiP.jpg,59,0.0,0.0,0.0,0.1667,0.1667,0.1667,
289476,Kill Me Tomorrow,Kill Me Tomorrow,variant,/dnLLx5mJ536VEH6YgnFUNAlyJiP.jpg,59,0.0,0.0,0.0,0.1667,0.1667,0.1667,
290696,Dysmorphia,Dysmorphia,primary,/2ljxAHBIQKNBgSuLGamPwPKGYBU.jpg,10,1.0,1.0,1.0,1.0,1.0,1.0,
290696,Dysmorphia,Dysmorphia,variant,/2ljxAHBIQKNBgSuLGamPwPKGYBU.jpg,10,1.0,1.0,1.0,1.0,1.0,1.0,
290696,Dysmorphia,Dysmorphia,variant,/cBt6WsFifGCzxYWATsHE44GX1gs.jpg,104,0.0,0.0,0.0,0.1837,0.1837,0.1837,
290696,Dysmorphia,Dysmorphia,variant,/mzphRpi9mQVYUNxGkYYHiaM4Qii.jpg,27,0.0,0.0,0.0,0.1818,0.1818,0.1818,
290696,Dysmorphia,Dysmorphia,variant,/o06KZiy9YO6zod6UomN9OF9arg3.jpg,104,1.0,1.0,1.0,0.2041,0.2041,0.2041,
290696,Dysmorphia,Dysmorphia,variant,/squ5018FILEPRPMll9i3JmyaHrU.jpg,10,1.0,1.0,1.0,1.0,1.0,1.0,
290732,VIViD,VIViD,primary,/VirWpx8UbFlKk2LuUIPJrCcBbn.jpg,22,1.0,1.0,1.0,0.4762,0.4762,0.4762,
290732,VIViD,VIViD,variant,/VirWpx8UbFlKk2LuUIPJrCcBbn.jpg,22,1.0,1.0,1.0,0.4762,0.4762,0.4762,
290732,VIViD,VIViD,variant,/bFMzsjoHEWUedYacdwo5wHQMEVq.jpg,117,0.0,0.0,0.0,0.102,0.102,0.102,
290732,VIViD,VIViD,variant,/hsYfodeQLTPa9YyomOOkga8JHkL.jpg,122,0.0,0.0,0.0,0.0566,0.0566,0.0566,
290732,VIViD,VIViD,variant,/j9Cz9QLGZAPgkLOwhMVs3gjmaNg.jpg,88,1.0,1.0,1.0,0.1282,0.1282,0.1282,
290732,VIViD,VIViD,variant,/rRe20MjzhWKVBZMUolgpkEiq4ym.jpg,26,0.0,0.0,0.0,0.0769,0.0769,0.0769,
292227,Night is the Time For Killing,Night is the Time For Killing,primary,/mqkxympXKa2gsHfQ6KCRPY8Ts92.jpg,120,0.3333,0.3333,0.3333,0.2131,0.2131,0.2131,
292227,Night is the Time For Killing,Night is the Time For Killing,variant,/jGdLkoAHk3gZgUWziYAY39FZNmo.jpg,119,0.1667,0.1667,0.1667,0.2333,0.2333,0.2333,
292227,Night is the Time For Killing,Night is the Time For Killing,variant,/mqkxympXKa2gsHfQ6KCRPY8Ts92.jpg,120,0.3333,0.3333,0.3333,0.2131,0.2131,0.2131,
294488,Maniac Too!,Maniac Too!,primary,/uwWcnJvOi3e6y3n1kv6pt0GP9lQ.jpg,98,0.0,0.0,0.0,0.1348,0.1348,0.1348,
294488,Maniac Too!,Maniac Too!,variant,/uwWcnJvOi3e6y3n1kv6pt0GP9lQ.jpg,98,0.0,0.0,0.0,0.1348,0.1348,0.1348,
299637,Masseur’s Curse,怪談累が渕,primary,/pH2r170zmYOajkLOHNEuPL6wmVP.jpg,57,0.0,0.0,0.0,0.2623,0.0,0.2623,
299637,Masseur’s Curse,怪談累が渕,variant,/3KKesffizAlw4IavqAeXshaorzE.jpg,21,0.0,0.0,0.0,0.1935,0.0,0.1935,
299637,Masseur’s Curse,怪談累が渕,variant,/pH2r170zmYOajkLOHNEuPL6wmVP.jpg,57,0.0,0.0,0.0,0.2623,0.0,0.2623,
300817,Graves & Bones,Grafir og bein,primary,/cXnLR3frbI1ZrEuy2j7Ub7xic0.jpg,14,1.0,0.0,1.0,1.0,0.4348,1.0,
300817,Graves & Bones,Grafir og bein,variant,/cXnLR3frbI1ZrEuy2j7Ub7xic0.jpg,14,1.0,0.0,1.0,1.0,0.4348,1.0,
302038,An Erotic Tale of Ms. Dracula,An Erotic Tale of Ms. Dracula,primary,/nBrYeXLAdqlH30CO2VpMTXgXeTk.jpg,29,1.0,1.0,1.0,1.0,1.0,1.0,
302038,An Erotic Tale of Ms. Dracula,An Erotic Tale of Ms. Dracula,variant,/fGfx64kW8Nf4yoav4xUZVTxlVUu.jpg,42,1.0,1.0,1.0,0.807,0.807,0.807,
302038,An Erotic Tale of Ms. Dracula,An Erotic Tale of Ms. Dracula,variant,/nBrYeXLAdqlH30CO2VpMTXgXeTk.jpg,29,1.0,1.0,1.0,1.0,1.0,1.0,
302038,An Erotic Tale of Ms. Dracula,An Erotic Tale of Ms. Dracula,variant,/rrZ4NBhe9auBM4FB02t51koz4Xq.jpg,44,0.3333,0.3333,0.3333,0.3934,0.3934,0.3934,
302512,Awaken the Devil,Awaken the Devil,primary,/uducCd6iOb5eBaQm18ouZ6aRlmM.jpg,465,0.3333,0.3333,0.3333,0.0102,0.0102,0.0102,
302512,Awaken the Devil,Awaken the Devil,variant,/uducCd6iOb5eBaQm18ouZ6aRlmM.jpg,465,0.3333,0.3333,0.3333,0.0102,0.0102,0.0102,
303898,Cut Throat,Cut Throat,primary,/xtxOdFj4yUZdGMYaTNHaA7VOEaT.jpg,27,1.0,1.0,1.0,0.5806,0.5806,0.5806,
303898,Cut Throat,Cut Throat,variant,/muuGgSWuUSzslDiXjzlvZnwgBvs.jpg,0,0.0,0.0,0.0,0.0,0.0,0.0,
303898,Cut Throat,Cut Throat,variant,/xNnmuiypUYphkSQRXWAeKDBGfNl.jpg,98,0.0,0.0,0.0,0.1176,0.1176,0.1176,
303898,Cut Throat,Cut Throat,variant,/xtxOdFj4yUZdGMYaTNHaA7VOEaT.jpg,27,1.0,1.0,1.0,0.5806,0.5806,0.5806,
303898,Cut Throat,Cut Throat,variant,/yMnKsyieJkn5ceo7FmLuePCFW6p.jpg,0,0.0,0.0,0.0,0.0,0.0,0.0,
308135,Cryptid,Cryptid,primary,/wSODkEM8hm952IXZI73mwBVdJmL.jpg,646,0.0,0.0,0.0,0.0,0.0,0.0,
308135,Cryptid,Cryptid,variant,/wSODkEM8hm952IXZI73mwBVdJmL.jpg,646,0.0,0.0,0.0,0.0,0.0,0.0,
308421,Somebody's There,Somebody's There,primary,/7jV3PYF3sQ2CVRDsIlpUdtNsUUg.jpg,99,0.0,0.0,0.0,0.2062,0.2062,0.2062,
308421,Somebody's There,Somebody's There,variant,/7jV3PYF3sQ2CVRDsIlpUdtNsUUg.jpg,99,0.0,0.0,0.0,0.2062,0.2062,0.2062,
309063,The Ouija Experiment 2: Theatre of Death,The Ouija Experiment 2: Theatre of Death,primary,/oqOvK0nyUCA32qp4xsNONzgMKkR.jpg,58,0.8333,0.8333,0.8333,0.725,0.725,0.725,
309063,The Ouija Experiment 2: Theatre of Death,The Ouija Experiment 2: Theatre of Death,variant,/58TEIAI3ZITDt1n8R0D8bZLx2FW.jpg,88,0.3333,0.3333,0.3333,0.451,0.451,0.451,
309063,The Ouija Experiment 2: Theatre of Death,The Ouija Experiment 2: Theatre of Death,variant,/o3VMaDXxXc8VwvvX82sd418HCcx.jpg,58,0.1667,0.1667,0.1667,0.4557,0.4557,0.4557,
309063,The Ouija Experiment 2: Theatre of Death,The Ouija Experiment 2: Theatre of Death,variant,/oqOvK0nyUCA32qp4xsNONzgMKkR.jpg,58,0.8333,0.8333,0.8333,0.725,0.725,0.725,
321768,Captive,Captive,primary,/Amqdt4zL6wt5StJNxR4blfyMFu8.jpg,629,1.0,1.0,1.0,0.026,0.026,0.026,
321768,Captive,Captive,variant,/Amqdt4zL6wt5StJNxR4blfyMFu8.jpg,629,1.0,1.0,1.0,0.026,0.026,0.026,
321768,Captive,Captive,variant,/fJByYakjLIt9X2pQJtRDqStkMmQ.jpg,37,0.0,0.0,0.0,0.1622,0.1622,0.1622,
322858,The Third Sex,The Third Sex,primary,/snzSFKPWUMFONxYbhivnDkEXnIO.jpg,22,0.0,0.0,0.0,0.2581,0.2581,0.2581,
322858,The Third Sex,The Third Sex,variant,/snzSFKPWUMFONxYbhivnDkEXnIO.jpg,22,0.0,0.0,0.0,0.2581,0.2581,0.2581,
328939,Cheerleader Camp 2 the Death,Cheerleader Camp 2 the Death,primary,/sbrOnyatrFN11VO0EDWtsbYakni.jpg,28,1.0,1.0,1.0,1.0,1.0,1.0,
328939,Cheerleader Camp 2 the Death,Cheerleader Camp 2 the Death,variant,/1QHvGdnH86XQgd40NuTKvwvzaTD.jpg,26,0.5,0.5,0.5,1.0,1.0,1.0,
328939,Cheerleader Camp 2 the Death,Cheerleader Camp 2 the Death,variant,/ka2rXpuvPURcLmc0pYLIXOI63pY.jpg,88,1.0,1.0,1.0,0.5455,0.5455,0.5455,
328939,Cheerleader Camp 2 the Death,Cheerleader Camp 2 the Death,variant,/pfvC8rWfo2disdbV6PpdEAwSCm4.jpg,21,0.0,0.0,0.0,0.3182,0.3182,0.3182,
328939,Cheerleader Camp 2 the Death,Cheerleader Camp 2 the Death,variant,/sbrOnyatrFN11VO0EDWtsbYakni.jpg,28,1.0,1.0,1.0,1.0,1.0,1.0,
328939,Cheerleader Camp 2 the Death,Cheerleader Camp 2 the Death,variant,/tbh13oaArRA186ba0FAAYpIrXxl.jpg,89,1.0,1.0,1.0,0.5169,0.5169,0.5169,
332689,Playing with Dolls,Playing with Dolls,primary,/c2dgNpCRWc1zlgltuvqjyOuiJfY.jpg,18,1.0,1.0,1.0,1.0,1.0,1.0,
332689,Playing with Dolls,Playing with Dolls,variant,/3ZkvAVrjhaYgdf0T1e8Hcqq3AQE.jpg,54,0.0,0.0,0.0,0.1935,0.1935,0.1935,
332689,Playing with Dolls,Playing with Dolls,variant,/9mTZw5FG99Qnb6KeSZ6clSJ73wm.jpg,18,1.0,1.0,1.0,1.0,1.0,1.0,
332689,Playing with Dolls,Playing with Dolls,variant,/c2dgNpCRWc1zlgltuvqjyOuiJfY.jpg,18,1.0,1.0,1.0,1.0,1.0,1.0,
332689,Playing with Dolls,Playing with Dolls,variant,/lxeZApxD3DXtaTpPnGQNMxGGrEn.jpg,18,1.0,1.0,1.0,1.0,1.0,1.0,
332689,Playing with Dolls,Playing with Dolls,variant,/mOJ9D6QGE1YEXGUdmT8ZZsxCjNx.jpg,18,1.0,1.0,1.0,1.0,1.0,1.0,
336107,Meat the Jones,Meat the Jones,primary,/rOVg9nIwjwcfNqEdGrfN331D8XT.jpg,20,0.3333,0.3333,0.3333,0.5,0.5,0.5,
336107,Meat the Jones,Meat the Jones,variant,/rOVg9nIwjwcfNqEdGrfN331D8XT.jpg,20,0.3333,0.3333,0.3333,0.5,0.5,0.5,
336107,Meat the Jones,Meat the Jones,variant,/yM9rE61bN2kEFTirMyQTdFw0Efn.jpg,40,0.0,0.0,0.0,0.3404,0.3404,0.3404,
347438,Kamara Kattu,கமரகட்டு,primary,/jOrmemeTahRUISXsif2eq4LJUAB.jpg,267,0.0,0.0,0.0,0.0087,0.0,0.0087,
347438,Kamara Kattu,கமரகட்டு,variant,/jOrmemeTahRUISXsif2eq4LJUAB.jpg,267,0.0,0.0,0.0,0.0087,0.0,0.0087,
347855,Curtain,Curtain,primary,/qVoBlKoBg4xfnBP6lIuozzQPAsi.jpg,47,0.0,0.0,0.0,0.1739,0.1739,0.1739,
347855,Curtain,Curtain,variant,/qVoBlKoBg4xfnBP6lIuozzQPAsi.jpg,47,0.0,0.0,0.0,0.1739,0.1739,0.1739,
354386,Turnover,夜籃人靜,primary,/yioVDzmwml47SVywSjUZRlpElt4.jpg,49,0.0,0.0,0.0,0.1633,0.0,0.1633,
354386,Turnover,夜籃人靜,variant,/yioVDzmwml47SVywSjUZRlpElt4.jpg,49,0.0,0.0,0.0,0.1633,0.0,0.1633,
359056,Primordial,Primordial,primary,/bwXwUdpBsB5rav8ij0cMDsjppNx.jpg,21,0.0,0.0,0.0,0.2069,0.2069,0.2069,
359056,Primordial,Primordial,variant,/2QKQUDFtL50Cj9IwUu6HnPr7NAU.jpg,22,0.0,0.0,0.0,0.6667,0.6667,0.6667,
359056,Primordial,Primordial,variant,/bwXwUdpBsB5rav8ij0cMDsjppNx.jpg,21,0.0,0.0,0.0,0.2069,0.2069,0.2069,
359056,Primordial,Primordial,variant,/sXNzdX5OrJ7sCbjwKbVu9oJhtLq.jpg,22,0.0,0.0,0.0,0.6667,0.6667,0.6667,
359056,Primordial,Primordial,variant,/uJSc7YPNVWAdiGMs8dETSbrWtDe.jpg,0,0.0,0.0,0.0,0.0,0.0,0.0,
362807,Paranoid,Paranoid,primary,/cM7MXLsK2wCBPOaS0Kx4lGF3GwO.jpg,36,0.0,0.0,0.0,0.3077,0.3077,0.3077,
362807,Paranoid,Paranoid,variant,/cM7MXLsK2wCBPOaS0Kx4lGF3GwO.jpg,36,0.0,0.0,0.0,0.3077,0.3077,0.3077,
366071,Enchiridion,Enchiridion,primary,/g4vuzLgXCsQkv81NSuIZGtj3msf.jpg,46,0.0,0.0,0.0,0.2,0.2,0.2,
366071,Enchiridion,Enchiridion,variant,/g4vuzLgXCsQkv81NSuIZGtj3msf.jpg,46,0.0,0.0,0.0,0.2,0.2,0.2,
373027,Geheimnisvolle Freundinnen,Geheimnisvolle Freundinnen,primary,/fRSAhijgMYl8xnYgfEuvkVicVx2.jpg,151,1.0,1.0,1.0,0.3268,0.3268,0.3268,
373027,Geheimnisvolle Freundinnen,Geheimnisvolle Freundinnen,variant,/fRSAhijgMYl8xnYgfEuvkVicVx2.jpg,151,1.0,1.0,1.0,0.3268,0.3268,0.3268,
379100,M is for Merry Christmas,M is for Merry Christmas,primary,/dQED4TeHOkZ5MXV7ipMRkqkssYO.jpg,147,0.0,0.0,0.0,0.1449,0.1449,0.1449,
379100,M is for Merry Christmas,M is for Merry Christmas,variant,/2UyzD2h6buxQeYGcmOZS1RfyXFS.jpg,149,0.0,0.0,0.0,0.1449,0.1449,0.1449,
379100,M is for Merry Christmas,M is for Merry Christmas,variant,/dQED4TeHOkZ5MXV7ipMRkqkssYO.jpg,147,0.0,0.0,0.0,0.1449,0.1449,0.1449,
382052,Not Alone,Not Alone,primary,/6WJGrYga0zshLeu5QkZ5r4EJadm.jpg,26,0.0,0.0,0.0,0.3333,0.3333,0.3333,
382052,Not Alone,Not Alone,variant,/6WJGrYga0zshLeu5QkZ5r4EJadm.jpg,26,0.0,0.0,0.0,0.3333,0.3333,0.3333,
382052,Not Alone,Not Alone,variant,/zGjhBa7e8CJ9ICIb1OWAM58TfkE.jpg,71,0.0,0.0,0.0,0.1846,0.1846,0.1846,
385378,Gemini,Gemini,primary,/bzqJHC48CWmGEJ0CemZ2co9jNSx.jpg,119,0.0,0.0,0.0,0.0962,0.0962,0.0962,
385378,Gemini,Gemini,variant,/7evAzh0JTESI6xlvXx4LW1kimwt.jpg,13,0.0,0.0,0.0,0.1176,0.1176,0.1176,
385378,Gemini,Gemini,variant,/bzqJHC48CWmGEJ0CemZ2co9jNSx.jpg,119,0.0,0.0,0.0,0.0962,0.0962,0.0962,
392051,The Damned Thing,The Damned Thing,primary,/vbvnKjnH4uDvYcnhe9yb6BOnAXd.jpg,16,1.0,1.0,1.0,1.0,1.0,1.0,
392051,The Damned Thing,The Damned Thing,variant,/sBFrsu3rkozZvJTdJMwtbCr0VM2.jpg,52,0.0,0.0,0.0,0.2963,0.2963,0.2963,
392051,The Damned Thing,The Damned Thing,variant,/vbvnKjnH4uDvYcnhe9yb6BOnAXd.jpg,16,1.0,1.0,1.0,1.0,1.0,1.0,
398656,Possessed,Possessed,primary,/yPE1T5O4COQ9nN2iHVLsPctzYqf.jpg,265,0.0,0.0,0.0,0.068,0.068,0.068,
398656,Possessed,Possessed,variant,/yPE1T5O4COQ9nN2iHVLsPctzYqf.jpg,265,0.0,0.0,0.0,0.068,0.068,0.068,
404206,The Music of Jo Hyeja,The Music of Jo Hyeja,primary,/1aL2kLtwpFHN59Y5jtE3Yn4gT7D.jpg,63,0.0,0.0,0.0,0.2609,0.2609,0.2609,
404206,The Music of Jo Hyeja,The Music of Jo Hyeja,variant,/1aL2kLtwpFHN59Y5jtE3Yn4gT7D.jpg,63,0.0,0.0,0.0,0.2609,0.2609,0.2609,
404713,Downhill,Downhill,primary,/mhEzwO6HbYwifOoqe5NUIx2YmAT.jpg,117,1.0,1.0,1.0,0.1553,0.1553,0.1553,
404713,Downhill,Downhill,variant,/mhEzwO6HbYwifOoqe5NUIx2YmAT.jpg,117,1.0,1.0,1.0,0.1553,0.1553,0.1553,
406582,Delirium,Delirium,primary,/pTRhNMh7ndYFVfG4Qhjqgu7WDqb.jpg,21,0.0,0.0,0.0,0.1538,0.1538,0.1538,
406582,Delirium,Delirium,variant,/pTRhNMh7ndYFVfG4Qhjqgu7WDqb.jpg,21,0.0,0.0,0.0,0.1538,0.1538,0.1538,
410464,Wild Things,Les petites sauvages,primary,/5H9I7AXKoUTiK3IADV1R83cRqrh.jpg,99,0.0,0.0,0.0,0.1263,0.1942,0.1942,
410464,Wild Things,Les petites sauvages,variant,/5H9I7AXKoUTiK3IADV1R83cRqrh.jpg,99,0.0,0.0,0.0,0.1263,0.1942,0.1942,
412471,Dark Silence,Dark Silence,primary,/pnZDyaoo9OSm2tAHMqf03z9YNWz.jpg,12,1.0,1.0,1.0,1.0,1.0,1.0,
412471,Dark Silence,Dark Silence,variant,/pBP8eWb66SGbWtDMAMYghrqrJId.jpg,99,0.0,0.0,0.0,0.1895,0.1895,0.1895,
412471,Dark Silence,Dark Silence,variant,/pfDZnf75RG3iH61u5lxVZtjlx1T.jpg,41,0.0,0.0,0.0,0.1778,0.1778,0.1778,
412471,Dark Silence,Dark Silence,variant,/pnZDyaoo9OSm2tAHMqf03z9YNWz.jpg,12,1.0,1.0,1.0,1.0,1.0,1.0,
412471,Dark Silence,Dark Silence,variant,/srXOT7xG2iNczYUUcgVU5F106p1.jpg,61,0.0,0.0,0.0,0.1967,0.1967,0.1967,
412998,Mo,மோ,primary,/cY71cdcxk3GWIFrRDnEkUt9ysX6.jpg,647,0.0,0.0,0.0,0.0,0.0,0.0,
412998,Mo,மோ,variant,/cY71cdcxk3GWIFrRDnEkUt9ysX6.jpg,647,0.0,0.0,0.0,0.0,0.0,0.0,
415852,Blood Church,Blood Church,primary,/zlIa027GbOplbDef65B8dqRKowy.jpg,21,0.0,0.0,0.0,0.2667,0.2667,0.2667,
415852,Blood Church,Blood Church,variant,/5c2oIbIoBH8JRb5JFvL2ZQ4Kw1z.jpg,0,0.0,0.0,0.0,0.0,0.0,0.0,
415852,Blood Church,Blood Church,variant,/luXFqlhYSqsF7nihfEd3Uw4olf7.jpg,21,0.0,0.0,0.0,0.2667,0.2667,0.2667,
415852,Blood Church,Blood Church,variant,/rwxhhNwTiMqBKQjpc6ymQz65hBm.jpg,39,0.0,0.0,0.0,0.093,0.093,0.093,
415852,Blood Church,Blood Church,variant,/vWDCeN9dZmGGhpWQAoUv8h28s4u.jpg,30,0.0,0.0,0.0,0.1622,0.1622,0.1622,
415852,Blood Church,Blood Church,variant,/zlIa027GbOplbDef65B8dqRKowy.jpg,21,0.0,0.0,0.0,0.2667,0.2667,0.2667,
417180,Vacant House,Vacant House,primary,/jNwRbjsHBDDaYqUOqYUMogRx86R.jpg,32,1.0,1.0,1.0,0.5946,0.5946,0.5946,
417180,Vacant House,Vacant House,variant,/ewu8e5WyLE91426VmqgQaoePlRI.jpg,50,0.0,0.0,0.0,0.2642,0.2642,0.2642,
417180,Vacant House,Vacant House,variant,/jNwRbjsHBDDaYqUOqYUMogRx86R.jpg,32,1.0,1.0,1.0,0.5946,0.5946,0.5946,
419018,Pearlies,Pearlies,primary,/4yjDIsPfyCmCgErrl4fn9RnJz9u.jpg,591,0.0,0.0,0.0,0.0,0.0,0.0,
419018,Pearlies,Pearlies,variant,/4yjDIsPfyCmCgErrl4fn9RnJz9u.jpg,591,0.0,0.0,0.0,0.0,0.0,0.0,
421490,Tall Men,Tall Men,primary,/mC7FhsDmkPvCyIBX2FHXDTBlS8R.jpg,8,1.0,1.0,1.0,1.0,1.0,1.0,
421490,Tall Men,Tall Men,variant,/7UIPssW5B21uBAtQ2mojAJpm7oJ.jpg,489,0.0,0.0,0.0,0.0,0.0,0.0,
421490,Tall Men,Tall Men,variant,/cnDsdEtR1rGJBMrAuQbzBbzWkqC.jpg,250,1.0,1.0,1.0,0.0,0.0,0.0,
421490,Tall Men,Tall Men,variant,/jqRzk8EOLpJgMSpWNNYHNGkYkX6.jpg,476,0.0,0.0,0.0,0.0,0.0,0.0,
421490,Tall Men,Tall Men,variant,/mC7FhsDmkPvCyIBX2FHXDTBlS8R.jpg,8,1.0,1.0,1.0,1.0,1.0,1.0,
421490,Tall Men,Tall Men,variant,/u9xPST0Q0uLgNQ1jbZlOsEObDl6.jpg,251,1.0,1.0,1.0,0.0,0.0,0.0,
424078,Spirits,Spirits,primary,/22aTJitI74odsnxVr9uIsuuA55V.jpg,75,0.0,0.0,0.0,0.1449,0.1449,0.1449,
424078,Spirits,Spirits,variant,/22aTJitI74odsnxVr9uIsuuA55V.jpg,75,0.0,0.0,0.0,0.1449,0.1449,0.1449,
459220,Shockwave,Shockwave,primary,/csqybkX4q5PcJTkkjmsUpWCdiYU.jpg,173,0.0,0.0,0.0,0.0952,0.0952,0.0952,
459220,Shockwave,Shockwave,variant,/csqybkX4q5PcJTkkjmsUpWCdiYU.jpg,173,0.0,0.0,0.0,0.0952,0.0952,0.0952,
461724,The Spirits of Jupiter,The Spirits of Jupiter,primary,/tViJzQsFKI1X296wq7PzJzOcXOh.jpg,497,1.0,1.0,1.0,0.0474,0.0474,0.0474,
461724,The Spirits of Jupiter,The Spirits of Jupiter,variant,/73LRallDsuMPYspHJyxffssqK7b.jpg,50,0.0,0.0,0.0,0.2295,0.2295,0.2295,
461724,The Spirits of Jupiter,The Spirits of Jupiter,variant,/n6RU8hnuKE7WuapS5xSjfiKyR5T.jpg,53,0.5,0.5,0.5,0.4688,0.4688,0.4688,
461724,The Spirits of Jupiter,The Spirits of Jupiter,variant,/tViJzQsFKI1X296wq7PzJzOcXOh.jpg,497,1.0,1.0,1.0,0.0474,0.0474,0.0474,
465177,Meltdown,Meltdown,primary,/xRtyCI1AcI2igXC0rX2pzm0j1b5.jpg,37,0.0,0.0,0.0,0.1622,0.1622,0.1622,
465177,Meltdown,Meltdown,variant,/nLhdYJBGmNzS3FpaH5m5M4R2hsq.jpg,9,0.0,0.0,0.0,1.0,1.0,1.0,
465177,Meltdown,Meltdown,variant,/xRtyCI1AcI2igXC0rX2pzm0j1b5.jpg,37,0.0,0.0,0.0,0.1622,0.1622,0.1622,
465177,Meltdown,Meltdown,variant,/zCWdjTlr8P0CvMPjsRoMuSdskNw.jpg,9,0.0,0.0,0.0,0.875,0.875,0.875,
466677,Dead South,Dead South,primary,/tSWIERDkhExNRGhg1rZYm6R8hJX.jpg,47,0.0,0.0,0.0,0.1667,0.1667,0.1667,
466677,Dead South,Dead South,variant,/tSWIERDkhExNRGhg1rZYm6R8hJX.jpg,47,0.0,0.0,0.0,0.1667,0.1667,0.1667,
466677,Dead South,Dead South,variant,/vHnmv1bA0pv7igjlcXJhYMLtEWD.jpg,12,0.0,0.0,0.0,0.3,0.3,0.3,
477115,Rasathi Varum Naal,ராசாத்தி வரும் நாள்,primary,/5Sfaq4pa2KjUZUXg5Fk4h7TFAjX.jpg,70,0.0,0.0,0.0,0.1867,0.0,0.1867,
477115,Rasathi Varum Naal,ராசாத்தி வரும் நாள்,variant,/5Sfaq4pa2KjUZUXg5Fk4h7TFAjX.jpg,70,0.0,0.0,0.0,0.1867,0.0,0.1867,
477576,DeadThirsty,DeadThirsty,primary,/5IvHHunMpvMCLhtUB2nrB6XuVru.jpg,70,1.0,1.0,1.0,0.3284,0.3284,0.3284,
477576,DeadThirsty,DeadThirsty,variant,/2Ddo3KwPBP81P1aIcchF4Tl8DOl.jpg,60,0.0,0.0,0.0,0.2712,0.2712,0.2712,
477576,DeadThirsty,DeadThirsty,variant,/5IvHHunMpvMCLhtUB2nrB6XuVru.jpg,70,1.0,1.0,1.0,0.3284,0.3284,0.3284,
477576,DeadThirsty,DeadThirsty,variant,/eYVtTc9ZUskLSquCFagrpvUoN5d.jpg,19,0.0,0.0,0.0,0.3571,0.3571,0.3571,
477576,DeadThirsty,DeadThirsty,variant,/sfPaaniYJTY2Gi8LPyS21FCPx2u.jpg,70,1.0,1.0,1.0,0.3284,0.3284,0.3284,
477576,DeadThirsty,DeadThirsty,variant,/yHKu3ntOnRyt8qZdeU35otnviIC.jpg,60,0.0,0.0,0.0,0.2712,0.2712,0.2712,
486684,Aux,Aux,primary,/6jPaPjzgbSUwfkyJKV4SpzWMJWH.jpg,44,0.0,0.0,0.0,0.1081,0.1081,0.1081,
486684,Aux,Aux,variant,/6jPaPjzgbSUwfkyJKV4SpzWMJWH.jpg,44,0.0,0.0,0.0,0.1081,0.1081,0.1081,
486684,Aux,Aux,variant,/9iIPJLeV1zQwqJonbUbgKazyEhh.jpg,315,0.0,0.0,0.0,0.0254,0.0254,0.0254,
486684,Aux,Aux,variant,/iNpsmp2jgkOxTBUXlkr1vqEynzD.jpg,266,0.0,0.0,0.0,0.0299,0.0299,0.0299,
486684,Aux,Aux,variant,/ldLSD7hYtoW13HF59lTJtfFutKe.jpg,267,0.0,0.0,0.0,0.0297,0.0297,0.0297,
486684,Aux,Aux,variant,/x9Qx52jUJqECgLWblCvZYuVAE9v.jpg,282,0.0,0.0,0.0,0.0274,0.0274,0.0274,
489454,The Devil's Warehouse,The Devil's Warehouse,primary,/3z647nj8eUPBRpNZaBvy6W3cJCF.jpg,93,0.3333,0.3333,0.3333,0.2045,0.2045,0.2045,
489454,The Devil's Warehouse,The Devil's Warehouse,variant,/3z647nj8eUPBRpNZaBvy6W3cJCF.jpg,93,0.3333,0.3333,0.3333,0.2045,0.2045,0.2045,
492535,Darkness Wakes,Darkness Wakes,primary,/ASqBv56EQBndrW1xW9jLT6bQdU.jpg,14,1.0,1.0,1.0,1.0,1.0,1.0,
492535,Darkness Wakes,Darkness Wakes,variant,/2FX9OYyzASYXmwzyKyd7sHDVtpZ.jpg,37,0.0,0.0,0.0,0.186,0.186,0.186,
492535,Darkness Wakes,Darkness Wakes,variant,/92zuEUzJEvuPTnGCY0BGuXyYxb5.jpg,62,1.0,1.0,1.0,0.4262,0.4262,0.4262,
492535,Darkness Wakes,Darkness Wakes,variant,/ASqBv56EQBndrW1xW9jLT6bQdU.jpg,14,1.0,1.0,1.0,1.0,1.0,1.0,
492535,Darkness Wakes,Darkness Wakes,variant,/cEnon64FdrtoFzhA3VfSBvCwvMU.jpg,34,1.0,1.0,1.0,0.65,0.65,0.65,
492535,Darkness Wakes,Darkness Wakes,variant,/iGJoXcISd39AgKpJbGvM44teva6.jpg,90,1.0,1.0,1.0,0.3059,0.3059,0.3059,
495015,Post Human: An Event,Post Human: An Event,primary,/1zWAZQfZenHUlLvkC3ojQyT1b8V.jpg,40,0.0,0.0,0.0,0.44,0.44,0.44,
495015,Post Human: An Event,Post Human: An Event,variant,/1zWAZQfZenHUlLvkC3ojQyT1b8V.jpg,40,0.0,0.0,0.0,0.44,0.44,0.44,
495015,Post Human: An Event,Post Human: An Event,variant,/9ItbiQKPfVxD7UDlzojmx7j6Jic.jpg,41,0.0,0.0,0.0,0.3922,0.3922,0.3922,
495015,Post Human: An Event,Post Human: An Event,variant,/oPTUY2akVcjNx9HSyuPPOmKhSTq.jpg,9,0.0,0.0,0.0,0.48,0.48,0.48,
496586,The Call Girls,The Call Girls,primary,/wwxySfIEL0TzNMFXuWCvzM559W5.jpg,86,0.0,0.0,0.0,0.2069,0.2069,0.2069,
496586,The Call Girls,The Call Girls,variant,/wwxySfIEL0TzNMFXuWCvzM559W5.jpg,86,0.0,0.0,0.0,0.2069,0.2069,0.2069,
502613,M Is for Manure,M Is for Manure,primary,/7EzEoCRIFNVDwpWRt18xVg1sxrm.jpg,46,0.0,0.0,0.0,0.1633,0.1633,0.1633,
502613,M Is for Manure,M Is for Manure,variant,/7EzEoCRIFNVDwpWRt18xVg1sxrm.jpg,46,0.0,0.0,0.0,0.1633,0.1633,0.1633,
502613,M Is for Manure,M Is for Manure,variant,/xJvx567uXfSpLsRfb3Yhtuueh5V.jpg,32,0.0,0.0,0.0,0.3243,0.3243,0.3243,
526144,Prisoners of the Dead,Prisoners of the Dead,primary,/3loFRaNrsrvBSaVICYpbtXJd4GB.jpg,41,0.25,0.25,0.25,0.2449,0.2449,0.2449,
526144,Prisoners of the Dead,Prisoners of the Dead,variant,/3loFRaNrsrvBSaVICYpbtXJd4GB.jpg,41,0.25,0.25,0.25,0.2449,0.2449,0.2449,
527782,Mushroom,Ki-No-Ko,primary,/gyueC9h9dkPCmSu5uI9JUcqyrMR.jpg,30,0.0,0.0,0.0,0.1875,0.2,0.2,
527782,Mushroom,Ki-No-Ko,variant,/gyueC9h9dkPCmSu5uI9JUcqyrMR.jpg,30,0.0,0.0,0.0,0.1875,0.2,0.2,
529744,Princess: Voices from Hell,Princess: Voices from Hell,primary,/7i43LjzlVLNW5K4bqYelNFQrbrf.jpg,79,1.0,1.0,1.0,0.5057,0.5057,0.5057,
529744,Princess: Voices from Hell,Princess: Voices from Hell,variant,/7i43LjzlVLNW5K4bqYelNFQrbrf.jpg,79,1.0,1.0,1.0,0.5057,0.5057,0.5057,
529744,Princess: Voices from Hell,Princess: Voices from Hell,variant,/JHAjSybxVduzcbwzrfymt4chh.jpg,124,0.0,0.0,0.0,0.1626,0.1626,0.1626,
529744,Princess: Voices from Hell,Princess: Voices from Hell,variant,/gig9VBz0jtxU2DPlbEscHq2pEY4.jpg,127,0.0,0.0,0.0,0.1587,0.1587,0.1587,
531393,Reindeer Games,Reindeer Games,primary,/39owLICTyBVgXqwkruapLT6tStr.jpg,152,0.0,0.0,0.0,0.1471,0.1471,0.1471,
531393,Reindeer Games,Reindeer Games,variant,/39owLICTyBVgXqwkruapLT6tStr.jpg,152,0.0,0.0,0.0,0.1471,0.1471,0.1471,
532813,Sublimate,Sublimate,primary,/Ak9hs6yU4QksKPA2RmBAAwjRq0A.jpg,259,0.0,0.0,0.0,0.0175,0.0175,0.0175,
532813,Sublimate,Sublimate,variant,/Ak9hs6yU4QksKPA2RmBAAwjRq0A.jpg,259,0.0,0.0,0.0,0.0175,0.0175,0.0175,
543901,P.O.E. Pieces of Eldritch (P.O.E. 3),P.O.E. Pieces of Eldritch (P.O.E. 3),primary,/c098e6tUfrQMFDgBLBpYD5CaC0W.jpg,135,1.0,1.0,1.0,0.3235,0.3235,0.3235,
543901,P.O.E. Pieces of Eldritch (P.O.E. 3),P.O.E. Pieces of Eldritch (P.O.E. 3),variant,/c098e6tUfrQMFDgBLBpYD5CaC0W.jpg,135,1.0,1.0,1.0,0.3235,0.3235,0.3235,
543901,P.O.E. Pieces of Eldritch (P.O.E. 3),P.O.E. Pieces of Eldritch (P.O.E. 3),variant,/ifx0vnVrnl5XXLn7phxaXAiXq4i.jpg,35,0.3333,0.3333,0.3333,0.3019,0.3019,0.3019,
549646,Diggerz: Black Lung Rises,Diggerz: Black Lung Rises,primary,/nb9UxBTLWXkl41BufCUwWUSk7oH.jpg,49,1.0,1.0,1.0,0.5246,0.5246,0.5246,
549646,Diggerz: Black Lung Rises,Diggerz: Black Lung Rises,variant,/1Qz3GbFT9Ge0ZIlMJCYw6mt0N95.jpg,41,0.75,0.75,0.75,0.4074,0.4074,0.4074,
549646,Diggerz: Black Lung Rises,Diggerz: Black Lung Rises,variant,/9FMzuQORECkh8rDHCYbQCWoUySo.jpg,30,0.0,0.0,0.0,0.1818,0.1818,0.1818,
549646,Diggerz: Black Lung Rises,Diggerz: Black Lung Rises,variant,/nb9UxBTLWXkl41BufCUwWUSk7oH.jpg,49,1.0,1.0,1.0,0.5246,0.5246,0.5246,
549703,Girls Just Wanna Have Blood,Girls Just Wanna Have Blood,primary,/aaNadgdzHvSxGz4o2IB0AsE12nq.jpg,27,1.0,1.0,1.0,1.0,1.0,1.0,
549703,Girls Just Wanna Have Blood,Girls Just Wanna Have Blood,variant,/2k0XzSVlT4MF3HnuMS85LNCWKsU.jpg,545,0.0,0.0,0.0,0.0084,0.0084,0.0084,
549703,Girls Just Wanna Have Blood,Girls Just Wanna Have Blood,variant,/aaNadgdzHvSxGz4o2IB0AsE12nq.jpg,27,1.0,1.0,1.0,1.0,1.0,1.0,
549703,Girls Just Wanna Have Blood,Girls Just Wanna Have Blood,variant,/edDimCw9QxJjswg0H1WGRywHuwS.jpg,82,0.0,0.0,0.0,0.2826,0.2826,0.2826,
559928,Heaven's War,Heaven's War,primary,/5styoxyGlxoms3QiSxBW6rhTdvf.jpg,12,1.0,1.0,1.0,1.0,1.0,1.0,
559928,Heaven's War,Heaven's War,variant,/5styoxyGlxoms3QiSxBW6rhTdvf.jpg,12,1.0,1.0,1.0,1.0,1.0,1.0,
559928,Heaven's War,Heaven's War,variant,/wEKHTGJ5Vc8fKPQXQSOd8egLt0w.jpg,420,0.0,0.0,0.0,0.0113,0.0113,0.0113,
559928,Heaven's War,Heaven's War,variant,/zw0vxoh8tFvyHygxV1ANhsRQIO3.jpg,427,1.0,1.0,1.0,0.0,0.0,0.0,
560038,The Occultist 2: Demons,The Occultist 2: Demons,primary,/nvUUpeR44SeBmlHURKaKziwf1BC.jpg,28,0.0,0.0,0.0,0.1905,0.1905,0.1905,
560038,The Occultist 2: Demons,The Occultist 2: Demons,variant,/nvUUpeR44SeBmlHURKaKziwf1BC.jpg,28,0.0,0.0,0.0,0.1905,0.1905,0.1905,
561466,Veendum Lisa,വീണ്ടും ലിസ,primary,/zbQxMuDTRGAa9ZSMMXAx0jJA6ot.jpg,23,0.0,0.0,0.0,0.2963,0.0,0.2963,
561466,Veendum Lisa,വീണ്ടും ലിസ,variant,/zbQxMuDTRGAa9ZSMMXAx0jJA6ot.jpg,23,0.0,0.0,0.0,0.2963,0.0,0.2963,
564394,Crypto (Animated Short),Crypto (Animated Short),primary,/lRdBbwJu6LY5FXP9RdvcNaYyvUU.jpg,478,0.3333,0.3333,0.3333,0.0,0.0,0.0,
564394,Crypto (Animated Short),Crypto (Animated Short),variant,/lRdBbwJu6LY5FXP9RdvcNaYyvUU.jpg,478,0.3333,0.3333,0.3333,0.0,0.0,0.0,
567331,The Killing House,The Killing House,primary,/6R0fGcGwlkU6ujNeWNXStyFLMUy.jpg,37,1.0,1.0,1.0,0.6522,0.6522,0.6522,
567331,The Killing House,The Killing House,variant,/3nYNWeluTlZ7MER9LSdxbYH0Kts.jpg,254,0.0,0.0,0.0,0.098,0.098,0.098,
567331,The Killing House,The Killing House,variant,/6R0fGcGwlkU6ujNeWNXStyFLMUy.jpg,37,1.0,1.0,1.0,0.6522,0.6522,0.6522,
573966,The Mysterious Uncle Silas,El misterioso tío Silas,primary,/eZUIGvYJElZbbQ8JSUFbBENocws.jpg,108,0.0,0.0,0.0,0.1947,0.2385,0.2385,
573966,The Mysterious Uncle Silas,El misterioso tío Silas,variant,/eZUIGvYJElZbbQ8JSUFbBENocws.jpg,108,0.0,0.0,0.0,0.1947,0.2385,0.2385,
583525,65th,65th,primary,/f30saP9z5ZVJOYfiPV94iB37egS.jpg,45,0.0,0.0,0.0,0.0909,0.0909,0.0909,
583525,65th,65th,variant,/aBSAO587RMHsFOUDfYPoniuLJEo.jpg,33,0.0,0.0,0.0,0.1212,0.1212,0.1212,
583525,65th,65th,variant,/f30saP9z5ZVJOYfiPV94iB37egS.jpg,45,0.0,0.0,0.0,0.0909,0.0909,0.0909,
583525,65th,65th,variant,/mWbGzbe4cgaC9FRimoYZY5eIA2S.jpg,33,0.0,0.0,0.0,0.1212,0.1212,0.1212,
595951,Scare BNB,Scare BNB,primary,/1b03sF8mTobgMog1oJkXF8j1gBg.jpg,86,0.0,0.0,0.0,0.0606,0.0606,0.0606,
595951,Scare BNB,Scare BNB,variant,/1b03sF8mTobgMog1oJkXF8j1gBg.jpg,86,0.0,0.0,0.0,0.0606,0.0606,0.0606,
601369,The Way She Used to Be,The Way She Used to Be,primary,/biSv8fjb3W5STDT1nR1vnjWwNPy.jpg,90,1.0,1.0,1.0,0.3778,0.3778,0.3778,
601369,The Way She Used to Be,The Way She Used to Be,variant,/x4v3mPNgDDI3RZaL1eR5bdSVG1U.jpg,77,0.0,0.0,0.0,0.2439,0.2439,0.2439,
609616,American Freakshow,American Freakshow,primary,/aBQNzx4jr9PraOtglaGR1r8r643.jpg,71,0.0,0.0,0.0,0.2432,0.2432,0.2432,
609616,American Freakshow,American Freakshow,variant,/aBQNzx4jr9PraOtglaGR1r8r643.jpg,71,0.0,0.0,0.0,0.2432,0.2432,0.2432,
609627,A Few Screws Loose,A Few Screws Loose,primary,/kdgWhdrf1LKyGf0QltoI4IrE1ZJ.jpg,47,0.0,0.0,0.0,0.1923,0.1923,0.1923,
609627,A Few Screws Loose,A Few Screws Loose,variant,/kdgWhdrf1LKyGf0QltoI4IrE1ZJ.jpg,47,0.0,0.0,0.0,0.1923,0.1923,0.1923,
618128,Scavenger Hunt,Scavenger Hunt,primary,/fCoG2xrGz4KdxeINmKptoH2CPfJ.jpg,357,0.0,0.0,0.0,0.0133,0.0133,0.0133,
618128,Scavenger Hunt,Scavenger Hunt,variant,/fCoG2xrGz4KdxeINmKptoH2CPfJ.jpg,357,0.0,0.0,0.0,0.0133,0.0133,0.0133,
638544,The Vault,The Vault,primary,/vmonhc4ZU1hvfE3MJcTyYSCCPnv.jpg,27,1.0,1.0,1.0,0.5714,0.5714,0.5714,
638544,The Vault,The Vault,variant,/5T1H07gcu8o1SOwMpjD3HBOTWfo.jpg,218,0.0,0.0,0.0,0.0857,0.0857,0.0857,
638544,The Vault,The Vault,variant,/vmonhc4ZU1hvfE3MJcTyYSCCPnv.jpg,27,1.0,1.0,1.0,0.5714,0.5714,0.5714,
651273,The Pulley by Steven Kwang,The Pulley by Steven Kwang,variant,/axzbceDYHR2Yf4Ffhna5h1bnJRt.jpg,290,0.2,0.2,0.2,0.1224,0.1224,0.1224,
651273,The Pulley by Steven Kwang,The Pulley by Steven Kwang,variant,/dvVvJeiWwlFCRRHXMYWi1jzvLQf.jpg,2,0.0,0.0,0.0,0.0,0.0,0.0,
651448,Darkslide,Darkslide,primary,/oqAdz9Xz4yBtsLyNJL70PtXbEoF.jpg,78,1.0,1.0,1.0,0.24,0.24,0.24,
651448,Darkslide,Darkslide,variant,/oqAdz9Xz4yBtsLyNJL70PtXbEoF.jpg,78,1.0,1.0,1.0,0.24,0.24,0.24,
651448,Darkslide,Darkslide,variant,/tBrm4WCJu2Pybdw63qi2hoQtBSl.jpg,499,0.0,0.0,0.0,0.0048,0.0048,0.0048,
657343,The Evil Inside Me,The Evil Inside Me,primary,/l3brxESYVpBM0i8QbvmkrDwwX6J.jpg,34,0.0,0.0,0.0,0.2667,0.2667,0.2667,
657343,The Evil Inside Me,The Evil Inside Me,variant,/l3brxESYVpBM0i8QbvmkrDwwX6J.jpg,34,0.0,0.0,0.0,0.2667,0.2667,0.2667,
663240,America the Violent,America the Violent,primary,/sYwCpwKIlMPIZsUoCuQXH5yOgsn.jpg,82,0.3333,0.3333,0.3333,0.2326,0.2326,0.2326,
663240,America the Violent,America the Violent,variant,/sYwCpwKIlMPIZsUoCuQXH5yOgsn.jpg,82,0.3333,0.3333,0.3333,0.2326,0.2326,0.2326,
664168,Fat Ass Zombies,Fat Ass Zombies,primary,/btrers8SNujMJhxjLvjh7AJpN3T.jpg,41,1.0,1.0,1.0,0.5417,0.5417,0.5417,
664168,Fat Ass Zombies,Fat Ass Zombies,variant,/btrers8SNujMJhxjLvjh7AJpN3T.jpg,41,1.0,1.0,1.0,0.5417,0.5417,0.5417,
664168,Fat Ass Zombies,Fat Ass Zombies,variant,/d2UCD7xwWFKucozkKcKBiCayJC6.jpg,37,0.0,0.0,0.0,0.4,0.4,0.4,
664168,Fat Ass Zombies,Fat Ass Zombies,variant,/fXhdcg1xwglgKVNBaAQcPxWwAAN.jpg,236,1.0,1.0,1.0,0.1287,0.1287,0.1287,
664168,Fat Ass Zombies,Fat Ass Zombies,variant,/nm900ydTny1u231XbpblHm6anmj.jpg,102,0.0,0.0,0.0,0.2245,0.2245,0.2245,
664168,Fat Ass Zombies,Fat Ass Zombies,variant,/rNoqxIsTALd8b9z5whtEfqlDYLB.jpg,165,1.0,1.0,1.0,0.1818,0.1818,0.1818,
678697,Ghosts Who Love Too Much,Los fantasmas que aman demasiado,primary,/kh869R9LSbjqeMTnNyeMlprJjtz.jpg,67,0.0,0.0,0.0,0.2338,0.2353,0.2353,
678697,Ghosts Who Love Too Much,Los fantasmas que aman demasiado,variant,/kh869R9LSbjqeMTnNyeMlprJjtz.jpg,67,0.0,0.0,0.0,0.2338,0.2353,0.2353,
682779,They Are Here: The Real World of the Poltergeists,They Are Here: The Real World of the Poltergeists,primary,/u1pj7A4GRMfWbdbkKYJNkjUKe8c.jpg,46,0.25,0.25,0.25,0.3038,0.3038,0.3038,
682779,They Are Here: The Real World of the Poltergeists,They Are Here: The Real World of the Poltergeists,variant,/u1pj7A4GRMfWbdbkKYJNkjUKe8c.jpg,46,0.25,0.25,0.25,0.3038,0.3038,0.3038,
705912,Bottled Vulva: High School Girl Yuriko,瓶詰女陰～女子高生・ゆり子～,primary,/Ajqd6HJZGAuRCI8dX7quXgg4e8n.jpg,90,0.0,0.0,0.0,0.2299,0.0,0.2299,
705912,Bottled Vulva: High School Girl Yuriko,瓶詰女陰～女子高生・ゆり子～,variant,/xRARFRFPdYAr0Gi74p63XM8iRxe.jpg,51,0.0,0.0,0.0,0.2105,0.0,0.2105,
708706,Feed Your Head! Lose Your Head!,Feed Your Head! Lose Your Head!,variant,/3OQ7PgAkum1AxqZfLjjhbvSVDas.jpg,355,0.0,0.0,0.0,0.0,0.0,0.0,
709903,Kinder der Nacht 2,Kinder der Nacht 2,primary,/6KUFFnC1jY6HGgSulf9Oey8c6iQ.jpg,46,0.0,0.0,0.0,0.2963,0.2963,0.2963,
709903,Kinder der Nacht 2,Kinder der Nacht 2,variant,/6KUFFnC1jY6HGgSulf9Oey8c6iQ.jpg,46,0.0,0.0,0.0,0.2963,0.2963,0.2963,
719829,Dark:30,Dark:30,primary,/3Ojqjn3moQPKbqwXMyTAPS5tmxB.jpg,127,0.0,0.0,0.0,0.0577,0.0577,0.0577,
719829,Dark:30,Dark:30,variant,/3Ojqjn3moQPKbqwXMyTAPS5tmxB.jpg,127,0.0,0.0,0.0,0.0577,0.0577,0.0577,
719829,Dark:30,Dark:30,variant,/9FC6OdOeC7kPpb4E8nFGb0mqeg9.jpg,127,0.0,0.0,0.0,0.0571,0.0571,0.0571,
721952,Homecoming Massacre,Homecoming Massacre,primary,/by2SdzVBHWlBXkRLIuDkQNdOLWY.jpg,19,1.0,1.0,1.0,1.0,1.0,1.0,
721952,Homecoming Massacre,Homecoming Massacre,variant,/8HpywW0JJHv0pjmZmcbkO3fky7Q.jpg,484,1.0,1.0,1.0,0.0,0.0,0.0,
721952,Homecoming Massacre,Homecoming Massacre,variant,/by2SdzVBHWlBXkRLIuDkQNdOLWY.jpg,19,1.0,1.0,1.0,1.0,1.0,1.0,
721952,Homecoming Massacre,Homecoming Massacre,variant,/wkXu5COdeiBHN7LhYC8aQVeZ0qM.jpg,495,0.0,0.0,0.0,0.0,0.0,0.0,
724492,Blood Tales,Blood Tales,primary,/caendMq5RpkoxJ81jNhGPogz7bd.jpg,115,0.0,0.0,0.0,0.1524,0.1524,0.1524,
724492,Blood Tales,Blood Tales,variant,/caendMq5RpkoxJ81jNhGPogz7bd.jpg,115,0.0,0.0,0.0,0.1524,0.1524,0.1524,
725842,Старуха 2,Старуха 2,primary,/aFUssdPtU1BNWammo8bf1RSUBr9.jpg,135,0.0,0.0,0.0,0.0,0.0,0.0,
725842,Старуха 2,Старуха 2,variant,/aFUssdPtU1BNWammo8bf1RSUBr9.jpg,135,0.0,0.0,0.0,0.0,0.0,0.0,
726741,The Tree Bark Romance,The Tree Bark Romance,primary,/xAjxlou0qVl0PvwfUBLLXmiCoBc.jpg,127,0.0,0.0,0.0,0.112,0.112,0.112,
726741,The Tree Bark Romance,The Tree Bark Romance,variant,/xAjxlou0qVl0PvwfUBLLXmiCoBc.jpg,127,0.0,0.0,0.0,0.112,0.112,0.112,
729722,Afterward,Afterward,primary,/mNNzzYxcaI1mMsabcQ2H8xCh0Ti.jpg,44,1.0,1.0,1.0,0.4,0.4,0.4,
729722,Afterward,Afterward,variant,/2NbFGccdKdhxaO97hKTegMt02yg.jpg,145,0.0,0.0,0.0,0.1102,0.1102,0.1102,
729722,Afterward,Afterward,variant,/7NQGFCtwbpU3bGdnpdmd4IeIChr.jpg,64,1.0,1.0,1.0,0.2951,0.2951,0.2951,
729722,Afterward,Afterward,variant,/mNNzzYxcaI1mMsabcQ2H8xCh0Ti.jpg,44,1.0,1.0,1.0,0.4,0.4,0.4,
730407,Bohemian Moon,Bohemian Moon,primary,/tD3lKQ9lk17uON5WS2hDYuo2ijl.jpg,422,0.0,0.0,0.0,0.0054,0.0054,0.0054,
730407,Bohemian Moon,Bohemian Moon,variant,/tD3lKQ9lk17uON5WS2hDYuo2ijl.jpg,422,0.0,0.0,0.0,0.0054,0.0054,0.0054,
731799,The Kiss of Death: Creepy Tales,El beso de la muerte: historias espeluznantes,primary,/qwFwZhW93sgMQJMQOpHaq1auq6Z.jpg,144,0.0,0.1429,0.1429,0.1517,0.2405,0.2405,
731799,The Kiss of Death: Creepy Tales,El beso de la muerte: historias espeluznantes,variant,/qwFwZhW93sgMQJMQOpHaq1auq6Z.jpg,144,0.0,0.1429,0.1429,0.1517,0.2405,0.2405,
737885,The Test,The Test,primary,/6z61XlAL1NW7gzalbr7CaTyzihv.jpg,17,1.0,1.0,1.0,0.6364,0.6364,0.6364,
737885,The Test,The Test,variant,/4473R2RVo4QHw5bLxOr6EQj2LX6.jpg,27,0.0,0.0,0.0,0.25,0.25,0.25,
737885,The Test,The Test,variant,/4Q4toTEZP85BHogCIKYnDofmufC.jpg,18,0.0,0.0,0.0,0.25,0.25,0.25,
737885,The Test,The Test,variant,/6z61XlAL1NW7gzalbr7CaTyzihv.jpg,17,1.0,1.0,1.0,0.6364,0.6364,0.6364,
737885,The Test,The Test,variant,/cGmopQJRTVdsStXr5hS6o72Gcq3.jpg,16,1.0,1.0,1.0,0.6667,0.6667,0.6667,
737885,The Test,The Test,variant,/jmf80I2U92OVjnLIetUDzt1X7a4.jpg,60,0.0,0.0,0.0,0.1786,0.1786,0.1786,
744388,Verdict,Verdict,primary,/b6fsNVSNzdAcLbnuVFdX4GVuV9A.jpg,109,0.0,0.0,0.0,0.12,0.12,0.12,
744388,Verdict,Verdict,variant,/b6fsNVSNzdAcLbnuVFdX4GVuV9A.jpg,109,0.0,0.0,0.0,0.12,0.12,0.12,
746729,The Darkest Sorrows,The Darkest Sorrows,primary,/qly1AEg9j9PvnvxBNs776i7g0cN.jpg,428,0.0,0.0,0.0,0.0054,0.0054,0.0054,
746729,The Darkest Sorrows,The Darkest Sorrows,variant,/qly1AEg9j9PvnvxBNs776i7g0cN.jpg,428,0.0,0.0,0.0,0.0054,0.0054,0.0054,
749611,Blood of the Undead: The Final Chapter,Blood of the Undead: The Final Chapter,variant,/wLxEqNvNew4VEflmT3f23SHj6zN.jpg,19,0.0,0.0,0.0,0.2553,0.2553,0.2553,
749611,Blood of the Undead: The Final Chapter,Blood of the Undead: The Final Chapter,variant,/x0SspX4nSIetpI2dEBuHa3pwr2L.jpg,53,0.0,0.0,0.0,0.2973,0.2973,0.2973,
753443,Investigation of Indian Cabin Rd,Investigation of Indian Cabin Rd,primary,/aZq00khyL1uZ7aLXhUVwBIFGka2.jpg,24,0.2,0.2,0.2,0.5098,0.5098,0.5098,
753443,Investigation of Indian Cabin Rd,Investigation of Indian Cabin Rd,variant,/aZq00khyL1uZ7aLXhUVwBIFGka2.jpg,24,0.2,0.2,0.2,0.5098,0.5098,0.5098,
757686,Tupilak,Tupilak,primary,/kf0nFy4A8gbCluX7E99CkRdYmgZ.jpg,129,0.0,0.0,0.0,0.0943,0.0943,0.0943,
757686,Tupilak,Tupilak,variant,/kf0nFy4A8gbCluX7E99CkRdYmgZ.jpg,129,0.0,0.0,0.0,0.0943,0.0943,0.0943,
757709,M is for Mermaid,M is for Mermaid,primary,/xJvx567uXfSpLsRfb3Yhtuueh5V.jpg,32,0.0,0.0,0.0,0.1579,0.1579,0.1579,
757709,M is for Mermaid,M is for Mermaid,variant,/7EzEoCRIFNVDwpWRt18xVg1sxrm.jpg,46,0.0,0.0,0.0,0.28,0.28,0.28,
757709,M is for Mermaid,M is for Mermaid,variant,/xJvx567uXfSpLsRfb3Yhtuueh5V.jpg,32,0.0,0.0,0.0,0.1579,0.1579,0.1579,
764813,The Project,The Project,primary,/n7iDnvaiVCb5rYTPko79B1DPTgn.jpg,409,0.0,0.0,0.0,0.0057,0.0057,0.0057,
764813,The Project,The Project,variant,/jMf8wMbciFZh7hK5MceCTMOHnnO.jpg,12,0.0,0.0,0.0,0.0952,0.0952,0.0952,
764813,The Project,The Project,variant,/n7iDnvaiVCb5rYTPko79B1DPTgn.jpg,409,0.0,0.0,0.0,0.0057,0.0057,0.0057,
764813,The Project,The Project,variant,/vwTTOb6vKePXZDk6zeJHx96EPsu.jpg,12,0.0,0.0,0.0,0.0952,0.0952,0.0952,
769011,Something Always Happens,Something Always Happens,primary,/ujE0KqOg5LI3SabsrdU5W6kwQ0p.jpg,209,0.0,0.0,0.0,0.1538,0.1538,0.1538,
769011,Something Always Happens,Something Always Happens,variant,/ujE0KqOg5LI3SabsrdU5W6kwQ0p.jpg,209,0.0,0.0,0.0,0.1538,0.1538,0.1538,
790856,Love's a Killer: Rellik's Revenge,Love's a Killer: Rellik's Revenge,variant,/nPRJTZRargnF6Pw4PEFILHZLQMd.jpg,237,0.0,0.0,0.0,0.2075,0.2075,0.2075,
801830,NEIN,NEIN,primary,/1w5g6GafIeqKsPIJFul5wiTkBMo.jpg,44,0.0,0.0,0.0,0.0976,0.0976,0.0976,
801830,NEIN,NEIN,variant,/1w5g6GafIeqKsPIJFul5wiTkBMo.jpg,44,0.0,0.0,0.0,0.0976,0.0976,0.0976,
801830,NEIN,NEIN,variant,/eDCLrPN2mikehHw3ABzcIM219Hh.jpg,111,0.0,0.0,0.0,0.0808,0.0808,0.0808,
827144,The Corruption of Divine Providence,The Corruption of Divine Providence,primary,/12HnoZek9DWAawyk1rco8Byx2SV.jpg,35,1.0,1.0,1.0,1.0,1.0,1.0,
827144,The Corruption of Divine Providence,The Corruption of Divine Providence,variant,/12HnoZek9DWAawyk1rco8Byx2SV.jpg,35,1.0,1.0,1.0,1.0,1.0,1.0,
827144,The Corruption of Divine Providence,The Corruption of Divine Providence,variant,/9JW09WzZUyD6Xy15pBWbumDhWST.jpg,613,1.0,1.0,1.0,0.0,0.0,0.0,
827144,The Corruption of Divine Providence,The Corruption of Divine Providence,variant,/e7zU0GGyxDI1aJC5zB0lrPTgwwk.jpg,16,0.2,0.2,0.2,0.3111,0.3111,0.3111,
827144,The Corruption of Divine Providence,The Corruption of Divine Providence,variant,/sg46YE6p8Acr8kPv66cR9Tu2eNX.jpg,633,1.0,1.0,1.0,0.0,0.0,0.0,
827144,The Corruption of Divine Providence,The Corruption of Divine Providence,variant,/u0pPj7tSpfISawJCCWrwpob5IWj.jpg,63,0.2,0.2,0.2,0.2439,0.2439,0.2439,
853155,Bad Blood,Bad Blood,primary,/tEYO75bZZAPCNOmJoSFcJmZQdLQ.jpg,36,1.0,1.0,1.0,0.4324,0.4324,0.4324,
853155,Bad Blood,Bad Blood,variant,/mGhe8TO8CSWDSq9t1N9PEMese3f.jpg,6,0.0,0.0,0.0,0.3333,0.3333,0.3333,
853155,Bad Blood,Bad Blood,variant,/ndChza4196zQcg7rmwy6sU1ebAM.jpg,452,0.0,0.0,0.0,0.0,0.0,0.0,
853155,Bad Blood,Bad Blood,variant,/tEYO75bZZAPCNOmJoSFcJmZQdLQ.jpg,36,1.0,1.0,1.0,0.4324,0.4324,0.4324,
865502,All Catacombs Are Grey,Sve su katakombe sive,primary,/cEvFyCq2YFThAhyIksD7WXu05pv.jpg,44,0.0,0.0,0.0,0.2963,0.2264,0.2963,
865502,All Catacombs Are Grey,Sve su katakombe sive,variant,/cEvFyCq2YFThAhyIksD7WXu05pv.jpg,44,0.0,0.0,0.0,0.2963,0.2264,0.2963,
887751,Der Wolf und die 7 Geißlein,Der Wolf und die 7 Geißlein,primary,/AapMK1JYU6Z2xOREXU6TD0T7Qep.jpg,773,0.3333,0.3333,0.3333,0.0115,0.0115,0.0115,
887751,Der Wolf und die 7 Geißlein,Der Wolf und die 7 Geißlein,variant,/AapMK1JYU6Z2xOREXU6TD0T7Qep.jpg,773,0.3333,0.3333,0.3333,0.0115,0.0115,0.0115,
922848,Deadly Doula,Deadly Doula,primary,/5Q1Nq658LxtTcqRKgDMOixX02WS.jpg,12,1.0,1.0,1.0,1.0,1.0,1.0,
922848,Deadly Doula,Deadly Doula,variant,/5Q1Nq658LxtTcqRKgDMOixX02WS.jpg,12,1.0,1.0,1.0,1.0,1.0,1.0,
922848,Deadly Doula,Deadly Doula,variant,/9wNed1uSDPqL3yG8CFr6TRZWMgE.jpg,490,1.0,1.0,1.0,0.0,0.0,0.0,
922848,Deadly Doula,Deadly Doula,variant,/saZ1NgVXiPveHFiMQmpTCFCoD1M.jpg,21,0.0,0.0,0.0,0.2759,0.2759,0.2759,
924618,Tardy Terror,Tardy Terror,primary,/pjv2n6OhEr3oewUmVEdjI8t3PkH.jpg,53,1.0,1.0,1.0,0.4,0.4,0.4,
924618,Tardy Terror,Tardy Terror,variant,/6XbXTw5aqXpllE3OrsdYzt6kvvo.jpg,45,0.0,0.0,0.0,0.1667,0.1667,0.1667,
924618,Tardy Terror,Tardy Terror,variant,/97YCc2kapfllkqenkbw4abyHC6f.jpg,45,0.0,0.0,0.0,0.1667,0.1667,0.1667,
924618,Tardy Terror,Tardy Terror,variant,/pjv2n6OhEr3oewUmVEdjI8t3PkH.jpg,53,1.0,1.0,1.0,0.4,0.4,0.4,
927771,Guiltless,Guiltless,primary,/1peOEwz3dbXUCEXABJukWykCbpT.jpg,9,1.0,1.0,1.0,1.0,1.0,1.0,
927771,Guiltless,Guiltless,variant,/1peOEwz3dbXUCEXABJukWykCbpT.jpg,9,1.0,1.0,1.0,1.0,1.0,1.0,
927771,Guiltless,Guiltless,variant,/23hxhcMzi9nGkyWBdM3xk5UVdYi.jpg,9,1.0,1.0,1.0,1.0,1.0,1.0,
927771,Guiltless,Guiltless,variant,/2GV86puP0Ny1SnhyLd9vnU8DSps.jpg,46,0.0,0.0,0.0,0.1818,0.1818,0.1818,
927771,Guiltless,Guiltless,variant,/itVQzlwees7afigl19nHhK43uuP.jpg,9,1.0,1.0,1.0,1.0,1.0,1.0,
928529,Kappa no Sanpei: Ghost Operation,河童の三平 妖怪大作戦,primary,/qPCbxlTzlr4nTQSucldwVGzDOmd.jpg,58,0.0,0.0,0.0,0.1356,0.0,0.1356,
928529,Kappa no Sanpei: Ghost Operation,河童の三平 妖怪大作戦,variant,/qPCbxlTzlr4nTQSucldwVGzDOmd.jpg,58,0.0,0.0,0.0,0.1356,0.0,0.1356,
928529,Kappa no Sanpei: Ghost Operation,河童の三平 妖怪大作戦,variant,/uT8TsRBOQoNbdVC0YOHCmmqRnz0.jpg,65,0.0,0.0,0.0,0.1231,0.0,0.1231,
956056,,The Chieftains,primary,/xgcm023crvd1KVP0rIbGYlYa37N.jpg,20,0.0,1.0,1.0,0.0,1.0,1.0,
956056,,The Chieftains,variant,/xgcm023crvd1KVP0rIbGYlYa37N.jpg,20,0.0,1.0,1.0,0.0,1.0,1.0,
956491,Facies,Facies,primary,/2BcYFWo7xw1WVoGAEvbR60jP1ux.jpg,397,0.0,0.0,0.0,0.0,0.0,0.0,
956491,Facies,Facies,variant,/2BcYFWo7xw1WVoGAEvbR60jP1ux.jpg,397,0.0,0.0,0.0,0.0,0.0,0.0,
964250,Sheng Goes to Taiwan,周成過台灣,primary,/55Dk0wvloNQEfn9jYTmOBCHKHXA.jpg,103,0.0,0.0,0.0,0.1266,0.0,0.1266,
964250,Sheng Goes to Taiwan,周成過台灣,variant,/55Dk0wvloNQEfn9jYTmOBCHKHXA.jpg,103,0.0,0.0,0.0,0.1266,0.0,0.1266,
964991,Trapped in the System,Trapped in the System,primary,/g7W3zBk1LBW1KgHs2j07XJJ1tRi.jpg,21,0.0,0.0,0.0,0.1333,0.1333,0.1333,
964991,Trapped in the System,Trapped in the System,variant,/g7W3zBk1LBW1KgHs2j07XJJ1tRi.jpg,21,0.0,0.0,0.0,0.1333,0.1333,0.1333,
971152,Shockumentary,Shockumentary,primary,/2Oj16C4N7WWd58qeGs5NO49vIvx.jpg,104,0.0,0.0,0.0,0.1616,0.1616,0.1616,
971152,Shockumentary,Shockumentary,variant,/2Oj16C4N7WWd58qeGs5NO49vIvx.jpg,104,0.0,0.0,0.0,0.1616,0.1616,0.1616,
1012007,Aspiralux,Aspiralux,primary,/hfBwbxXahRgGe0NBDnlCg1v3QVP.jpg,110,0.0,0.0,0.0,0.1429,0.1429,0.1429,
1012007,Aspiralux,Aspiralux,variant,/hfBwbxXahRgGe0NBDnlCg1v3QVP.jpg,110,0.0,0.0,0.0,0.1429,0.1429,0.1429,
1012014,Terrore,Terrore,primary,/nPoTpVrFttKBxK4AYD3UqYcBGC5.jpg,80,0.0,0.0,0.0,0.1351,0.1351,0.1351,
1012014,Terrore,Terrore,variant,/nPoTpVrFttKBxK4AYD3UqYcBGC5.jpg,80,0.0,0.0,0.0,0.1351,0.1351,0.1351,
1027859,The Hidden,The Hidden,primary,/4sBIvoLbJl6J0RHlhGccI44s4ae.jpg,433,0.0,0.0,0.0,0.0495,0.0495,0.0495,
1027859,The Hidden,The Hidden,variant,/4sBIvoLbJl6J0RHlhGccI44s4ae.jpg,433,0.0,0.0,0.0,0.0495,0.0495,0.0495,
1029452,Moliile,Moliile,primary,/oHPd4Tz2VCTVX68JRl6yU4UXvib.jpg,38,0.0,0.0,0.0,0.1081,0.1081,0.1081,
1029452,Moliile,Moliile,variant,/oHPd4Tz2VCTVX68JRl6yU4UXvib.jpg,38,0.0,0.0,0.0,0.1081,0.1081,0.1081,
1029452,Moliile,Moliile,variant,/oNkdwov2yvrDki3RVhkdg7j1s7s.jpg,125,0.0,0.0,0.0,0.1261,0.1261,0.1261,
1031127,Chariot,Chariot,primary,/egTEVoKxnQYPhaqrAXNclTAf8kr.jpg,45,0.0,0.0,0.0,0.1739,0.1739,0.1739,
1031127,Chariot,Chariot,variant,/egTEVoKxnQYPhaqrAXNclTAf8kr.jpg,45,0.0,0.0,0.0,0.1739,0.1739,0.1739,
1032403,A Place Called Clayhill,A Place Called Clayhill,primary,/ycV7ZzsoyPeJzYZJMgDWwwQnNyT.jpg,30,0.0,0.0,0.0,0.2857,0.2857,0.2857,
1032403,A Place Called Clayhill,A Place Called Clayhill,variant,/2ZSQaX6qiK2jjfuFypcn1yO69ZB.jpg,0,0.0,0.0,0.0,0.0,0.0,0.0,
1032403,A Place Called Clayhill,A Place Called Clayhill,variant,/bKiJbw2AD3i5Uem1qt7ZMuJgMaM.jpg,30,0.0,0.0,0.0,0.2857,0.2857,0.2857,
1037355,Wickedly Evil,Wickedly Evil,primary,/qQoDIwscVbS5ea99nvcxHI7vdF8.jpg,35,0.0,0.0,0.0,0.2439,0.2439,0.2439,
1037355,Wickedly Evil,Wickedly Evil,variant,/evspW8hqJlsdm766YLiIphocvQh.jpg,411,0.0,0.0,0.0,0.0114,0.0114,0.0114,
1037355,Wickedly Evil,Wickedly Evil,variant,/qQoDIwscVbS5ea99nvcxHI7vdF8.jpg,35,0.0,0.0,0.0,0.2439,0.2439,0.2439,
1037355,Wickedly Evil,Wickedly Evil,variant,/uYYkiF4XknoYlhQl7iUXs3S3M88.jpg,317,0.0,0.0,0.0,0.0074,0.0074,0.0074,
1038887,Paws,Paws,primary,/vk5pdAd8jrebSz31RYkpmOgJj0e.jpg,346,0.0,0.0,0.0,0.0069,0.0069,0.0069,
1038887,Paws,Paws,variant,/vk5pdAd8jrebSz31RYkpmOgJj0e.jpg,346,0.0,0.0,0.0,0.0069,0.0069,0.0069,
1042644,,,variant,/aMCGMJ7LMdTa156VKCC8mAHQu8z.jpg,22,0.0,0.0,0.0,0.0,0.0,0.0,
1047662,Baobhan Sith,Baobhan Sith,primary,/cXJapyK94iEAJUCTvZ8LZPMVaEI.jpg,50,0.0,0.0,0.0,0.2692,0.2692,0.2692,
1047662,Baobhan Sith,Baobhan Sith,variant,/cXJapyK94iEAJUCTvZ8LZPMVaEI.jpg,50,0.0,0.0,0.0,0.2692,0.2692,0.2692,
1048127,Lets fuck part 2,Lets fuck part 2,primary,/d24IitY2c7YPjlcLLD4AdrIER6k.jpg,21,0.0,0.0,0.0,0.2857,0.2857,0.2857,
1048127,Lets fuck part 2,Lets fuck part 2,variant,/d24IitY2c7YPjlcLLD4AdrIER6k.jpg,21,0.0,0.0,0.0,0.2857,0.2857,0.2857,
1048127,Lets fuck part 2,Lets fuck part 2,variant,/iYcK9UghFZUrEVbq1aCELALcXs7.jpg,21,0.0,0.0,0.0,0.2857,0.2857,0.2857,
1048127,Lets fuck part 2,Lets fuck part 2,variant,/xLqhBSrxRWCFgi7RIJ4HG2v2v1o.jpg,21,0.0,0.0,0.0,0.2857,0.2857,0.2857,
1070867,,The New Homeowner's Guide to Happiness,primary,/sPYvQyQpYWUSEFLEyOKobr9xboK.jpg,126,0.0,0.8333,0.8333,0.0,0.4706,0.4706,
1070867,,The New Homeowner's Guide to Happiness,variant,/sPYvQyQpYWUSEFLEyOKobr9xboK.jpg,126,0.0,0.8333,0.8333,0.0,0.4706,0.4706,
1072680,Mark,Mark,primary,/wp7VRPV3ej1lCu7FG513IOZTucx.jpg,33,0.0,0.0,0.0,0.1818,0.1818,0.1818,
1072680,Mark,Mark,variant,/wp7VRPV3ej1lCu7FG513IOZTucx.jpg,33,0.0,0.0,0.0,0.1818,0.1818,0.1818,
1073077,Mortified,Mortified,primary,/m4FB5rpouG1CynwTH4WNX1nJv1w.jpg,401,0.0,0.0,0.0,0.0117,0.0117,0.0117,
1073077,Mortified,Mortified,variant,/m4FB5rpouG1CynwTH4WNX1nJv1w.jpg,401,0.0,0.0,0.0,0.0117,0.0117,0.0117,
1079725,5G: The Reckoning,5G: The Reckoning,primary,/2Vo6gIzZ9Lbh7UshNYiRiCzhG3R.jpg,147,0.0,0.0,0.0,0.2273,0.2273,0.2273,
1079725,5G: The Reckoning,5G: The Reckoning,variant,/2Vo6gIzZ9Lbh7UshNYiRiCzhG3R.jpg,147,0.0,0.0,0.0,0.2273,0.2273,0.2273,
1156820,Meat's Meat... And Man's Gotta Eat,Meat's Meat... And Man's Gotta Eat,primary,/77Mk88px0IbCQefe9JqY4l4say7.jpg,33,1.0,1.0,1.0,1.0,1.0,1.0,
1156820,Meat's Meat... And Man's Gotta Eat,Meat's Meat... And Man's Gotta Eat,variant,/77Mk88px0IbCQefe9JqY4l4say7.jpg,33,1.0,1.0,1.0,1.0,1.0,1.0,
1156820,Meat's Meat... And Man's Gotta Eat,Meat's Meat... And Man's Gotta Eat,variant,/j6qVsEvsrpkkfdqem305Ssew727.jpg,87,0.0,0.0,0.0,0.1915,0.1915,0.1915,
1156834,The Smell of Death,The Smell of Death,primary,/j6qVsEvsrpkkfdqem305Ssew727.jpg,87,0.25,0.25,0.25,0.1882,0.1882,0.1882,
1156834,The Smell of Death,The Smell of Death,variant,/j6qVsEvsrpkkfdqem305Ssew727.jpg,87,0.25,0.25,0.25,0.1882,0.1882,0.1882,
1160134,Strange Stories,Strange Stories,primary,/jAWQfvRiAW5z3tH3dxC4RzdMb0F.jpg,66,0.0,0.0,0.0,0.2727,0.2727,0.2727,
1160134,Strange Stories,Strange Stories,variant,/jAWQfvRiAW5z3tH3dxC4RzdMb0F.jpg,66,0.0,0.0,0.0,0.2727,0.2727,0.2727,
1167306,A Maid's Bitter Story,瓊樓恨,primary,/xTxKg3LF8lDATEj1EIQXVXAterh.jpg,139,0.0,0.0,0.0,0.2222,0.0,0.2222,
1167306,A Maid's Bitter Story,瓊樓恨,variant,/xTxKg3LF8lDATEj1EIQXVXAterh.jpg,139,0.0,0.0,0.0,0.2222,0.0,0.2222,
1236920,Blood Fear,Blood Fear,primary,/v8jvq07ZOBIg8n3uhaCLsbzOwPk.jpg,13,1.0,1.0,1.0,1.0,1.0,1.0,
1236920,Blood Fear,Blood Fear,variant,/kjxgu2fY0FBTd7uFqTksBsGm2zm.jpg,20,0.0,0.0,0.0,0.2,0.2,0.2,
1236920,Blood Fear,Blood Fear,variant,/v8jvq07ZOBIg8n3uhaCLsbzOwPk.jpg,13,1.0,1.0,1.0,1.0,1.0,1.0,
1244525,Deathkeeper,Deathkeeper,primary,/2yzSBxg93wPgNPJFZXr4MZ9fdDw.jpg,66,0.0,0.0,0.0,0.1311,0.1311,0.1311,
1244525,Deathkeeper,Deathkeeper,variant,/2yzSBxg93wPgNPJFZXr4MZ9fdDw.jpg,66,0.0,0.0,0.0,0.1311,0.1311,0.1311,
1257204,Mary Magdalene,Mary Magdalene,primary,/gpP2wGka0QmI1yjaRkYRkQuEBRp.jpg,63,0.0,0.0,0.0,0.2462,0.2462,0.2462,
1257204,Mary Magdalene,Mary Magdalene,variant,/gpP2wGka0QmI1yjaRkYRkQuEBRp.jpg,63,0.0,0.0,0.0,0.2462,0.2462,0.2462,
1261552,Those Who Dare,Those Who Dare,primary,/w09A4ry343LJawDOSpUh1i6siRU.jpg,588,0.0,0.0,0.0,0.0,0.0,0.0,
1261552,Those Who Dare,Those Who Dare,variant,/w09A4ry343LJawDOSpUh1i6siRU.jpg,588,0.0,0.0,0.0,0.0,0.0,0.0,
1289680,Horsey,Horsey,primary,/8K1Pp2xpblUwcK9xuA81005dBJr.jpg,259,0.0,0.0,0.0,0.0091,0.0091,0.0091,
1289680,Horsey,Horsey,variant,/8K1Pp2xpblUwcK9xuA81005dBJr.jpg,259,0.0,0.0,0.0,0.0091,0.0091,0.0091,
1290214,Fantastic Features - Season Preview,Fantastic Features - Season Preview,primary,/7e3hE2s4BhAfpOr8wnMv67QkpT6.jpg,25,0.0,0.0,0.0,0.3077,0.3077,0.3077,
1290214,Fantastic Features - Season Preview,Fantastic Features - Season Preview,variant,/7e3hE2s4BhAfpOr8wnMv67QkpT6.jpg,25,0.0,0.0,0.0,0.3077,0.3077,0.3077,
1356360,Upside Down Polaroid,Upside Down Polaroid,primary,/CnDRprSy28X46biPcMWihCYGYY.jpg,39,0.0,0.0,0.0,0.2642,0.2642,0.2642,
1356360,Upside Down Polaroid,Upside Down Polaroid,variant,/CnDRprSy28X46biPcMWihCYGYY.jpg,39,0.0,0.0,0.0,0.2642,0.2642,0.2642,
1356360,Upside Down Polaroid,Upside Down Polaroid,variant,/hT4CDNVTIcUHPfalwv2rCtgyg5i.jpg,74,0.0,0.0,0.0,0.2051,0.2051,0.2051,
1356360,Upside Down Polaroid,Upside Down Polaroid,variant,/s8UDqHejV8zYOEjeoKu8WHbDBt0.jpg,39,0.0,0.0,0.0,0.2642,0.2642,0.2642,
1356360,Upside Down Polaroid,Upside Down Polaroid,variant,/sKh32tCcJh1SBCSFbG77lIgepW1.jpg,15,0.0,0.0,0.0,0.1875,0.1875,0.1875,
1379372,Moving Out,Moving Out,primary,/9KqUuDOztKIqF8tcr8mm8lKOsbL.jpg,412,0.0,0.0,0.0,0.0,0.0,0.0,
1379372,Moving Out,Moving Out,variant,/9KqUuDOztKIqF8tcr8mm8lKOsbL.jpg,412,0.0,0.0,0.0,0.0,0.0,0.0,
1379718,Coming Attractions,Coming Attractions,primary,/82Dnb5naDkwh1oB9PHD066WiW0N.jpg,472,0.0,0.0,0.0,0.0,0.0,0.0,
1379718,Coming Attractions,Coming Attractions,variant,/82Dnb5naDkwh1oB9PHD066WiW0N.jpg,472,0.0,0.0,0.0,0.0,0.0,0.0,
1381878,The Day of Reckoning,The Day of Reckoning,primary,/3HaIA51A0Cbkch1QYedq6SeeUy8.jpg,86,0.25,0.25,0.25,0.2022,0.2022,0.2022,
1381878,The Day of Reckoning,The Day of Reckoning,variant,/3HaIA51A0Cbkch1QYedq6SeeUy8.jpg,86,0.25,0.25,0.25,0.2022,0.2022,0.2022,
1390997,Brayden's Adventures Nature Walk - Tackling Wainuiomata Hill,Brayden's Adventures Nature Walk - Tackling Wainuiomata Hill,variant,/vHkRqQP7CklWocrJZeAYYPFZQ9g.jpg,35,0.2857,0.2857,0.2857,0.55,0.55,0.55,
1395245,Gruesome,Gruesome,variant,/oTP9wq2OKG7l9vD4Sq6cRlcVE4o.jpg,49,0.0,0.0,0.0,0.2745,0.2745,0.2745,
1424947,By the Throat,By the Throat,primary,/94LEtDFFr0PgcP5MJYrhLJnD6FT.jpg,115,0.6667,0.6667,0.6667,0.1835,0.1835,0.1835,
1424947,By the Throat,By the Throat,variant,/94LEtDFFr0PgcP5MJYrhLJnD6FT.jpg,115,0.6667,0.6667,0.6667,0.1835,0.1835,0.1835,
1424947,By the Throat,By the Throat,variant,/gogMju5zzVINnuMCiDPbutYPMWr.jpg,153,0.3333,0.3333,0.3333,0.1159,0.1159,0.1159,
1437479,Remember To Enjoy The Light Before It’s Gone,Remember To Enjoy The Light Before It’s Gone,variant,/23QqbNuhDyWcBEe0HhNLs2Oc3YU.jpg,27,0.375,0.375,0.375,0.5357,0.5357,0.5357,
1437479,Remember To Enjoy The Light Before It’s Gone,Remember To Enjoy The Light Before It’s Gone,variant,/6jqjHpk0LJB2Wb39kySanIyT9US.jpg,0,0.0,0.0,0.0,0.0,0.0,0.0,
1437479,Remember To Enjoy The Light Before It’s Gone,Remember To Enjoy The Light Before It’s Gone,variant,/iHWSekKhzCLKnOrwoaVzsKWeihk.jpg,26,0.0,0.0,0.0,0.2414,0.2414,0.2414,
1437479,Remember To Enjoy The Light Before It’s Gone,Remember To Enjoy The Light Before It’s Gone,variant,/qMyHpiAC98mouKmkTROnDjlIBsx.jpg,0,0.0,0.0,0.0,0.0,0.0,0.0,
1437479,Remember To Enjoy The Light Before It’s Gone,Remember To Enjoy The Light Before It’s Gone,variant,/z557PoPFDFBRRquvbScwFkGEOEz.jpg,0,0.0,0.0,0.0,0.0,0.0,0.0,
1447316,Smoke Alarm,Smoke Alarm,primary,/5Icj2Mx6gmVR4qmysAlIP8MXBud.jpg,25,0.0,0.0,0.0,0.3125,0.3125,0.3125,
1447316,Smoke Alarm,Smoke Alarm,variant,/5Icj2Mx6gmVR4qmysAlIP8MXBud.jpg,25,0.0,0.0,0.0,0.3125,0.3125,0.3125,
1451359,Heavily Pregnant Susan,Heavily Pregnant Susan,primary,/ouDzi7K4CJSPFR7klhdfQElziDr.jpg,214,0.0,0.0,0.0,0.1354,0.1354,0.1354,
1451359,Heavily Pregnant Susan,Heavily Pregnant Susan,variant,/ouDzi7K4CJSPFR7klhdfQElziDr.jpg,214,0.0,0.0,0.0,0.1354,0.1354,0.1354,
1453542,The Ghost Story.,The Ghost Story.,primary,/vindgdsxQIxnAgjEKDIIw9nBsiT.jpg,21,0.0,0.0,0.0,0.3125,0.3125,0.3125,
1453542,The Ghost Story.,The Ghost Story.,variant,/vindgdsxQIxnAgjEKDIIw9nBsiT.jpg,21,0.0,0.0,0.0,0.3125,0.3125,0.3125,
1466771,Welcome To Fredbear's,Welcome To Fredbear's,primary,/eqDiQr5Oso9FuE6rrTRijsbEBil.jpg,103,0.0,0.0,0.0,0.233,0.233,0.233,
1466771,Welcome To Fredbear's,Welcome To Fredbear's,variant,/eqDiQr5Oso9FuE6rrTRijsbEBil.jpg,103,0.0,0.0,0.0,0.233,0.233,0.233,
1498452,Edmonton To Milan,Edmonton To Milan,variant,/IaPwL5ur1XDJ66aVJYOD07HZBL.jpg,553,0.3333,0.3333,0.3333,0.0,0.0,0.0,
1505601,Blair's Craft Projects,Blair's Craft Projects,primary,/qSidLnWuHWmPksFuvpmCpvDasb9.jpg,181,0.6667,0.6667,0.6667,0.2275,0.2275,0.2275,
1505601,Blair's Craft Projects,Blair's Craft Projects,variant,/1rT3ByUpBHvXdWMvIaiRIc6DV03.jpg,240,0.0,0.0,0.0,0.1038,0.1038,0.1038,
1505601,Blair's Craft Projects,Blair's Craft Projects,variant,/qSidLnWuHWmPksFuvpmCpvDasb9.jpg,181,0.6667,0.6667,0.6667,0.2275,0.2275,0.2275,
1532507,"Shearling - May 24, 2025","Shearling - May 24, 2025",primary,/mHDfo6OC2z6S0OqfCIabxZvQDSA.jpg,47,0.0,0.0,0.0,0.1852,0.1852,0.1852,
1532507,"Shearling - May 24, 2025","Shearling - May 24, 2025",variant,/mHDfo6OC2z6S0OqfCIabxZvQDSA.jpg,47,0.0,0.0,0.0,0.1852,0.1852,0.1852,
1532507,"Shearling - May 24, 2025","Shearling - May 24, 2025",variant,/oLqVa7J9XFVmGU5TDDSXE67kmaS.jpg,0,0.0,0.0,0.0,0.0,0.0,0.0,
1535311,spectre girl tries stand up,spectre girl tries stand up,primary,/gf37nv7jD0wTZLCn5pOqfzrKzme.jpg,28,0.0,0.0,0.0,0.2222,0.2222,0.2222,
1535311,spectre girl tries stand up,spectre girl tries stand up,variant,/gf37nv7jD0wTZLCn5pOqfzrKzme.jpg,28,0.0,0.0,0.0,0.2222,0.2222,0.2222,
1577501,The Long Walk Back to the Bed,The Long Walk Back to the Bed,primary,/rByzoxElBCMXHxn3jdACMnnnjTH.jpg,27,0.1667,0.1667,0.1667,0.3111,0.3111,0.3111,
1577501,The Long Walk Back to the Bed,The Long Walk Back to the Bed,variant,/jVfk5oRgGHIvVPeQtArxBhoLnPL.jpg,27,0.1667,0.1667,0.1667,0.3111,0.3111,0.3111,
1577501,The Long Walk Back to the Bed,The Long Walk Back to the Bed,variant,/rByzoxElBCMXHxn3jdACMnnnjTH.jpg,27,0.1667,0.1667,0.1667,0.3111,0.3111,0.3111,
1588271,Phyllis,Phyllis,primary,/e9iWGP7H8RotarTT47CEg87WpIG.jpg,78,0.0,0.0,0.0,0.0833,0.0833,0.0833,
1588271,Phyllis,Phyllis,variant,/e9iWGP7H8RotarTT47CEg87WpIG.jpg,78,0.0,0.0,0.0,0.0833,0.0833,0.0833,
1588271,Phyllis,Phyllis,variant,/y1MR9v2WEyd57SgvSF5cx5KjdW9.jpg,90,0.0,0.0,0.0,0.1039,0.1039,0.1039,
1594713,The BirdMan,The BirdMan,primary,/6Q92uwbJlA1dwdmjCQsH2nApUOB.jpg,42,0.0,0.0,0.0,0.2857,0.2857,0.2857,
1594713,The BirdMan,The BirdMan,variant,/6Q92uwbJlA1dwdmjCQsH2nApUOB.jpg,42,0.0,0.0,0.0,0.2857,0.2857,0.2857,
1597529,Saint Lucy's Day,Saint Lucy's Day,primary,/31Ifp8EbaFIOLqDrypPFgUcgU8x.jpg,26,0.0,0.0,0.0,0.2162,0.2162,0.2162,
1597529,Saint Lucy's Day,Saint Lucy's Day,variant,/31Ifp8EbaFIOLqDrypPFgUcgU8x.jpg,26,0.0,0.0,0.0,0.2162,0.2162,0.2162,
1602352,Malevolent,Malevolent,variant,/pcdVTwbXkOtUhk62I4ppCHJFzhl.jpg,80,0.0,0.0,0.0,0.2154,0.2154,0.2154,
1608753,Crisis Actress,Crisis Actress,primary,/b46BXsdp8XRPeKAosHHSX792khI.jpg,283,0.0,0.0,0.0,0.0,0.0,0.0,
1608753,Crisis Actress,Crisis Actress,variant,/b46BXsdp8XRPeKAosHHSX792khI.jpg,283,0.0,0.0,0.0,0.0,0.0,0.0,
1611636,Goosebumps: Don't Wake Mummy,Goosebumps: Don't Wake Mummy,primary,/9EU2G7YI02aZgdaM5HiXcXXomiH.jpg,109,0.25,0.25,0.25,0.2679,0.2679,0.2679,
1611636,Goosebumps: Don't Wake Mummy,Goosebumps: Don't Wake Mummy,variant,/9EU2G7YI02aZgdaM5HiXcXXomiH.jpg,109,0.25,0.25,0.25,0.2679,0.2679,0.2679,
1611636,Goosebumps: Don't Wake Mummy,Goosebumps: Don't Wake Mummy,variant,/jrjuMtxEWtkm8rbqTDBVeNFJwjz.jpg,54,0.25,0.25,0.25,0.4,0.4,0.4,
1638821,Asphalt Inferno,Asphalt Inferno,primary,/2oQtrZUc51grwFdXASNsbghWc26.jpg,38,0.0,0.0,0.0,0.3043,0.3043,0.3043,
1638821,Asphalt Inferno,Asphalt Inferno,variant,/2oQtrZUc51grwFdXASNsbghWc26.jpg,38,0.0,0.0,0.0,0.3043,0.3043,0.3043,
1651814,,the things id do to you,primary,/b3y5llqGeMZn6fO0XNs0w4PFiY7.jpg,27,0.0,1.0,1.0,0.0,0.9231,0.9231,
1651814,,the things id do to you,variant,/b3y5llqGeMZn6fO0XNs0w4PFiY7.jpg,27,0.0,1.0,1.0,0.0,0.9231,0.9231,
1676162,Who Are You,Who Are You,primary,/m0jiJTcsEem5L1YHYIbYRwdpxtv.jpg,44,0.0,0.0,0.0,0.0909,0.0909,0.0909,
1676162,Who Are You,Who Are You,variant,/m0jiJTcsEem5L1YHYIbYRwdpxtv.jpg,44,0.0,0.0,0.0,0.0909,0.0909,0.0909,
1681289,BREATHE,BREATHE,primary,/nECL5SPSqafT97ksU4a38imULmr.jpg,556,0.0,0.0,0.0,0.0042,0.0042,0.0042,
1681289,BREATHE,BREATHE,variant,/kOarl6QPALJmB3nwiYhl8ajBHOl.jpg,72,0.0,0.0,0.0,0.1159,0.1159,0.1159,
1681289,BREATHE,BREATHE,variant,/nECL5SPSqafT97ksU4a38imULmr.jpg,556,0.0,0.0,0.0,0.0042,0.0042,0.0042,
1681289,BREATHE,BREATHE,variant,/nYY8D6Zkho4RgFy25mEVGncnpBg.jpg,71,0.0,0.0,0.0,0.1935,0.1935,0.1935,
1681289,BREATHE,BREATHE,variant,/npgOe63HA7ih3R9lJLYzJDhD2lX.jpg,524,0.0,0.0,0.0,0.0,0.0,0.0,
1708678,The Not-So-Grim Reaper,The Not-So-Grim Reaper,primary,/9usj1P8daLsdTmXY5xkUjkmWvBd.jpg,22,1.0,1.0,1.0,1.0,1.0,1.0,
1708678,The Not-So-Grim Reaper,The Not-So-Grim Reaper,variant,/9usj1P8daLsdTmXY5xkUjkmWvBd.jpg,22,1.0,1.0,1.0,1.0,1.0,1.0,
1711077,Hiding in Plain Sight,Hiding in Plain Sight,primary,/gasSNSmnrUw51dNqDosYx8C2Yu6.jpg,104,0.0,0.0,0.0,0.0571,0.0571,0.0571,
1711077,Hiding in Plain Sight,Hiding in Plain Sight,variant,/gasSNSmnrUw51dNqDosYx8C2Yu6.jpg,104,0.0,0.0,0.0,0.0571,0.0571,0.0571,
1712166,PRETTY KIND,PRETTY KIND,primary,/2Xy31H397Tv7O8Vm601TtZysFL3.jpg,116,0.0,0.0,0.0,0.1273,0.1273,0.1273,
1712166,PRETTY KIND,PRETTY KIND,variant,/2Xy31H397Tv7O8Vm601TtZysFL3.jpg,116,0.0,0.0,0.0,0.1273,0.1273,0.1273,
1736276,Nasty,Nasty,primary,/1mtGntTrrWL3EEg9VinfEqKMs6D.jpg,54,0.0,0.0,0.0,0.16,0.16,0.16,
1736276,Nasty,Nasty,variant,/1mtGntTrrWL3EEg9VinfEqKMs6D.jpg,54,0.0,0.0,0.0,0.16,0.16,0.16,
1736717,Back from the Dead,Back from the Dead,primary,/cGXAVl4a6efuIzackPaLLBtiMef.jpg,55,0.0,0.0,0.0,0.2951,0.2951,0.2951,
1736717,Back from the Dead,Back from the Dead,variant,/cGXAVl4a6efuIzackPaLLBtiMef.jpg,55,0.0,0.0,0.0,0.2951,0.2951,0.2951,
