id,title,current_file_path,current_overlap,current_fuzzy,best_file_path,best_overlap,best_fuzzy,gain_overlap,gain_fuzzy,n_variants,propose,reason
7180,RISEN,/vX3uVYYG1YMbZijRoaFSXtNuIO2.jpg,0.0,0.0889,/mULRjy8rGqZx9Ql5TTKV4inH9If.jpg,1.0,0.2632,1.0,0.1743,2,1,overlap_gain
13276,Deadwater,/tvF4dx3coDHCJrcn0nM38X663fH.jpg,0.0,0.1622,/1563LI6bmrzyXaGbbwTkAjpR0qA.jpg,1.0,0.0367,1.0,-0.1255,2,1,overlap_gain
15057,The Evil Woods,/ppMNj9IAzEjQsQCjBloHo9qf6yJ.jpg,0.3333,0.4444,/ppMNj9IAzEjQsQCjBloHo9qf6yJ.jpg,0.3333,0.4444,0.0,0.0,1,0,no
20321,Doctor Sleep,/eBRcmhQakzeYPU6AWLP1DtAoLtC.jpg,0.0,0.2286,/bWb7wrpWygWFEFlkkwU4cUTfE7V.jpg,0.5,0.0,0.5,-0.2286,3,1,overlap_gain
26208,Credo,/zujrGZqzrXe8DVCZyig07O03Edz.jpg,0.0,0.2105,/zujrGZqzrXe8DVCZyig07O03Edz.jpg,0.0,0.2105,0.0,0.0,2,0,no
28930,Live Evil,/fZCS2BHwPhzeTDQKnflUzHPIcHv.jpg,0.0,0.0117,/fZCS2BHwPhzeTDQKnflUzHPIcHv.jpg,0.0,0.0117,0.0,0.0,1,0,no
29214,Echoes,/kTAqXw80XokVrYHehoW01zt2HP3.jpg,0.0,0.1099,/mjM0EpHEgXVwGnd5fhBXpTkxOzU.jpg,1.0,1.0,1.0,0.8901,3,1,overlap_gain
29899,Claustrophobia,/gNyLGFOTMvRwbGkrLuFiLAAfHhD.jpg,0.0,0.1687,/3vUeGjpPrEbllgm1EK68Y5hJNf4.jpg,0.0,0.1707,0.0,0.002,2,0,no
30030,Eyes Are Upon You,/4nsQ3qGeP6xCllI2RDQBPstdtdP.jpg,0.0,0.2979,/4nsQ3qGeP6xCllI2RDQBPstdtdP.jpg,0.0,0.2979,0.0,0.0,1,0,no
35949,Jennifer's Shadow,/emw0TaUE0jyaSuZQw2u0A3L4RMw.jpg,0.0,0.1928,/emw0TaUE0jyaSuZQw2u0A3L4RMw.jpg,0.0,0.1928,0.0,0.0,1,0,no
36965,Infection,/6mEmhon5P1UfKOHGn07z8zlbeK1.jpg,0.0,0.3226,/zLoAaUcg07sWFK1e4qtgGvqvHr3.jpg,0.0,0.5882,0.0,0.2656,4,0,no
37687,3 A.M.,/5xrbnulJKpxtD2pCN1cdN0TXrMn.jpg,0.0,0.0377,/5xrbnulJKpxtD2pCN1cdN0TXrMn.jpg,0.0,0.0377,0.0,0.0,1,0,no
40338,Naked Massacre,/ok7WHby5ATCRjil9amoiblWZMNA.jpg,0.0,0.2581,/eXE7aKB0EokJlrt4sm0MhT86htQ.jpg,1.0,0.1486,1.0,-0.1095,5,1,overlap_gain
45511,Teacher's Pet,/6tP0SNBPUWEFd4dz77p4JH2S574.jpg,0.0,0.2963,/rQp1gPdjPoUPTWZmnrrXpVZkt0G.jpg,1.0,1.0,1.0,0.7037,3,1,overlap_gain
47431,To Make a Killing,/3V9jxF3ZHE3KLSyU6QytBo4NPaE.jpg,0.0,0.0,/8d86V178Rt2jKz9iirslBinnUL7.jpg,0.6667,0.5,0.6667,0.5,4,1,overlap_gain
48808,Closet Space,/1iXF33dWixSj6Q0hRIN1NYaFnvi.jpg,0.0,0.1386,/1iXF33dWixSj6Q0hRIN1NYaFnvi.jpg,0.0,0.1386,0.0,0.0,1,0,no
50604,Dark Woods,/5KjHJKWsfwssN1YCPo7u4Tl4l2x.jpg,0.0,0.0076,/5KjHJKWsfwssN1YCPo7u4Tl4l2x.jpg,0.0,0.0076,0.0,0.0,1,0,no
51176,Hellborn,/u5VdDoyXLuMSA193Jalh03FfrD3.jpg,0.0,0.1263,/r0KUoGBEO0sWxTr9hhLf78tXtDg.jpg,1.0,0.0,1.0,-0.1263,4,1,overlap_gain
56383,"Lisa, Lisa",/fj2PR0EnAakr9F0VhUe2uwESmII.jpg,0.0,0.3333,/rV6Irmd9RD0HZXhD7H8ucZceo3V.jpg,1.0,0.0,1.0,-0.3333,5,1,overlap_gain
58796,Canes,/9tq55sjFuJ2NNt0IPrigFKSJ0u6.jpg,0.0,0.2424,/9tq55sjFuJ2NNt0IPrigFKSJ0u6.jpg,0.0,0.2424,0.0,0.0,4,0,no
64623,Vendetta,/zdH82Fvty1AzjgS0s33q70Hrflj.jpg,0.0,0.2632,/3kL2yacKNzPZ6IrxFI8dHJqu6lx.jpg,1.0,0.1481,1.0,-0.1151,1,1,overlap_gain
69117,Unseen Evil 2,/p13XVpFphqj2Dc92ZRUeYdKBWAf.jpg,0.0,0.2051,/p13XVpFphqj2Dc92ZRUeYdKBWAf.jpg,0.0,0.2051,0.0,0.0,1,0,no
69142,The Wrath,/i58d2YSlyrN8yWjncS3UQEqZSCm.jpg,0.0,0.2553,/gp2Zfza1j955qUU6iyDDdDsJk1H.jpg,0.5,0.186,0.5,-0.0693,4,1,overlap_gain
71234,Greed,/iMraYCxCyB4s0IwlLkPtxrbSt2v.jpg,0.0,0.0759,/iMraYCxCyB4s0IwlLkPtxrbSt2v.jpg,0.0,0.0759,0.0,0.0,1,0,no
72654,Parents,/lRsB3AeYdbT3LhEGnIr8GF2rhx0.jpg,0.0,0.0,/6cSYVV21o7T1iMclovdKqnLqy2d.jpg,1.0,0.4,1.0,0.4,2,1,overlap_gain
74650,Fantasmi,/vKMfMV1vPsRTiM4YQk603rMTdMh.jpg,0.0,0.0683,/8ykbl5Ax5LRg5UjJu2vlmngXjmg.jpg,0.0,0.4706,0.0,0.4023,2,0,no
76659,Beautiful Swordswomen: Double Seppuku,/bLXl3iBAUoDAVK7z3m8kXd7AAye.jpg,0.0,0.1364,/bLXl3iBAUoDAVK7z3m8kXd7AAye.jpg,0.0,0.1364,0.0,0.0,2,0,no
80528,The Darkening,/wicP7cM37z3uhNdV5SwoPBZfib6.jpg,0.0,0.3429,/wicP7cM37z3uhNdV5SwoPBZfib6.jpg,0.0,0.3429,0.0,0.0,1,0,no
81489,Carnivorous,/uJw5Tb7oCoBoalWKfvTxwt9zVZE.jpg,0.0,0.1026,/uJw5Tb7oCoBoalWKfvTxwt9zVZE.jpg,0.0,0.1026,0.0,0.0,1,0,no
82972,Curio,/fLD3a9bc24ioDcPb2VVwat9HO00.jpg,0.0,0.2286,/pFupZQWYGKBaMg9dZhcfj88BZ4A.jpg,1.0,0.0917,1.0,-0.1369,2,1,overlap_gain
83833,Nostrum,/y33jBhkZAX8hw5WYwze44WCT2CE.jpg,0.0,0.0,/y33jBhkZAX8hw5WYwze44WCT2CE.jpg,0.0,0.0,0.0,0.0,1,0,no
84233,Don't Hang Up,/1vVhbo2yoVdoxIdkQWPifQtYfaN.jpg,0.3333,0.1374,/fccbAyx3DcSHwlR6iwEfwVFhvyD.jpg,1.0,0.241,0.6667,0.1036,5,1,overlap_gain
92312,Django the Bastard,/lM9kTdGGSOTkSIHLbXX0SeZRQGr.jpg,0.3333,0.3429,/mEgACOh9FGP9g9XoAp8T4kYVK96.jpg,1.0,0.5,0.6667,0.1571,5,1,overlap_gain
95008,Scream... and Die!,/34LrQxQMDUboPHwEuy2lTL6R8BQ.jpg,0.0,0.375,/lASZNs0GbkObV1ErUhzwgfIpNj9.jpg,1.0,1.0,1.0,0.625,5,1,overlap_gain
100467,The Hand That Feeds the Dead,/xoE8nwmet7eQMQRTZ2rRJQmMJ86.jpg,0.0,0.2381,/wijtfpys0hHRi9ZGSYh7T3aJxCt.jpg,1.0,1.0,1.0,0.7619,2,1,overlap_gain
101730,Henge,/6lWQjl6cQwBT8lF0a5g52S6n2lb.jpg,0.0,0.1818,/g1273UI7b05AxfIifNoW17oX5cf.jpg,0.0,0.2222,0.0,0.0404,2,0,no
102762,Awakening,/jUvlPAF8vCYtkmpus3LvwsQGwwd.jpg,0.0,0.0038,/jUvlPAF8vCYtkmpus3LvwsQGwwd.jpg,0.0,0.0038,0.0,0.0,1,0,no
109703,Cadaver Bay,/nzADzqDkgkilCPaQf1sNsR4X2cB.jpg,0.0,0.1205,/nzADzqDkgkilCPaQf1sNsR4X2cB.jpg,0.0,0.1205,0.0,0.0,1,0,no
109707,Flora,/jgofwLTLMVt2Xp4aPSqly7Nnmm6.jpg,0.0,0.099,/mgHbHHaclA8YfPvQBi6wRb8q1EY.jpg,1.0,1.0,1.0,0.901,5,1,overlap_gain
110772,Stille Nacht IV: Can't Go Wrong Without You,/cgQCJZaVoeCkdt13eh9ot8acZqd.jpg,0.0,0.2198,/1CHe4IOSHYoZzb7oV7eh4lVUH1x.jpg,0.875,0.6667,0.875,0.4469,3,1,overlap_gain
122742,El asesino del parking,/gEi29ztmZ5G8qvDn5MdYwYd4tpC.jpg,0.0,0.0255,/gEi29ztmZ5G8qvDn5MdYwYd4tpC.jpg,0.0,0.0255,0.0,0.0,1,0,no
124046,B.O.R.N.,/trUBdVKkA3K2G1czud2hejVlYGl.jpg,0.0,0.1,/trUBdVKkA3K2G1czud2hejVlYGl.jpg,0.0,0.1,0.0,0.0,2,0,no
125294,Rough Draft,/eYgvetyNQK3paZqZ1UvPjbvRuHy.jpg,0.0,0.1379,/w46brjapQYaZon6GHtiVeehmJ4T.jpg,1.0,0.274,1.0,0.1361,2,1,overlap_gain
128655,Haunted High,/vvBldMlCmq7WDI6eoWIHSAe1JfE.jpg,0.0,0.1791,/ifZy0E6ulw73yb2pbkaKiQAr07T.jpg,0.5,0.1639,0.5,-0.0152,3,1,overlap_gain
131575,Fear Has 1000 Eyes,/z3lzHWlGRs5pD3qgDlIDtFAMojH.jpg,0.0,0.202,/vwz6fTY8YFkouYjeTMJY9l4pEwq.jpg,0.75,1.0,0.75,0.798,2,1,overlap_gain
131815,The Sea Serpent,/u04cvzPQTmz60zxTbXFCgPH3ncO.jpg,0.3333,0.3784,/u04cvzPQTmz60zxTbXFCgPH3ncO.jpg,0.3333,0.3784,0.0,0.0,1,0,no
135973,Pennhurst,/mFjoBkzeDbBmxM8jVfYcHOmmIac.jpg,0.0,0.1667,/nB5XpTMsO6ukDV0vzjseM45sKFa.jpg,1.0,0.1295,1.0,-0.0372,2,1,overlap_gain
144839,Evil Stalks This House,/e79AoyQhHzuzFR4yPY5ewQqhAFp.jpg,0.0,0.4545,/62F7aEOKyqmfkDtG4fN9YZasGsY.jpg,1.0,1.0,1.0,0.5455,2,1,overlap_gain
144909,Charm,/pS9d7Qz5IjbOzJr1XJPNhuaUm4r.jpg,0.0,0.098,/pS9d7Qz5IjbOzJr1XJPNhuaUm4r.jpg,0.0,0.098,0.0,0.0,1,0,no
163543,Shelf Life,/mCwnXpiPIyCMeWnIGVzsdRs6PqW.jpg,0.0,0.086,/75jaF5REzdTuGUTs4fZoNkk0iHZ.jpg,1.0,0.0036,1.0,-0.0824,2,1,overlap_gain
164423,Ghost of the Needle,/1LS2hvSXLx7T8CWUgpcUwwBHC46.jpg,0.25,0.0369,/1LS2hvSXLx7T8CWUgpcUwwBHC46.jpg,0.25,0.0369,0.0,0.0,1,0,no
192252,The Princess and Toxicant,/lGlYpE4BX691WjjvoKCSFtspKg7.jpg,0.0,0.2581,/es37DEHY8Kx6SxXZrwGdhnKvVLe.jpg,0.0,0.0645,0.0,-0.1936,1,0,no
192573,Zapatlela,/r7lWqWPUXJ3gqjNQubgaOCSI0tR.jpg,0.0,0.0927,/w4GMCJhPbrJN681t6UiaoQgsxo7.jpg,0.0,0.0781,0.0,-0.0146,1,0,no
200377,The Evolution of Snuff,/8o6H3httwOtAWQPOIXHm9qUKKbd.jpg,0.25,0.2759,/8o6H3httwOtAWQPOIXHm9qUKKbd.jpg,0.25,0.2759,0.0,0.0,1,0,no
200672,Torro. Torro. Torro!,/3sCzrtgWaimNKVXk9FHRPx0Q2I4.jpg,0.0,0.0245,/3sCzrtgWaimNKVXk9FHRPx0Q2I4.jpg,0.0,0.0245,0.0,0.0,1,0,no
200803,Altered Species,/1ki6TnBxlKG81ZbaXvaxEa7BXcK.jpg,0.0,0.2941,/93mzxkyy5kaDM1fXXTL2f7yWdHv.jpg,1.0,0.5957,1.0,0.3016,3,1,overlap_gain
204611,The McPherson Tape,/Ap6zknBoIHaioieVfOLd5qaWd4X.jpg,0.0,0.2078,/7HT0pnqdIejrjciSnYDvVGL4rXB.jpg,1.0,1.0,1.0,0.7922,5,1,overlap_gain
208703,Rufus,/aL7Lqv1iyZ6HAulWDjJvhwJNeIA.jpg,0.0,0.1031,/4HaHva32h3bZ7UfbQmOhzbGJ0Gb.jpg,1.0,1.0,1.0,0.8969,4,1,overlap_gain
210587,Yellow,/3olg9GQuC7xtym6H1gEVHznm8ee.jpg,0.0,0.0976,/cH0uNpmMUdg9Nu8J4qFRtsTSdFc.jpg,0.0,0.1493,0.0,0.0517,2,0,no
210734,Battlefield Death Tales,/z453yQUIEXI5mG695ZfeEMkDZnx.jpg,0.0,0.3636,/z453yQUIEXI5mG695ZfeEMkDZnx.jpg,0.0,0.3636,0.0,0.0,1,0,no
214680,Convergence,/b15UobERIODyWwjuIGVRKLBLBkO.jpg,0.0,0.1649,/b15UobERIODyWwjuIGVRKLBLBkO.jpg,0.0,0.1649,0.0,0.0,1,0,no
215280,Billy Badd,/zJwP5epnNOuna569g2fI9QZeeJ1.jpg,0.0,0.0,/zJwP5epnNOuna569g2fI9QZeeJ1.jpg,0.0,0.0,0.0,0.0,1,0,no
216139,Burned at the Stake,/qmMaHJxlcOG7ZByHbO3DPR2KUVD.jpg,0.5,0.0126,/qmMaHJxlcOG7ZByHbO3DPR2KUVD.jpg,0.5,0.0126,0.0,0.0,5,0,no
217903,El virus del poder,/piCRFtp2MdmL1UgCCkVM6I6AEK1.jpg,0.25,0.1023,/wnx0OxIJiWfChDJ2GuGsKqk4RWS.jpg,1.0,0.25,0.75,0.1477,1,1,overlap_gain
219961,Sonata,/A1C6UkDJudXNeTRjB33J9iJASQg.jpg,0.0,0.1633,/A1C6UkDJudXNeTRjB33J9iJASQg.jpg,0.0,0.1633,0.0,0.0,1,0,no
223281,The Unspeakable,/ApCMWR2jg45lZTGMjN2JIpIwePj.jpg,0.0,0.1552,/k3QdOgPjhJsjbd4xjM96gGzPcxr.jpg,1.0,1.0,1.0,0.8448,2,1,overlap_gain
223344,Maxie,/b8oVCFTxDwF2m5CQwgqzdpppkIp.jpg,0.0,0.0473,/b8oVCFTxDwF2m5CQwgqzdpppkIp.jpg,0.0,0.0473,0.0,0.0,1,0,no
226023,The Men Who Fell,/qUnmfvrrmn1BFcc7KkXyzwwRrHi.jpg,0.0,0.124,/qUnmfvrrmn1BFcc7KkXyzwwRrHi.jpg,0.0,0.124,0.0,0.0,1,0,no
227433,Hong-Do Mirror,/tFyHHxAMmwA76jTb9YRQoocFRmw.jpg,0.0,0.375,/tFyHHxAMmwA76jTb9YRQoocFRmw.jpg,0.0,0.375,0.0,0.0,2,0,no
244305,The Ice House,/tnaaNtJ6x9Es6nErSIoK9Y5izI2.jpg,0.3333,0.1176,/x0SzhzlHaOL0oJXo0NkXjPpF9aN.jpg,1.0,0.1078,0.6667,-0.0098,2,1,overlap_gain
250788,Savage Encounter,/fyHhjGJkTYCIIoRFM1v0YvuW50Q.jpg,0.0,0.2667,/4Y2Kmg6NLLy4KX9egc5D4Zb2O5I.jpg,1.0,0.2542,1.0,-0.0125,2,1,overlap_gain
251526,The Mutagen,/ezpSbTs0epele0tkVKSRkhS7mco.jpg,0.0,0.1918,/ezpSbTs0epele0tkVKSRkhS7mco.jpg,0.0,0.1918,0.0,0.0,1,0,no
254701,The Mask of Love,/laWI93XRbbI2qEnAFPETLUkNwD5.jpg,0.25,0.1463,/laWI93XRbbI2qEnAFPETLUkNwD5.jpg,0.25,0.1463,0.0,0.0,1,0,no
257275,The Night Comes Too Soon,/5cbhJNkBnonH6qJQgMDyc2qf0Eb.jpg,0.2,0.5854,/5cbhJNkBnonH6qJQgMDyc2qf0Eb.jpg,0.2,0.5854,0.0,0.0,3,0,no
258726,The Game,/cdyvTnRAOxVbQfRtV7pT6rhzHkK.jpg,0.0,0.2778,/e0p03Vy5V76xkFUCGnTTCzRm3Dy.jpg,0.0,0.3158,0.0,0.038,3,0,no
259828,Bloodless,/474HmunD3keIwtapMuRdTKB2pPF.jpg,0.0,0.08,/474HmunD3keIwtapMuRdTKB2pPF.jpg,0.0,0.08,0.0,0.0,1,0,no
260824,Under Surveillance,/kdgMFG1sY3oXPDoYelHCgKa8qqP.jpg,0.0,0.129,/kdgMFG1sY3oXPDoYelHCgKa8qqP.jpg,0.0,0.129,0.0,0.0,1,0,no
262919,Catacombs,/jaMF5hgc9U11vrbVEdFmsHA2nVJ.jpg,0.0,0.1159,/gqbuXMErRMrmRc55m35Y10WCmtZ.jpg,0.0,0.2,0.0,0.0841,4,0,no
265321,A Shred Of Mist,/1cy71eeNjdhbTZSVkOa24fsAHyQ.jpg,0.3333,0.0072,/1cy71eeNjdhbTZSVkOa24fsAHyQ.jpg,0.3333,0.0072,0.0,0.0,1,0,no
272100,Supernatural,/u56mJuKMXK9adQYv1PxZlo8r1mi.jpg,0.0,0.3529,/53KU5vgHQtjh5xwFqbRmDUVZYqj.jpg,1.0,1.0,1.0,0.6471,5,1,overlap_gain
273418,Killer Dead,/mYuEWRvrxGKHGPzdxXY00rGRJHC.jpg,0.0,0.1429,/mYuEWRvrxGKHGPzdxXY00rGRJHC.jpg,0.0,0.1429,0.0,0.0,1,0,no
275203,Locked in a Room,/jdlC72Q6uD5ZaowkxUYpjxYwaKp.jpg,0.0,0.1395,/qCVl8zow8BuYhPrIeXExTnGE7pm.jpg,1.0,0.7692,1.0,0.6297,2,1,overlap_gain
276692,Natural Selection,/kmK64pGj3qJov5PHzA5wlcy1KNG.jpg,0.0,0.1916,/kmK64pGj3qJov5PHzA5wlcy1KNG.jpg,0.0,0.1916,0.0,0.0,1,0,no
277506,Invicta,/kaGpoLrYh8EOVu16zJA7iiwXSPw.jpg,0.0,0.1111,/kaGpoLrYh8EOVu16zJA7iiwXSPw.jpg,0.0,0.1111,0.0,0.0,1,0,no
280928,A Chilling Cosplay,/o9ROr30gNeL8dRWZSMwyvR9SWw7.jpg,0.0,0.0719,/o9ROr30gNeL8dRWZSMwyvR9SWw7.jpg,0.0,0.0719,0.0,0.0,1,0,no
286681,Vayanadan Thampan,/boYm1heIyLu0p2E335z3DPiNc49.jpg,0.0,0.1287,/342UTLrU2GF2gCkDGfBKbj5R6Hn.jpg,0.0,0.12,0.0,-0.0087,1,0,no
289476,Kill Me Tomorrow,/dnLLx5mJ536VEH6YgnFUNAlyJiP.jpg,0.0,0.1667,/dnLLx5mJ536VEH6YgnFUNAlyJiP.jpg,0.0,0.1667,0.0,0.0,1,0,no
290696,Dysmorphia,/eUvwLaOeMRdau1UNdGCB2Jngpyz.jpg,0.0,0.1818,/2ljxAHBIQKNBgSuLGamPwPKGYBU.jpg,1.0,1.0,1.0,0.8182,5,1,overlap_gain
290732,VIViD,/rRe20MjzhWKVBZMUolgpkEiq4ym.jpg,0.0,0.0769,/VirWpx8UbFlKk2LuUIPJrCcBbn.jpg,1.0,0.4762,1.0,0.3993,5,1,overlap_gain
292227,Night is the Time For Killing,/mqkxympXKa2gsHfQ6KCRPY8Ts92.jpg,0.3333,0.2131,/mqkxympXKa2gsHfQ6KCRPY8Ts92.jpg,0.3333,0.2131,0.0,0.0,2,0,no
294488,Maniac Too!,/uwWcnJvOi3e6y3n1kv6pt0GP9lQ.jpg,0.0,0.1348,/uwWcnJvOi3e6y3n1kv6pt0GP9lQ.jpg,0.0,0.1348,0.0,0.0,1,0,no
300817,Graves & Bones,/gA2YuVt24Hfm0ihFMC1hcmcIBjj.jpg,0.0,0.1007,/cXnLR3frbI1ZrEuy2j7Ub7xic0.jpg,1.0,1.0,1.0,0.8993,1,1,overlap_gain
302038,An Erotic Tale of Ms. Dracula,/rrZ4NBhe9auBM4FB02t51koz4Xq.jpg,0.3333,0.3934,/nBrYeXLAdqlH30CO2VpMTXgXeTk.jpg,1.0,1.0,0.6667,0.6066,3,1,overlap_gain
302512,Awaken the Devil,/uducCd6iOb5eBaQm18ouZ6aRlmM.jpg,0.3333,0.0102,/uducCd6iOb5eBaQm18ouZ6aRlmM.jpg,0.3333,0.0102,0.0,0.0,1,0,no
303898,Cut Throat,/xNnmuiypUYphkSQRXWAeKDBGfNl.jpg,0.0,0.1176,/xtxOdFj4yUZdGMYaTNHaA7VOEaT.jpg,1.0,0.5806,1.0,0.463,4,1,overlap_gain
308135,Cryptid,/wSODkEM8hm952IXZI73mwBVdJmL.jpg,0.0,0.0,/wSODkEM8hm952IXZI73mwBVdJmL.jpg,0.0,0.0,0.0,0.0,1,0,no
308421,Somebody's There,/7jV3PYF3sQ2CVRDsIlpUdtNsUUg.jpg,0.0,0.2062,/7jV3PYF3sQ2CVRDsIlpUdtNsUUg.jpg,0.0,0.2062,0.0,0.0,1,0,no
309063,The Ouija Experiment 2: Theatre of Death,/o3VMaDXxXc8VwvvX82sd418HCcx.jpg,0.1667,0.4557,/oqOvK0nyUCA32qp4xsNONzgMKkR.jpg,0.8333,0.725,0.6666,0.2693,3,1,overlap_gain
321768,Captive,/fJByYakjLIt9X2pQJtRDqStkMmQ.jpg,0.0,0.1622,/Amqdt4zL6wt5StJNxR4blfyMFu8.jpg,1.0,0.026,1.0,-0.1362,2,1,overlap_gain
322858,The Third Sex,/snzSFKPWUMFONxYbhivnDkEXnIO.jpg,0.0,0.2581,/snzSFKPWUMFONxYbhivnDkEXnIO.jpg,0.0,0.2581,0.0,0.0,1,0,no
328939,Cheerleader Camp 2 the Death,/pfvC8rWfo2disdbV6PpdEAwSCm4.jpg,0.0,0.3182,/sbrOnyatrFN11VO0EDWtsbYakni.jpg,1.0,1.0,1.0,0.6818,5,1,overlap_gain
332689,Playing with Dolls,/3ZkvAVrjhaYgdf0T1e8Hcqq3AQE.jpg,0.0,0.1935,/9mTZw5FG99Qnb6KeSZ6clSJ73wm.jpg,1.0,1.0,1.0,0.8065,5,1,overlap_gain
336107,Meat the Jones,/rOVg9nIwjwcfNqEdGrfN331D8XT.jpg,0.3333,0.5,/rOVg9nIwjwcfNqEdGrfN331D8XT.jpg,0.3333,0.5,0.0,0.0,2,0,no
347438,Kamara Kattu,/jOrmemeTahRUISXsif2eq4LJUAB.jpg,0.0,0.0087,/jOrmemeTahRUISXsif2eq4LJUAB.jpg,0.0,0.0087,0.0,0.0,1,0,no
347855,Curtain,/qVoBlKoBg4xfnBP6lIuozzQPAsi.jpg,0.0,0.1739,/qVoBlKoBg4xfnBP6lIuozzQPAsi.jpg,0.0,0.1739,0.0,0.0,1,0,no
359056,Primordial,/bwXwUdpBsB5rav8ij0cMDsjppNx.jpg,0.0,0.2069,/2QKQUDFtL50Cj9IwUu6HnPr7NAU.jpg,0.0,0.6667,0.0,0.4598,4,0,no
362807,Paranoid,/cM7MXLsK2wCBPOaS0Kx4lGF3GwO.jpg,0.0,0.3077,/cM7MXLsK2wCBPOaS0Kx4lGF3GwO.jpg,0.0,0.3077,0.0,0.0,1,0,no
366071,Enchiridion,/g4vuzLgXCsQkv81NSuIZGtj3msf.jpg,0.0,0.2,/g4vuzLgXCsQkv81NSuIZGtj3msf.jpg,0.0,0.2,0.0,0.0,1,0,no
373027,Geheimnisvolle Freundinnen,/74f7Rw352pLOy5SINVfZ77HnfTy.jpg,0.0,0.2529,/fRSAhijgMYl8xnYgfEuvkVicVx2.jpg,1.0,0.3268,1.0,0.0739,1,1,overlap_gain
379100,M is for Merry Christmas,/dQED4TeHOkZ5MXV7ipMRkqkssYO.jpg,0.0,0.1449,/2UyzD2h6buxQeYGcmOZS1RfyXFS.jpg,0.0,0.1449,0.0,0.0,2,0,no
382052,Not Alone,/6WJGrYga0zshLeu5QkZ5r4EJadm.jpg,0.0,0.3333,/6WJGrYga0zshLeu5QkZ5r4EJadm.jpg,0.0,0.3333,0.0,0.0,2,0,no
385378,Gemini,/bzqJHC48CWmGEJ0CemZ2co9jNSx.jpg,0.0,0.0962,/7evAzh0JTESI6xlvXx4LW1kimwt.jpg,0.0,0.1176,0.0,0.0214,2,0,no
392051,The Damned Thing,/sBFrsu3rkozZvJTdJMwtbCr0VM2.jpg,0.0,0.2963,/vbvnKjnH4uDvYcnhe9yb6BOnAXd.jpg,1.0,1.0,1.0,0.7037,2,1,overlap_gain
398656,Possessed,/yPE1T5O4COQ9nN2iHVLsPctzYqf.jpg,0.0,0.068,/yPE1T5O4COQ9nN2iHVLsPctzYqf.jpg,0.0,0.068,0.0,0.0,1,0,no
404206,The Music of Jo Hyeja,/1aL2kLtwpFHN59Y5jtE3Yn4gT7D.jpg,0.0,0.2609,/1aL2kLtwpFHN59Y5jtE3Yn4gT7D.jpg,0.0,0.2609,0.0,0.0,1,0,no
404713,Downhill,/4tEdLXx2lW3w8SBnsgRyLIwqF0l.jpg,0.0,0.1562,/mhEzwO6HbYwifOoqe5NUIx2YmAT.jpg,1.0,0.1553,1.0,-0.0009,1,1,overlap_gain
406582,Delirium,/pTRhNMh7ndYFVfG4Qhjqgu7WDqb.jpg,0.0,0.1538,/pTRhNMh7ndYFVfG4Qhjqgu7WDqb.jpg,0.0,0.1538,0.0,0.0,1,0,no
412471,Dark Silence,/pBP8eWb66SGbWtDMAMYghrqrJId.jpg,0.0,0.1895,/pnZDyaoo9OSm2tAHMqf03z9YNWz.jpg,1.0,1.0,1.0,0.8105,4,1,overlap_gain
412998,Mo,/cY71cdcxk3GWIFrRDnEkUt9ysX6.jpg,0.0,0.0,/cY71cdcxk3GWIFrRDnEkUt9ysX6.jpg,0.0,0.0,0.0,0.0,1,0,no
415852,Blood Church,/zlIa027GbOplbDef65B8dqRKowy.jpg,0.0,0.2667,/luXFqlhYSqsF7nihfEd3Uw4olf7.jpg,0.0,0.2667,0.0,0.0,5,0,no
417180,Vacant House,/ewu8e5WyLE91426VmqgQaoePlRI.jpg,0.0,0.2642,/jNwRbjsHBDDaYqUOqYUMogRx86R.jpg,1.0,0.5946,1.0,0.3304,2,1,overlap_gain
421490,Tall Men,/7UIPssW5B21uBAtQ2mojAJpm7oJ.jpg,0.0,0.0,/mC7FhsDmkPvCyIBX2FHXDTBlS8R.jpg,1.0,1.0,1.0,1.0,5,1,overlap_gain
424078,Spirits,/22aTJitI74odsnxVr9uIsuuA55V.jpg,0.0,0.1449,/22aTJitI74odsnxVr9uIsuuA55V.jpg,0.0,0.1449,0.0,0.0,1,0,no
459220,Shockwave,/csqybkX4q5PcJTkkjmsUpWCdiYU.jpg,0.0,0.0952,/csqybkX4q5PcJTkkjmsUpWCdiYU.jpg,0.0,0.0952,0.0,0.0,1,0,no
461724,The Spirits of Jupiter,/73LRallDsuMPYspHJyxffssqK7b.jpg,0.0,0.2295,/tViJzQsFKI1X296wq7PzJzOcXOh.jpg,1.0,0.0474,1.0,-0.1821,3,1,overlap_gain
465177,Meltdown,/xRtyCI1AcI2igXC0rX2pzm0j1b5.jpg,0.0,0.1622,/nLhdYJBGmNzS3FpaH5m5M4R2hsq.jpg,0.0,1.0,0.0,0.8378,3,0,no
466677,Dead South,/tSWIERDkhExNRGhg1rZYm6R8hJX.jpg,0.0,0.1667,/vHnmv1bA0pv7igjlcXJhYMLtEWD.jpg,0.0,0.3,0.0,0.1333,2,0,no
477115,Rasathi Varum Naal,/5Sfaq4pa2KjUZUXg5Fk4h7TFAjX.jpg,0.0,0.1867,/5Sfaq4pa2KjUZUXg5Fk4h7TFAjX.jpg,0.0,0.1867,0.0,0.0,1,0,no
477576,DeadThirsty,/yHKu3ntOnRyt8qZdeU35otnviIC.jpg,0.0,0.2712,/5IvHHunMpvMCLhtUB2nrB6XuVru.jpg,1.0,0.3284,1.0,0.0572,5,1,overlap_gain
486684,Aux,/6jPaPjzgbSUwfkyJKV4SpzWMJWH.jpg,0.0,0.1081,/6jPaPjzgbSUwfkyJKV4SpzWMJWH.jpg,0.0,0.1081,0.0,0.0,5,0,no
489454,The Devil's Warehouse,/3z647nj8eUPBRpNZaBvy6W3cJCF.jpg,0.3333,0.2045,/3z647nj8eUPBRpNZaBvy6W3cJCF.jpg,0.3333,0.2045,0.0,0.0,1,0,no
492535,Darkness Wakes,/2FX9OYyzASYXmwzyKyd7sHDVtpZ.jpg,0.0,0.186,/ASqBv56EQBndrW1xW9jLT6bQdU.jpg,1.0,1.0,1.0,0.814,5,1,overlap_gain
495015,Post Human: An Event,/1zWAZQfZenHUlLvkC3ojQyT1b8V.jpg,0.0,0.44,/oPTUY2akVcjNx9HSyuPPOmKhSTq.jpg,0.0,0.48,0.0,0.04,3,0,no
496586,The Call Girls,/wwxySfIEL0TzNMFXuWCvzM559W5.jpg,0.0,0.2069,/wwxySfIEL0TzNMFXuWCvzM559W5.jpg,0.0,0.2069,0.0,0.0,1,0,no
502613,M Is for Manure,/7EzEoCRIFNVDwpWRt18xVg1sxrm.jpg,0.0,0.1633,/xJvx567uXfSpLsRfb3Yhtuueh5V.jpg,0.0,0.3243,0.0,0.161,2,0,no
526144,Prisoners of the Dead,/3loFRaNrsrvBSaVICYpbtXJd4GB.jpg,0.25,0.2449,/3loFRaNrsrvBSaVICYpbtXJd4GB.jpg,0.25,0.2449,0.0,0.0,1,0,no
527782,Mushroom,/gyueC9h9dkPCmSu5uI9JUcqyrMR.jpg,0.0,0.2,/gyueC9h9dkPCmSu5uI9JUcqyrMR.jpg,0.0,0.2,0.0,0.0,1,0,no
529744,Princess: Voices from Hell,/gig9VBz0jtxU2DPlbEscHq2pEY4.jpg,0.0,0.1587,/7i43LjzlVLNW5K4bqYelNFQrbrf.jpg,1.0,0.5057,1.0,0.347,3,1,overlap_gain
531393,Reindeer Games,/39owLICTyBVgXqwkruapLT6tStr.jpg,0.0,0.1471,/39owLICTyBVgXqwkruapLT6tStr.jpg,0.0,0.1471,0.0,0.0,1,0,no
532813,Sublimate,/Ak9hs6yU4QksKPA2RmBAAwjRq0A.jpg,0.0,0.0175,/Ak9hs6yU4QksKPA2RmBAAwjRq0A.jpg,0.0,0.0175,0.0,0.0,1,0,no
543901,P.O.E. Pieces of Eldritch (P.O.E. 3),/ifx0vnVrnl5XXLn7phxaXAiXq4i.jpg,0.3333,0.3019,/c098e6tUfrQMFDgBLBpYD5CaC0W.jpg,1.0,0.3235,0.6667,0.0216,2,1,overlap_gain
549646,Diggerz: Black Lung Rises,/9FMzuQORECkh8rDHCYbQCWoUySo.jpg,0.0,0.1818,/nb9UxBTLWXkl41BufCUwWUSk7oH.jpg,1.0,0.5246,1.0,0.3428,3,1,overlap_gain
549703,Girls Just Wanna Have Blood,/2k0XzSVlT4MF3HnuMS85LNCWKsU.jpg,0.0,0.0084,/aaNadgdzHvSxGz4o2IB0AsE12nq.jpg,1.0,1.0,1.0,0.9916,3,1,overlap_gain
559928,Heaven's War,/wEKHTGJ5Vc8fKPQXQSOd8egLt0w.jpg,0.0,0.0113,/5styoxyGlxoms3QiSxBW6rhTdvf.jpg,1.0,1.0,1.0,0.9887,3,1,overlap_gain
560038,The Occultist 2: Demons,/nvUUpeR44SeBmlHURKaKziwf1BC.jpg,0.0,0.1905,/nvUUpeR44SeBmlHURKaKziwf1BC.jpg,0.0,0.1905,0.0,0.0,1,0,no
561466,Veendum Lisa,/zbQxMuDTRGAa9ZSMMXAx0jJA6ot.jpg,0.0,0.2963,/zbQxMuDTRGAa9ZSMMXAx0jJA6ot.jpg,0.0,0.2963,0.0,0.0,1,0,no
564394,Crypto (Animated Short),/lRdBbwJu6LY5FXP9RdvcNaYyvUU.jpg,0.3333,0.0,/lRdBbwJu6LY5FXP9RdvcNaYyvUU.jpg,0.3333,0.0,0.0,0.0,1,0,no
567331,The Killing House,/3nYNWeluTlZ7MER9LSdxbYH0Kts.jpg,0.0,0.098,/6R0fGcGwlkU6ujNeWNXStyFLMUy.jpg,1.0,0.6522,1.0,0.5542,2,1,overlap_gain
573966,The Mysterious Uncle Silas,/eZUIGvYJElZbbQ8JSUFbBENocws.jpg,0.0,0.2385,/eZUIGvYJElZbbQ8JSUFbBENocws.jpg,0.0,0.2385,0.0,0.0,1,0,no
583525,65th,/f30saP9z5ZVJOYfiPV94iB37egS.jpg,0.0,0.0909,/aBSAO587RMHsFOUDfYPoniuLJEo.jpg,0.0,0.1212,0.0,0.0303,3,0,no
595951,Scare BNB,/1b03sF8mTobgMog1oJkXF8j1gBg.jpg,0.0,0.0606,/1b03sF8mTobgMog1oJkXF8j1gBg.jpg,0.0,0.0606,0.0,0.0,1,0,no
601369,The Way She Used to Be,/x4v3mPNgDDI3RZaL1eR5bdSVG1U.jpg,0.0,0.2439,/x4v3mPNgDDI3RZaL1eR5bdSVG1U.jpg,0.0,0.2439,0.0,0.0,1,0,no
609616,American Freakshow,/aBQNzx4jr9PraOtglaGR1r8r643.jpg,0.0,0.2432,/aBQNzx4jr9PraOtglaGR1r8r643.jpg,0.0,0.2432,0.0,0.0,1,0,no
609627,A Few Screws Loose,/kdgWhdrf1LKyGf0QltoI4IrE1ZJ.jpg,0.0,0.1923,/kdgWhdrf1LKyGf0QltoI4IrE1ZJ.jpg,0.0,0.1923,0.0,0.0,1,0,no
618128,Scavenger Hunt,/fCoG2xrGz4KdxeINmKptoH2CPfJ.jpg,0.0,0.0133,/fCoG2xrGz4KdxeINmKptoH2CPfJ.jpg,0.0,0.0133,0.0,0.0,1,0,no
638544,The Vault,/5T1H07gcu8o1SOwMpjD3HBOTWfo.jpg,0.0,0.0857,/vmonhc4ZU1hvfE3MJcTyYSCCPnv.jpg,1.0,0.5714,1.0,0.4857,2,1,overlap_gain
651273,The Pulley by Steven Kwang,/axzbceDYHR2Yf4Ffhna5h1bnJRt.jpg,0.2,0.1224,/axzbceDYHR2Yf4Ffhna5h1bnJRt.jpg,0.2,0.1224,0.0,0.0,2,0,no
651448,Darkslide,/tBrm4WCJu2Pybdw63qi2hoQtBSl.jpg,0.0,0.0048,/oqAdz9Xz4yBtsLyNJL70PtXbEoF.jpg,1.0,0.24,1.0,0.2352,2,1,overlap_gain
657343,The Evil Inside Me,/l3brxESYVpBM0i8QbvmkrDwwX6J.jpg,0.0,0.2667,/l3brxESYVpBM0i8QbvmkrDwwX6J.jpg,0.0,0.2667,0.0,0.0,1,0,no
663240,America the Violent,/sYwCpwKIlMPIZsUoCuQXH5yOgsn.jpg,0.3333,0.2326,/sYwCpwKIlMPIZsUoCuQXH5yOgsn.jpg,0.3333,0.2326,0.0,0.0,1,0,no
664168,Fat Ass Zombies,/d2UCD7xwWFKucozkKcKBiCayJC6.jpg,0.0,0.4,/btrers8SNujMJhxjLvjh7AJpN3T.jpg,1.0,0.5417,1.0,0.1417,5,1,overlap_gain
678697,Ghosts Who Love Too Much,/kh869R9LSbjqeMTnNyeMlprJjtz.jpg,0.0,0.2353,/kh869R9LSbjqeMTnNyeMlprJjtz.jpg,0.0,0.2353,0.0,0.0,1,0,no
682779,They Are Here: The Real World of the Poltergeists,/u1pj7A4GRMfWbdbkKYJNkjUKe8c.jpg,0.25,0.3038,/u1pj7A4GRMfWbdbkKYJNkjUKe8c.jpg,0.25,0.3038,0.0,0.0,1,0,no
705912,Bottled Vulva: High School Girl Yuriko,/Ajqd6HJZGAuRCI8dX7quXgg4e8n.jpg,0.0,0.2299,/xRARFRFPdYAr0Gi74p63XM8iRxe.jpg,0.0,0.2105,0.0,-0.0194,1,0,no
708706,Feed Your Head! Lose Your Head!,/3OQ7PgAkum1AxqZfLjjhbvSVDas.jpg,0.0,0.0,/3OQ7PgAkum1AxqZfLjjhbvSVDas.jpg,0.0,0.0,0.0,0.0,1,0,no
719829,Dark:30,/3Ojqjn3moQPKbqwXMyTAPS5tmxB.jpg,0.0,0.0577,/3Ojqjn3moQPKbqwXMyTAPS5tmxB.jpg,0.0,0.0577,0.0,0.0,2,0,no
721952,Homecoming Massacre,/wkXu5COdeiBHN7LhYC8aQVeZ0qM.jpg,0.0,0.0,/by2SdzVBHWlBXkRLIuDkQNdOLWY.jpg,1.0,1.0,1.0,1.0,3,1,overlap_gain
724492,Blood Tales,/caendMq5RpkoxJ81jNhGPogz7bd.jpg,0.0,0.1524,/caendMq5RpkoxJ81jNhGPogz7bd.jpg,0.0,0.1524,0.0,0.0,1,0,no
725842,Старуха 2,/aFUssdPtU1BNWammo8bf1RSUBr9.jpg,0.0,0.0,/aFUssdPtU1BNWammo8bf1RSUBr9.jpg,0.0,0.0,0.0,0.0,1,0,no
726741,The Tree Bark Romance,/xAjxlou0qVl0PvwfUBLLXmiCoBc.jpg,0.0,0.112,/xAjxlou0qVl0PvwfUBLLXmiCoBc.jpg,0.0,0.112,0.0,0.0,1,0,no
729722,Afterward,/2NbFGccdKdhxaO97hKTegMt02yg.jpg,0.0,0.1102,/mNNzzYxcaI1mMsabcQ2H8xCh0Ti.jpg,1.0,0.4,1.0,0.2898,3,1,overlap_gain
730407,Bohemian Moon,/tD3lKQ9lk17uON5WS2hDYuo2ijl.jpg,0.0,0.0054,/tD3lKQ9lk17uON5WS2hDYuo2ijl.jpg,0.0,0.0054,0.0,0.0,1,0,no
731799,The Kiss of Death: Creepy Tales,/qwFwZhW93sgMQJMQOpHaq1auq6Z.jpg,0.1429,0.2405,/qwFwZhW93sgMQJMQOpHaq1auq6Z.jpg,0.1429,0.2405,0.0,0.0,1,0,no
737885,The Test,/jmf80I2U92OVjnLIetUDzt1X7a4.jpg,0.0,0.1786,/cGmopQJRTVdsStXr5hS6o72Gcq3.jpg,1.0,0.6667,1.0,0.4881,5,1,overlap_gain
744388,Verdict,/b6fsNVSNzdAcLbnuVFdX4GVuV9A.jpg,0.0,0.12,/b6fsNVSNzdAcLbnuVFdX4GVuV9A.jpg,0.0,0.12,0.0,0.0,1,0,no
746729,The Darkest Sorrows,/qly1AEg9j9PvnvxBNs776i7g0cN.jpg,0.0,0.0054,/qly1AEg9j9PvnvxBNs776i7g0cN.jpg,0.0,0.0054,0.0,0.0,1,0,no
749611,Blood of the Undead: The Final Chapter,/x0SspX4nSIetpI2dEBuHa3pwr2L.jpg,0.0,0.2973,/x0SspX4nSIetpI2dEBuHa3pwr2L.jpg,0.0,0.2973,0.0,0.0,2,0,no
753443,Investigation of Indian Cabin Rd,/aZq00khyL1uZ7aLXhUVwBIFGka2.jpg,0.2,0.5098,/aZq00khyL1uZ7aLXhUVwBIFGka2.jpg,0.2,0.5098,0.0,0.0,1,0,no
757686,Tupilak,/kf0nFy4A8gbCluX7E99CkRdYmgZ.jpg,0.0,0.0943,/kf0nFy4A8gbCluX7E99CkRdYmgZ.jpg,0.0,0.0943,0.0,0.0,1,0,no
757709,M is for Mermaid,/xJvx567uXfSpLsRfb3Yhtuueh5V.jpg,0.0,0.1579,/7EzEoCRIFNVDwpWRt18xVg1sxrm.jpg,0.0,0.28,0.0,0.1221,2,0,no
764813,The Project,/n7iDnvaiVCb5rYTPko79B1DPTgn.jpg,0.0,0.0057,/jMf8wMbciFZh7hK5MceCTMOHnnO.jpg,0.0,0.0952,0.0,0.0895,3,0,no
790856,Love's a Killer: Rellik's Revenge,/nPRJTZRargnF6Pw4PEFILHZLQMd.jpg,0.0,0.2075,/nPRJTZRargnF6Pw4PEFILHZLQMd.jpg,0.0,0.2075,0.0,0.0,1,0,no
801830,NEIN,/1w5g6GafIeqKsPIJFul5wiTkBMo.jpg,0.0,0.0976,/1w5g6GafIeqKsPIJFul5wiTkBMo.jpg,0.0,0.0976,0.0,0.0,2,0,no
827144,The Corruption of Divine Providence,/u0pPj7tSpfISawJCCWrwpob5IWj.jpg,0.2,0.2439,/12HnoZek9DWAawyk1rco8Byx2SV.jpg,1.0,1.0,0.8,0.7561,5,1,overlap_gain
853155,Bad Blood,/ndChza4196zQcg7rmwy6sU1ebAM.jpg,0.0,0.0,/tEYO75bZZAPCNOmJoSFcJmZQdLQ.jpg,1.0,0.4324,1.0,0.4324,3,1,overlap_gain
865502,All Catacombs Are Grey,/cEvFyCq2YFThAhyIksD7WXu05pv.jpg,0.0,0.2963,/cEvFyCq2YFThAhyIksD7WXu05pv.jpg,0.0,0.2963,0.0,0.0,1,0,no
887751,Der Wolf und die 7 Geißlein,/AapMK1JYU6Z2xOREXU6TD0T7Qep.jpg,0.3333,0.0115,/AapMK1JYU6Z2xOREXU6TD0T7Qep.jpg,0.3333,0.0115,0.0,0.0,1,0,no
922848,Deadly Doula,/saZ1NgVXiPveHFiMQmpTCFCoD1M.jpg,0.0,0.2759,/5Q1Nq658LxtTcqRKgDMOixX02WS.jpg,1.0,1.0,1.0,0.7241,3,1,overlap_gain
924618,Tardy Terror,/6XbXTw5aqXpllE3OrsdYzt6kvvo.jpg,0.0,0.1667,/pjv2n6OhEr3oewUmVEdjI8t3PkH.jpg,1.0,0.4,1.0,0.2333,3,1,overlap_gain
927771,Guiltless,/2GV86puP0Ny1SnhyLd9vnU8DSps.jpg,0.0,0.1818,/1peOEwz3dbXUCEXABJukWykCbpT.jpg,1.0,1.0,1.0,0.8182,4,1,overlap_gain
928529,Kappa no Sanpei: Ghost Operation,/qPCbxlTzlr4nTQSucldwVGzDOmd.jpg,0.0,0.1356,/qPCbxlTzlr4nTQSucldwVGzDOmd.jpg,0.0,0.1356,0.0,0.0,2,0,no
956056,,/xgcm023crvd1KVP0rIbGYlYa37N.jpg,1.0,1.0,/xgcm023crvd1KVP0rIbGYlYa37N.jpg,1.0,1.0,0.0,0.0,1,0,no
956491,Facies,/2BcYFWo7xw1WVoGAEvbR60jP1ux.jpg,0.0,0.0,/2BcYFWo7xw1WVoGAEvbR60jP1ux.jpg,0.0,0.0,0.0,0.0,1,0,no
964250,Sheng Goes to Taiwan,/55Dk0wvloNQEfn9jYTmOBCHKHXA.jpg,0.0,0.1266,/55Dk0wvloNQEfn9jYTmOBCHKHXA.jpg,0.0,0.1266,0.0,0.0,1,0,no
964991,Trapped in the System,/g7W3zBk1LBW1KgHs2j07XJJ1tRi.jpg,0.0,0.1333,/g7W3zBk1LBW1KgHs2j07XJJ1tRi.jpg,0.0,0.1333,0.0,0.0,1,0,no
971152,Shockumentary,/2Oj16C4N7WWd58qeGs5NO49vIvx.jpg,0.0,0.1616,/2Oj16C4N7WWd58qeGs5NO49vIvx.jpg,0.0,0.1616,0.0,0.0,1,0,no
1012007,Aspiralux,/hfBwbxXahRgGe0NBDnlCg1v3QVP.jpg,0.0,0.1429,/hfBwbxXahRgGe0NBDnlCg1v3QVP.jpg,0.0,0.1429,0.0,0.0,1,0,no
1012014,Terrore,/nPoTpVrFttKBxK4AYD3UqYcBGC5.jpg,0.0,0.1351,/nPoTpVrFttKBxK4AYD3UqYcBGC5.jpg,0.0,0.1351,0.0,0.0,1,0,no
1027859,The Hidden,/4sBIvoLbJl6J0RHlhGccI44s4ae.jpg,0.0,0.0495,/4sBIvoLbJl6J0RHlhGccI44s4ae.jpg,0.0,0.0495,0.0,0.0,1,0,no
1029452,Moliile,/oHPd4Tz2VCTVX68JRl6yU4UXvib.jpg,0.0,0.1081,/oNkdwov2yvrDki3RVhkdg7j1s7s.jpg,0.0,0.1261,0.0,0.018,2,0,no
1032403,A Place Called Clayhill,/ycV7ZzsoyPeJzYZJMgDWwwQnNyT.jpg,0.0,0.2857,/bKiJbw2AD3i5Uem1qt7ZMuJgMaM.jpg,0.0,0.2857,0.0,0.0,2,0,no
1037355,Wickedly Evil,/qQoDIwscVbS5ea99nvcxHI7vdF8.jpg,0.0,0.2439,/qQoDIwscVbS5ea99nvcxHI7vdF8.jpg,0.0,0.2439,0.0,0.0,3,0,no
1038887,Paws,/vk5pdAd8jrebSz31RYkpmOgJj0e.jpg,0.0,0.0069,/vk5pdAd8jrebSz31RYkpmOgJj0e.jpg,0.0,0.0069,0.0,0.0,1,0,no
1042644,,/aMCGMJ7LMdTa156VKCC8mAHQu8z.jpg,0.0,0.0,/aMCGMJ7LMdTa156VKCC8mAHQu8z.jpg,0.0,0.0,0.0,0.0,1,0,no
1047662,Baobhan Sith,/cXJapyK94iEAJUCTvZ8LZPMVaEI.jpg,0.0,0.2692,/cXJapyK94iEAJUCTvZ8LZPMVaEI.jpg,0.0,0.2692,0.0,0.0,1,0,no
1048127,Lets fuck part 2,/d24IitY2c7YPjlcLLD4AdrIER6k.jpg,0.0,0.2857,/d24IitY2c7YPjlcLLD4AdrIER6k.jpg,0.0,0.2857,0.0,0.0,3,0,no
1070867,,/sPYvQyQpYWUSEFLEyOKobr9xboK.jpg,0.8333,0.4706,/sPYvQyQpYWUSEFLEyOKobr9xboK.jpg,0.8333,0.4706,0.0,0.0,1,0,no
1072680,Mark,/wp7VRPV3ej1lCu7FG513IOZTucx.jpg,0.0,0.1818,/wp7VRPV3ej1lCu7FG513IOZTucx.jpg,0.0,0.1818,0.0,0.0,1,0,no
1073077,Mortified,/m4FB5rpouG1CynwTH4WNX1nJv1w.jpg,0.0,0.0117,/m4FB5rpouG1CynwTH4WNX1nJv1w.jpg,0.0,0.0117,0.0,0.0,1,0,no
1079725,5G: The Reckoning,/2Vo6gIzZ9Lbh7UshNYiRiCzhG3R.jpg,0.0,0.2273,/2Vo6gIzZ9Lbh7UshNYiRiCzhG3R.jpg,0.0,0.2273,0.0,0.0,1,0,no
1156820,Meat's Meat... And Man's Gotta Eat,/j6qVsEvsrpkkfdqem305Ssew727.jpg,0.0,0.1915,/77Mk88px0IbCQefe9JqY4l4say7.jpg,1.0,1.0,1.0,0.8085,2,1,overlap_gain
1156834,The Smell of Death,/j6qVsEvsrpkkfdqem305Ssew727.jpg,0.25,0.1882,/j6qVsEvsrpkkfdqem305Ssew727.jpg,0.25,0.1882,0.0,0.0,1,0,no
1160134,Strange Stories,/jAWQfvRiAW5z3tH3dxC4RzdMb0F.jpg,0.0,0.2727,/jAWQfvRiAW5z3tH3dxC4RzdMb0F.jpg,0.0,0.2727,0.0,0.0,1,0,no
1167306,A Maid's Bitter Story,/xTxKg3LF8lDATEj1EIQXVXAterh.jpg,0.0,0.2222,/xTxKg3LF8lDATEj1EIQXVXAterh.jpg,0.0,0.2222,0.0,0.0,1,0,no
1236920,Blood Fear,/kjxgu2fY0FBTd7uFqTksBsGm2zm.jpg,0.0,0.2,/v8jvq07ZOBIg8n3uhaCLsbzOwPk.jpg,1.0,1.0,1.0,0.8,2,1,overlap_gain
1244525,Deathkeeper,/2yzSBxg93wPgNPJFZXr4MZ9fdDw.jpg,0.0,0.1311,/2yzSBxg93wPgNPJFZXr4MZ9fdDw.jpg,0.0,0.1311,0.0,0.0,1,0,no
1257204,Mary Magdalene,/gpP2wGka0QmI1yjaRkYRkQuEBRp.jpg,0.0,0.2462,/gpP2wGka0QmI1yjaRkYRkQuEBRp.jpg,0.0,0.2462,0.0,0.0,1,0,no
1261552,Those Who Dare,/w09A4ry343LJawDOSpUh1i6siRU.jpg,0.0,0.0,/w09A4ry343LJawDOSpUh1i6siRU.jpg,0.0,0.0,0.0,0.0,1,0,no
1289680,Horsey,/8K1Pp2xpblUwcK9xuA81005dBJr.jpg,0.0,0.0091,/8K1Pp2xpblUwcK9xuA81005dBJr.jpg,0.0,0.0091,0.0,0.0,1,0,no
1290214,Fantastic Features - Season Preview,/7e3hE2s4BhAfpOr8wnMv67QkpT6.jpg,0.0,0.3077,/7e3hE2s4BhAfpOr8wnMv67QkpT6.jpg,0.0,0.3077,0.0,0.0,1,0,no
1356360,Upside Down Polaroid,/CnDRprSy28X46biPcMWihCYGYY.jpg,0.0,0.2642,/CnDRprSy28X46biPcMWihCYGYY.jpg,0.0,0.2642,0.0,0.0,4,0,no
1379372,Moving Out,/9KqUuDOztKIqF8tcr8mm8lKOsbL.jpg,0.0,0.0,/9KqUuDOztKIqF8tcr8mm8lKOsbL.jpg,0.0,0.0,0.0,0.0,1,0,no
1379718,Coming Attractions,/82Dnb5naDkwh1oB9PHD066WiW0N.jpg,0.0,0.0,/82Dnb5naDkwh1oB9PHD066WiW0N.jpg,0.0,0.0,0.0,0.0,1,0,no
1381878,The Day of Reckoning,/3HaIA51A0Cbkch1QYedq6SeeUy8.jpg,0.25,0.2022,/3HaIA51A0Cbkch1QYedq6SeeUy8.jpg,0.25,0.2022,0.0,0.0,1,0,no
1390997,Brayden's Adventures Nature Walk - Tackling Wainuiomata Hill,/vHkRqQP7CklWocrJZeAYYPFZQ9g.jpg,0.2857,0.55,/vHkRqQP7CklWocrJZeAYYPFZQ9g.jpg,0.2857,0.55,0.0,0.0,1,0,no
1395245,Gruesome,/oTP9wq2OKG7l9vD4Sq6cRlcVE4o.jpg,0.0,0.2745,/oTP9wq2OKG7l9vD4Sq6cRlcVE4o.jpg,0.0,0.2745,0.0,0.0,1,0,no
1424947,By the Throat,/gogMju5zzVINnuMCiDPbutYPMWr.jpg,0.3333,0.1159,/94LEtDFFr0PgcP5MJYrhLJnD6FT.jpg,0.6667,0.1835,0.3334,0.0676,2,1,overlap_gain
1437479,Remember To Enjoy The Light Before It’s Gone,/iHWSekKhzCLKnOrwoaVzsKWeihk.jpg,0.0,0.2414,/23QqbNuhDyWcBEe0HhNLs2Oc3YU.jpg,0.375,0.5357,0.375,0.2943,5,0,no
1447316,Smoke Alarm,/5Icj2Mx6gmVR4qmysAlIP8MXBud.jpg,0.0,0.3125,/5Icj2Mx6gmVR4qmysAlIP8MXBud.jpg,0.0,0.3125,0.0,0.0,1,0,no
1451359,Heavily Pregnant Susan,/ouDzi7K4CJSPFR7klhdfQElziDr.jpg,0.0,0.1354,/ouDzi7K4CJSPFR7klhdfQElziDr.jpg,0.0,0.1354,0.0,0.0,1,0,no
1453542,The Ghost Story.,/vindgdsxQIxnAgjEKDIIw9nBsiT.jpg,0.0,0.3125,/vindgdsxQIxnAgjEKDIIw9nBsiT.jpg,0.0,0.3125,0.0,0.0,1,0,no
1466771,Welcome To Fredbear's,/eqDiQr5Oso9FuE6rrTRijsbEBil.jpg,0.0,0.233,/eqDiQr5Oso9FuE6rrTRijsbEBil.jpg,0.0,0.233,0.0,0.0,1,0,no
1498452,Edmonton To Milan,/IaPwL5ur1XDJ66aVJYOD07HZBL.jpg,0.3333,0.0,/IaPwL5ur1XDJ66aVJYOD07HZBL.jpg,0.3333,0.0,0.0,0.0,1,0,no
1505601,Blair's Craft Projects,/1rT3ByUpBHvXdWMvIaiRIc6DV03.jpg,0.0,0.1038,/qSidLnWuHWmPksFuvpmCpvDasb9.jpg,0.6667,0.2275,0.6667,0.1237,2,1,overlap_gain
1532507,"Shearling - May 24, 2025",/mHDfo6OC2z6S0OqfCIabxZvQDSA.jpg,0.0,0.1852,/mHDfo6OC2z6S0OqfCIabxZvQDSA.jpg,0.0,0.1852,0.0,0.0,2,0,no
1535311,spectre girl tries stand up,/gf37nv7jD0wTZLCn5pOqfzrKzme.jpg,0.0,0.2222,/gf37nv7jD0wTZLCn5pOqfzrKzme.jpg,0.0,0.2222,0.0,0.0,1,0,no
1577501,The Long Walk Back to the Bed,/rByzoxElBCMXHxn3jdACMnnnjTH.jpg,0.1667,0.3111,/jVfk5oRgGHIvVPeQtArxBhoLnPL.jpg,0.1667,0.3111,0.0,0.0,2,0,no
1588271,Phyllis,/e9iWGP7H8RotarTT47CEg87WpIG.jpg,0.0,0.0833,/y1MR9v2WEyd57SgvSF5cx5KjdW9.jpg,0.0,0.1039,0.0,0.0206,2,0,no
1594713,The BirdMan,/6Q92uwbJlA1dwdmjCQsH2nApUOB.jpg,0.0,0.2857,/6Q92uwbJlA1dwdmjCQsH2nApUOB.jpg,0.0,0.2857,0.0,0.0,1,0,no
1597529,Saint Lucy's Day,/31Ifp8EbaFIOLqDrypPFgUcgU8x.jpg,0.0,0.2162,/31Ifp8EbaFIOLqDrypPFgUcgU8x.jpg,0.0,0.2162,0.0,0.0,1,0,no
1602352,Malevolent,/pcdVTwbXkOtUhk62I4ppCHJFzhl.jpg,0.0,0.2154,/pcdVTwbXkOtUhk62I4ppCHJFzhl.jpg,0.0,0.2154,0.0,0.0,1,0,no
1608753,Crisis Actress,/b46BXsdp8XRPeKAosHHSX792khI.jpg,0.0,0.0,/b46BXsdp8XRPeKAosHHSX792khI.jpg,0.0,0.0,0.0,0.0,1,0,no
1611636,Goosebumps: Don't Wake Mummy,/9EU2G7YI02aZgdaM5HiXcXXomiH.jpg,0.25,0.2679,/jrjuMtxEWtkm8rbqTDBVeNFJwjz.jpg,0.25,0.4,0.0,0.1321,2,0,no
1638821,Asphalt Inferno,/2oQtrZUc51grwFdXASNsbghWc26.jpg,0.0,0.3043,/2oQtrZUc51grwFdXASNsbghWc26.jpg,0.0,0.3043,0.0,0.0,1,0,no
1651814,,/b3y5llqGeMZn6fO0XNs0w4PFiY7.jpg,1.0,0.9231,/b3y5llqGeMZn6fO0XNs0w4PFiY7.jpg,1.0,0.9231,0.0,0.0,1,0,no
1676162,Who Are You,/m0jiJTcsEem5L1YHYIbYRwdpxtv.jpg,0.0,0.0909,/m0jiJTcsEem5L1YHYIbYRwdpxtv.jpg,0.0,0.0909,0.0,0.0,1,0,no
1681289,BREATHE,/nECL5SPSqafT97ksU4a38imULmr.jpg,0.0,0.0042,/nYY8D6Zkho4RgFy25mEVGncnpBg.jpg,0.0,0.1935,0.0,0.1893,4,0,no
1711077,Hiding in Plain Sight,/gasSNSmnrUw51dNqDosYx8C2Yu6.jpg,0.0,0.0571,/gasSNSmnrUw51dNqDosYx8C2Yu6.jpg,0.0,0.0571,0.0,0.0,1,0,no
1712166,PRETTY KIND,/2Xy31H397Tv7O8Vm601TtZysFL3.jpg,0.0,0.1273,/2Xy31H397Tv7O8Vm601TtZysFL3.jpg,0.0,0.1273,0.0,0.0,1,0,no
1736276,Nasty,/1mtGntTrrWL3EEg9VinfEqKMs6D.jpg,0.0,0.16,/1mtGntTrrWL3EEg9VinfEqKMs6D.jpg,0.0,0.16,0.0,0.0,1,0,no
1736717,Back from the Dead,/cGXAVl4a6efuIzackPaLLBtiMef.jpg,0.0,0.2951,/cGXAVl4a6efuIzackPaLLBtiMef.jpg,0.0,0.2951,0.0,0.0,1,0,no
