id,title,poster_path,nova_blood_gore,nova_violence,nova_sexual_content,nova_sensitive,nova_moderation_notes,rek_gore,rek_violence,rek_mod_weapons,rek_nudity,rek_suggestive,rek_mod_raw,flagged,flag_reasons,error
22033,Cry of the Banshee,/urub0N7F8mZDEsMwORiN2T2vTXq.jpg,0.0,0.0,0.0,occult,skull and witch imagery,0.0,0.0,0.0,0.0,0.0,,0,,
31232,It!,/sBMFTviUDt6bm8LROkAWAvw1Ts5.jpg,0.0,0.0,0.0,,a woman in a nightgown is shown in a non-sexual pose,0.0,0.0,0.0,0.0,0.0,,0,,
14157,Impulse,/80SZWcSwdAAym8mHN71RTL3l3JI.jpg,0.0,0.0,0.0,,A man and woman are kissing.,0.0,0.0,0.0,0.0,0.0,Non-Explicit Nudity of Intimate parts and Kissing:0.41|Kissing on the Lips:0.41,0,,
26198,The Keep,/yd9wU3oajNxwaFHQ02rtTBuSFJD.jpg,0.0,0.0,0.0,,poster shows a building with a light shining from within,0.0,0.0,0.0,0.0,0.0,,0,,
19205,Cthulhu,/rgf0vEc19nRmscRPu9y410GbhgM.jpg,0.0,0.0,0.0,,hands reaching out of a wooden crate,0.0,0.0,0.0,0.0,0.0,,0,,
20015,KM 31: Kilometer 31,/hI1YBR4afo7zOrJfdaaO9GRKEvj.jpg,0.0,0.0,0.0,,Poster depicts a scary scene but no explicit content.,0.0,0.0,0.0,0.0,0.0,Non-Explicit Nudity of Intimate parts and Kissing:0.99|Non-Explicit Nudity:0.99|Exposed Male Nipple:0.99,0,,
17874,Laserblast,/jxv1Z0URENuWADDRwvRINUWUsP.jpg,0.0,0.0,0.0,,The poster depicts a laser gun but no actual violence.,0.0,0.5414,0.0,0.0,0.0,Weapon Violence:0.54|Graphic Violence:0.54|Violence:0.54,1,rek_violence>=0.4,
9095,Mary Reilly,/cW5wTiv5fdtBOd22utmAIZBCMS3.jpg,0.0,0.0,0.0,,"A person is shown in the background, but it is not violent.",0.0,0.0,0.0,0.0,0.0,,0,,
20215,Boo,/9VyMAPsjUIeLf71J2OG5V8DO7Jj.jpg,0.0,0.0,0.0,,scary movie poster with a child and a ghost,0.0,0.0,0.0,0.0,0.0,,0,,
26178,Razorback,/227exUUzUWkCYOVoPxap5RaVmTM.jpg,0.0,0.0,0.0,,The poster depicts a fantasy scene with a monster and a man holding a gun.,0.0,0.0,0.0,0.0,0.0,,0,,
31116,Zaat,/g0kYZe6feiXQowaNsV6GBW5R5q0.jpg,0.0,0.0,0.0,,"poster is a drawing, not a photograph",0.0,0.0,0.0,0.0,0.0,,0,,
17796,Freaked,/enQ9FBLo4bd7AHX78geP6qRSl9U.jpg,0.0,0.0,0.0,,,0.0,0.0,0.0,0.0,0.0,,0,,
13742,Satan,/rYdoMFMBbG7tzurtHrYNc1zcqQz.jpg,0.0,0.0,0.0,,poster is not explicit but suggests violent content,0.0,0.0,0.0,0.0,0.0,,0,,
9669,Ringu 2,/HREqYQWkGnH2viRQEXupCSX7ID.jpg,0.0,0.0,0.0,,A woman is shown in a cracked circle.,0.0,0.0,0.0,0.0,0.0,,0,,
28454,Cthulhu Mansion,/1BhPMge0n7gp1EDaI7d1OwrYkQe.jpg,0.0,0.0,0.0,occult,skull and fire imagery,0.0,0.0,0.0,0.0,0.0,,0,,
35040,Croc,/c3moWZrfZRp38FWystfNYTrGOh4.jpg,0.0,0.0,0.0,,A wooden dock with a rope leading into the water.,0.0,0.0,0.0,0.0,0.0,,0,,
28780,Deathmaster,/h809Bz0ftjmDl07PdD6URYdAWH2.jpg,0.0,0.0,0.0,,skull and other macabre imagery on a horror movie poster,0.0,0.0,0.0,0.0,0.0,,0,,
21797,The Wig,/bkonX3gOXQ1KC7kr6ufITli4h3o.jpg,0.0,0.0,0.0,,a nude woman is shown in the poster,0.9616,0.0,0.0,0.0,0.0,Emaciated Bodies:0.96|Death and Emaciation:0.96|Visually Disturbing:0.96,1,rek_gore>=0.4,
26587,Dread,/zJvKJ2SKATSRL7cdR2qW2LbaTaS.jpg,0.0,0.0,0.0,,"The poster depicts a woman in a distressed pose, but no explicit sensitive content is shown.",0.0,0.0,0.0,0.0,0.0,,0,,
17212,Patrick,/qxydnHE4D5ArBRNtihlVs5rhhO2.jpg,0.0,0.0,0.0,,A man in a hospital bed with a heart monitor.,0.0,0.0,0.0,0.0,0.0,,0,,
53459,F,/pVIEx8sru5F6NErffwVxs815VYY.jpg,0.0,0.0,0.0,,poster depicts a man with blood on his hoodie,0.8778,0.8778,0.0,0.0,0.0,Blood & Gore:0.88|Graphic Violence:0.88|Violence:0.88,1,rek_gore>=0.4|rek_violence>=0.4,
48581,The Sandman,/k27nu90cLVzyTltOtHjQoUdi5o7.jpg,0.0,0.0,0.0,,a scary bird-like creature is depicted,0.0,0.0,0.0,0.0,0.0,,0,,
51248,11-11-11,/t6Wd9gY6e1yJVVXRtgICFqwieyu.jpg,0.0,0.0,0.0,,A horror movie poster with a dark and ominous atmosphere.,0.0,0.0,0.0,0.0,0.0,,0,,
66315,Aayiram Jenmangal,/83TUWbPMOCGuQPIFw3aO61nIMqa.jpg,0.0,0.0,0.0,,,0.0,0.0,0.0,0.0,0.0,,0,,
56915,Blown,/tesN5ykFKmaZms0VIZB9DMKZcDw.jpg,0.0,0.0,0.0,,scary face on poster is not gore or violence,0.0,0.0,0.0,0.0,0.0,,0,,
55142,Cadaver,/dZNg6irU6tgL8n73UmjQGijv6y0.jpg,0.0,0.0,0.0,,a person in a morgue with a rope around their neck,0.0,0.0,0.0,0.0,0.0,,0,,
71480,Unborn But Forgotten,/9R9qTTdkEs3uNPzITUuI4TsyiZc.jpg,0.0,0.0,0.0,,,0.0,0.0,0.0,0.0,0.0,,0,,
48636,Nekromantik 2,/q1CtldLFgg4kRP81o0mY9f42ubJ.jpg,1.0,1.0,0.0,gore|violence,graphic depiction of blood and gore on the poster.,0.9957,0.9957,0.0,0.0,0.0,Blood & Gore:1.00|Graphic Violence:1.00|Violence:1.00,1,nova_blood_gore>=0.5|nova_violence>=0.5|rek_gore>=0.4|rek_violence>=0.4,
57812,51,/p6NvaDusl8urJUlglYgPVSnJjFN.jpg,0.0,0.0,0.0,,Abstract poster with no explicit content.,0.0,0.0,0.0,0.0,0.0,,0,,
65599,The Woman,/zOGqKcuApM1Js4C0n4luv9rctBH.jpg,0.9,0.9,0.0,violence|gore,Blood and gore on the woman's face and dress.,0.9162,0.9162,0.0,0.0,0.0,Blood & Gore:0.92|Graphic Violence:0.92|Violence:0.92,1,nova_blood_gore>=0.5|nova_violence>=0.5|rek_gore>=0.4|rek_violence>=0.4,
53122,Chandramukhi,/r7lLdyiJ1e2FmDP6rvxsUDk7Uju.jpg,0.0,0.0,0.0,,,0.0,0.0,0.0,0.0,0.0,,0,,
57961,Slashers,/7NcCGeHLz0iRidiOo109Hww24YP.jpg,0.0,0.0,0.0,,poster is for a horror movie,0.0,0.0,0.0,0.0,0.0,,0,,
77483,Dunderland,/xrqMYN3SWR9hih1kthH9nosghp1.jpg,0.0,0.0,0.0,,,0.0,0.0,0.0,0.0,0.0,,0,,
36166,Devilman,/qRvH8FsUUNd9buirqnHNk3CCF1f.jpg,0.0,0.0,0.0,,Fantasy monster on a movie poster.,0.0,0.0,0.0,0.0,0.0,,0,,
79624,Curse,/qBJfmLCtczkayFXduwhFvX9vsZm.jpg,0.0,0.0,0.0,,,0.0,0.0,0.0,0.0,0.0,,0,,
47957,Madman,/2pZxY7b22LicdcvWNMCyX8VseVG.jpg,0.0,0.0,0.0,,A horror movie poster with a menacing figure.,0.0,0.0,0.0,0.0,0.0,,0,,
56328,2002,/3SJBGwJnpLI2yEyaVqByife4Xfi.jpg,0.0,0.0,0.0,,,0.0,0.0,0.0,0.0,0.0,,0,,
40368,Nightmare,/OFysFt0EIXHW89iv38VURpKpKW.jpg,0.0,0.0,0.0,,a horror movie poster with a screaming woman,0.0,0.0,0.0,0.0,0.0,,0,,
90063,Vampires in Havana,/cihNBv06b3H2Ha91YTGBFUk2M48.jpg,0.0,0.0,0.0,,cartoon vampire character on a movie poster,0.0,0.0,0.0,0.0,0.0,,0,,
81990,Cellular Girlfriends,/hCNoSI6vBIfVR4ndMnCLLiFxHjy.jpg,0.0,0.0,0.0,,,0.0,0.0,0.0,0.0,0.0,,0,,
73179,Haunted Gold,/xAscwFtgLyzoxRghiospveh3WQm.jpg,0.0,0.0,0.0,,,0.0,0.0,0.0,0.0,0.0,,0,,
83172,Spawn of the Slithis,/kk2yyfgTA9qtBhtu7016jdeOzJP.jpg,0.9,0.9,0.0,violence|gore,poster depicts a monster with blood and gore,0.0,0.0,0.0,0.0,0.0,,1,nova_blood_gore>=0.5|nova_violence>=0.5,
83519,Witchcraft,/nXxxW0Gl66xqwJE9fpTLN0bPqBh.jpg,0.0,0.0,0.0,occult,poster depicts occult imagery,0.0,0.0,0.0,0.0,0.0,,0,,
40351,Sex Beyond the Grave,/eYMPaQKfo5IBAnKfwsGkCiUIyNA.jpg,0.0,0.0,0.0,,poster is suggestive but not explicit,0.0,0.0,0.0,0.0,0.0,,0,,
85646,Entrance,/bpsMVtUZ58bPpI9U34E1pOgin5v.jpg,0.0,0.0,0.0,,A face is superimposed over a city skyline at night.,0.0,0.0,0.0,0.0,0.0,,0,,
90338,Fiend,/nne4ZJsEX0pMV6YmUUuMI9BpJIg.jpg,0.9,0.9,0.0,violence|gore,Poster depicts a woman with blood and a knife.,0.0,0.0,0.0,0.0,0.0,,1,nova_blood_gore>=0.5|nova_violence>=0.5,
106569,The Demon,/3OeXwL6EgZsOhmP1NUAoichX4qx.jpg,0.0,0.0,0.0,,a scary mask on a movie poster,0.0,0.0,0.0,0.0,0.0,,0,,
100480,Kazuo Umezu's Horror Theater: Diet,/QkudYfCXTfUUfJJ4cP7gYQpYXG.jpg,0.0,0.0,0.0,,,0.0,0.0,0.0,0.0,0.0,,0,,
100241,"I, Frankenstein",/a53tIl4k20zCZCNyq73kiXkwWkl.jpg,0.0,0.0,0.0,,"The poster depicts a man holding a weapon, but no blood or gore is shown.",0.0,0.0,0.0,0.0,0.0,,0,,
145996,Ghost Meets You,/oVYISQE1IjT9U5Vf2TOdBCdG0gb.jpg,0.0,0.0,0.0,,,0.0,0.0,0.0,0.0,0.0,,0,,
129096,The Discarnates,/fQx2VEF2mVEtWmrSiwglKhuQKa2.jpg,0.0,0.0,0.0,,the blue female figure is nude but not sexualized,0.0,0.0,0.0,0.0,0.0,,0,,
126830,Li'l Spider Girl,/wafbftomue5BnIsSXN2ircyBMQh.jpg,0.0,0.0,0.0,,,0.0,0.0,0.0,0.0,0.0,,0,,
85198,Frightmare,/joQ36TBtUfMlQilc44gcRiY5Nqv.jpg,0.0,0.0,0.0,occult,occult imagery in the poster,0.0,0.0,0.0,0.0,0.0,,0,,
152357,Kana Kanmani,/94huaMTsf6dltbjCQ5CQRPq5VEf.jpg,0.0,0.0,0.0,,,0.0,0.0,0.0,0.0,0.0,,0,,
123107,Hellbenders,/sWgCQPypdN9jFaUSjItPn9htW9p.jpg,0.0,0.0,0.0,occult,poster depicts a religious theme with flames and hands reaching out,0.0,0.0,0.0,0.0,0.0,,0,,
98084,Legion of Fire: Killer Ants,/cNpK3zhp0z3ZKL6znVMPxbz7jME.jpg,0.0,0.0,0.0,,Helicopter and flames in background.,0.0,0.0,0.0,0.0,0.0,,0,,
94545,The Bushwhacker,/fO6eXDta3pHMxm5iF8gjt56xVkZ.jpg,0.0,0.0,0.0,,Illustration depicts nude figures.,0.0,0.0,0.0,0.9086,0.0,Explicit:0.91|Exposed Female Nipple:0.91|Explicit Nudity:0.91,1,rek_nudity>=0.4,
99263,Schizophreniac: The Whore Mangler,/xVvIFcx8Q1tqBeN3sUTsllj96oN.jpg,0.0,0.0,0.0,,A man is holding a baseball bat.,0.0,0.0,0.0,0.0,0.0,,0,,
151022,Gerorisuto,/bHOdQQRjeSkrSBT0YQHFYUe8X7i.jpg,0.0,0.0,0.0,,,0.0,0.0,0.0,0.0,0.0,,0,,
134572,Blood Relations,/o2iVp7bFxaBqw9e1IkfEWBanZD1.jpg,0.1,0.0,0.0,,poster shows a woman with a blood drop on her face,0.0,0.0,0.0,0.0,0.0,,0,,
171367,The Jar,/1mhXTLL1xJGaXl7kPv3LY6a09m3.jpg,0.0,0.0,0.0,,the jar is a horror movie prop,0.0,0.0,0.0,0.0,0.0,,0,,
129465,Hells,/wzakuhm5mMxZXt6oP6CbkJuA7rV.jpg,0.0,0.0,0.0,,anime style poster with no actual gore or violence,0.0,0.0,0.0,0.0,0.0,,0,,
194759,Reel Horror,/5oFEDIs7hJHqOaINGNpZDdpUipH.jpg,0.9,0.9,0.0,violence|gore,Poster depicts graphic violence and gore.,0.0,0.0,0.0,0.0,0.0,,1,nova_blood_gore>=0.5|nova_violence>=0.5,
166271,Haunter,/gBsO7Sp3g1oOaxQ44pomsJLm7m7.jpg,0.0,0.0,0.0,,A horror movie poster with a house and a person standing in front of the door.,0.0,0.0,0.0,0.0,0.0,,0,,
227992,Necronomica,/hUQ9ZKjKhTJqqlMCsrGQNuOwBGP.jpg,0.0,0.0,0.0,occult,occult symbol in the center of the image,0.0,0.0,0.0,0.0,0.0,,0,,
200402,Prema Katha Chitram,/7m8mNU3EyW7Mc2uS5fIkzjmA76R.jpg,0.0,0.0,0.0,,,0.0,0.0,0.0,0.0,0.0,,0,,
161160,When Twilight Draws Near,/78s81p7KAfzsnDeZAxE2SllnwPO.jpg,0.0,0.0,0.0,,,0.0,0.0,0.0,0.0,0.0,,0,,
235348,100 Years of Torture: The History,/ddduWzcMsftCbYIf9eF0rhQMVxe.jpg,0.0,0.0,0.0,nudity,a person is shown hanging naked,0.0,0.0,0.0,0.0,0.0,Explicit:0.93|Explicit Sexual Activity:0.93,0,,
203009,Blackwood Evil,/duJ88UxyhpAyLtTDnQHtF9ficeO.jpg,0.0,0.0,0.0,occult,skull with red paint on poster.,0.0,0.0,0.0,0.0,0.0,,0,,
152810,Moonnamathoral,/srMkWZnS0naqvxT9AmsGimW6Dwg.jpg,0.0,0.0,0.0,,A collage of movie stills showing various characters.,0.0,0.0,0.0,0.0,0.0,,0,,
233203,Hong Kong Criminal Archives - Female Butcher,/fgMf6zCP30AA0RROjr8d9uDuYVG.jpg,0.0,0.0,0.0,,Poster shows a man and women in a non-sexual context.,0.0,0.0,0.0,0.0,0.0,,0,,
163617,Ghosts,/uJeW307HXACHMA5sHgVoCvmbTtY.jpg,0.0,0.0,0.0,,,0.0,0.0,0.0,0.0,0.0,,0,,
212930,The Ritual,/4jiKgkDSmFa5odwphWn9uUqYABT.jpg,0.0,0.0,0.0,,The word 'ritual' may imply occult themes.,0.0,0.0,0.0,0.0,0.0,,0,,
245492,Geethanjali,/5dMgvRdsmzf9jv1sizPQRsKsede.jpg,0.0,0.0,0.0,,flames and fire in the background,0.0,0.0,0.0,0.0,0.0,,0,,
166201,Bog,/3ZLzEJl2S1ro0NJXVgd1E3bNHkv.jpg,0.0,0.0,0.0,,the image is a movie poster with a person in water,0.0,0.0,0.0,0.0,0.0,,0,,
250574,Creep,/qn53D574tT0YRyLgirEFHQwGUXw.jpg,0.0,0.0,0.0,,"A person stands in a doorway, no explicit content.",0.0,0.0,0.0,0.0,0.0,,0,,
243837,Hotel,/pPOyvWtGLtAji0uXz3GeMdrueFR.jpg,0.0,0.0,0.0,,A man and woman are kissing.,0.0,0.0,0.0,0.0,0.0,,0,,
250883,Nak,/cpcuzrsHQsh1J4VuStE7i84nC2R.jpg,0.0,0.0,0.0,,,0.0,0.0,0.0,0.0,0.0,,0,,
194809,Anandabhadram,/d7f3ZFCobD9Em3dUMDP2Rk7NB40.jpg,0.0,0.0,0.0,,A man and woman holding pots.,0.0,0.0,0.0,0.0,0.0,,0,,
240157,Devadoothan,/po0F3uK2NeJ0ZQdmD6FnLGEtVah.jpg,0.0,0.0,0.0,,,0.0,0.0,0.0,0.0,0.0,,0,,
237449,Four,/2iw8U9PmGhZgHM7tnSbDBNj67lb.jpg,0.0,0.0,0.0,,poster shows a gun but no violence,0.0,0.0,0.0,0.0,0.0,,0,,
259512,The Devil´s Weed,/qZRuePlWCsTQAquan7iMPYIGEjM.jpg,0.0,0.0,0.0,,a young boy with a serious expression,0.0,0.0,0.0,0.0,0.0,,0,,
265067,Vampire,/ftpa0bibAwI0SJItIU2na8zLUow.jpg,0.0,0.0,0.0,,Poster shows a man and woman embracing.,0.0,0.0,0.0,0.0,0.0,Non-Explicit Nudity of Intimate parts and Kissing:0.82|Kissing on the Lips:0.82,0,,
250417,Clay,/fvMoDYJ3AxHS20J21eSoqKyQQdx.jpg,0.0,0.0,0.0,gore,poster depicts a face with a stitched mouth and a green eye,0.0,0.0,0.0,0.0,0.0,,0,,
255291,Animosity,/8eJItu11ks3JgK8zHCjxX59jFnF.jpg,0.0,0.0,0.0,,Poster is black and white with no graphic content.,0.0,0.0,0.0,0.0,0.0,,0,,
211258,Wax,/8T41L1DfsLgeczCV591KxGE5BMr.jpg,1.0,1.0,0.0,violence|gore,Poster depicts blood and gore.,0.9688,0.9688,0.0,0.0,0.0,Blood & Gore:0.97|Graphic Violence:0.97|Violence:0.97,1,nova_blood_gore>=0.5|nova_violence>=0.5|rek_gore>=0.4|rek_violence>=0.4,
260704,Birthright,/pzbtAsndUgnPOvLgFNSoQfisBbs.jpg,0.0,0.0,0.0,,,0.0,0.0,0.0,0.0,0.0,,0,,
257567,Vanished: Age 7,/29Wt6DOMzl94JSpEOnEwx4QXeAY.jpg,0.0,0.0,0.0,,poster shows a person with a creepy expression,0.0,0.0,0.0,0.0,0.0,,0,,
255537,Ashes of Doom,/eoBAkI7zOPaxWWoKEzYR9gnaxcI.jpg,0.0,0.0,0.0,,title suggests a horror theme,0.0,0.0,0.0,0.0,0.0,,0,,
262600,Shock,/ksp4bEWP3UWoW5ZdRgFWpr8DNQD.jpg,0.0,0.0,0.0,,Poster is a graphic design with no sensitive content.,0.0,0.0,0.0,0.0,0.0,,0,,
262872,Coyote,/xjI1mNkn5Quz5SDW6MHPBOkb1wU.jpg,0.0,0.0,0.0,,artwork is a stylized graphic of a screaming man,0.0,0.0,0.0,0.0,0.0,,0,,
254250,Till Death Do We Scare,/rKsCWB2E4oeQjC8si7kgyJQJJFQ.jpg,0.0,0.0,0.0,,,0.0,0.0,0.0,0.0,0.0,,0,,
253477,Torture Chamber,/o7TKEdXtGi3f1t5wtxAbIAEy3Fm.jpg,0.0,0.0,0.0,,poster shows a screaming woman with smoke effects,0.0,0.0,0.0,0.0,0.0,,0,,
279237,Bake Jizo,/auSqbagc1RRUUsMdIioCUFKpq8i.jpg,0.0,0.0,0.0,,,0.0,0.0,0.0,0.0,0.0,,0,,
266539,Kamen Rider Amazon: The Movie,/3gTsjrb3CXubv1pZSEhubkbfBx.jpg,0.0,0.0,0.0,,poster depicts a costumed character with a weapon,0.0,0.0,0.0,0.0,0.0,,0,,
300143,The Rainbow Man,/22FFDLHqExTbuBNDc5ITIWexfW7.jpg,0.0,0.0,0.0,,a woman is laying down with her eyes closed,0.0,0.0,0.0,0.0,0.0,,0,,
297160,XX,/drcIFTEIBnWI4G3OQt6rXOI8hf4.jpg,0.0,0.0,0.0,,"skull and lips are stylized, not realistic",0.0,0.0,0.0,0.0,0.0,,0,,
285981,A Dead Man Visits the Living,/1mmwvJxDuvhxHfmveC6NrK6eUNQ.jpg,0.0,0.0,0.0,,poster depicts a man with flames around his head,0.0,0.0,0.0,0.0,0.0,,0,,
301992,Prison Pit: Book One,/4Rox49oGHmFUMSfv1VTFD1NoAvH.jpg,0.0,0.0,0.0,,cartoonish monster with lightning bolts above its head,0.0,0.0,0.0,0.0,0.0,,0,,
276488,Let Us Prey,/7X5VhHwDaSLkrDoifRbfvGZJxFP.jpg,0.0,0.0,0.0,,bloody shoes hanging above the man,0.0,0.0,0.0,0.0,0.0,,0,,
256030,Muck,/bPYH46Qtc85jeeicjAg4hyL8uC2.jpg,0.0,0.0,0.0,,a horror movie poster with a screaming face,0.0,0.0,0.0,0.0,0.0,,0,,
314364,Sakthi,/qVzs56c64BefTXP3B42hOdIdBJE.jpg,0.0,0.0,0.0,,,0.0,0.0,0.0,0.0,0.0,,0,,
290795,Maligno,/wvPUKdGhQ7dahONG3cwbpyWkkeB.jpg,0.0,0.0,0.0,,"poster is black and white, no gore or violence",0.0,0.0,0.0,0.0,0.0,,0,,
269588,Km 31-2,/UhihZIu4krs3TVIqoQevAha0ij.jpg,0.0,0.0,0.0,,Poster depicts a scary scene but no gore or violence.,0.0,0.0,0.0,0.0,0.0,,0,,
283419,Island of Hell,/yCRibr1sKfuSH2VXAwqPyHzncFz.jpg,0.0,0.0,0.0,,woman in traditional costume hanging upside down,0.0,0.0,0.0,0.0,0.0,,0,,
319178,Hatanosuke and the Haunted House,/ytQlx97f6JrnqENP2S649tV0gQU.jpg,0.0,0.0,0.0,,a character is holding a knife,0.0,0.0,0.0,0.0,0.0,,0,,
321738,Cheondong,/5phFtXBFUYeTxz2pAgVmvPJeTHy.jpg,0.0,0.0,0.0,,,0.0,0.0,0.0,0.0,0.0,,0,,
312831,The Hallow,/sOT4KqFPlvxTeEwyHOcn8agJnsI.jpg,0.0,0.0,0.0,,A man is holding a weapon and a torch.,0.0,0.0,0.0,0.0,0.0,,0,,
330163,Gorilla,/SFy5dcTFScwqeYm0blljzwk7lK.jpg,0.0,0.0,0.0,,,0.0,0.0,0.0,0.0,0.0,,0,,
336766,The Legend of the Scarecrow,/1d2lWRqNpVBi2I3ITEVesbmwRSY.jpg,0.0,0.0,0.0,,The poster depicts a fantasy scene with no explicit content.,0.0,0.0,0.0,0.0,0.0,,0,,
317578,Haplos,/pY4tLA251A07IB7SvqCdw74euwQ.jpg,0.0,0.0,0.0,,,0.0,0.0,0.0,0.0,0.0,,0,,
335650,Impurity,/tP4VOxHYOxc3zrgrx4sx08rfTvr.jpg,0.0,0.0,0.0,,"woman in distress, but no gore or violence",0.0,0.0,0.0,0.0,0.0,,0,,
317873,Adam,/6qV2WvZETYaikM5XK3O3hy89Mol.jpg,0.0,0.0,0.0,,logo for a movie or game,0.0,0.0,0.0,0.0,0.0,,0,,
324021,The Tale of Himeji Castle,/Aihtq7jeqLTR4Yyi8qAstjK1uXy.jpg,0.0,0.0,0.0,,,0.0,0.0,0.0,0.0,0.0,,0,,
317712,The Legend of Sayo,/pDjqHUsqRkLF02G3duiwoDWC1vy.jpg,0.0,0.0,0.0,,,0.0,0.0,0.0,0.0,0.0,,0,,
330425,Kanchana 2,/oBaVzegjQza23C1XCOMfnQRhplw.jpg,0.0,0.0,0.0,,"The poster depicts a man with face paint, but no sensitive content.",0.0,0.0,0.0,0.0,0.0,,0,,
270478,Konthayum Poonoolum,/2pB8NhjvbTADT2IKUIAe2nLIDdI.jpg,0.0,0.0,0.0,,,0.0,0.0,0.0,0.0,0.0,,0,,
337029,Frankenstein,/kzTvgsGFd7zpGbwDsA4p8Nkdzj9.jpg,0.0,0.0,0.0,,scary face on movie poster for frankenstein,0.0,0.0,0.0,0.0,0.0,,0,,
346364,It,/9E2y5Q7WlCVNEhP5GiVTjhEhx1o.jpg,0.0,0.0,0.0,,A horror movie poster with a scary clown and a child.,0.0,0.0,0.0,0.0,0.0,,0,,
337085,Estranged,/rxzm5G9XDs3OJzXk3gadLJlpdGw.jpg,0.0,0.0,0.0,,"Blood spatter on door, but no gore.",0.0,0.0,0.0,0.0,0.0,,0,,
352675,Pakalpooram,/1Mv9q2ZqHXxd7EuahuqTh323RBL.jpg,0.0,0.0,0.0,,woman in midriff-baring costume,0.0,0.0,0.0,0.0,0.0,,0,,
322530,Fantastic Theater,/yZeNF1Ko3W0FT99czt3iC47EShk.jpg,0.0,0.0,0.0,,A bull mask is worn by a person in a tuxedo.,0.0,0.0,0.0,0.0,0.0,,0,,
354506,Pulse,/xtGQKAjMuXfFV3349b162PtXFqn.jpg,0.0,0.0,0.0,,poster artwork is clean,0.0,0.0,0.0,0.0,0.0,,0,,
376094,Doomed Disaster,/cZVIhol0xo1GbTb0OOhI2DXH46r.jpg,0.1,0.1,0.0,violence|gore,woman in a coffin with blood on her face and on the coffin,0.0,0.0,0.0,0.0,0.0,,0,,
381283,mother!,/fjny9chXPx69ln1LMJxbwi5yHMt.jpg,0.6,0.0,0.0,gore,woman holding a bloody heart,0.4281,0.4281,0.0,0.0,0.0,Blood & Gore:0.43|Graphic Violence:0.43|Violence:0.43,1,nova_blood_gore>=0.5|rek_gore>=0.4|rek_violence>=0.4,
329134,Massu Engira Maasilamani,/qXJTn2ZMhrbs4TawcZfoI2Ifwws.jpg,0.0,0.0,0.0,,circus performers with painted faces,0.0,0.0,0.0,0.0,0.0,,0,,
377409,Killer!,/A9CeJkOff220TcWuUx4fqVNt17s.jpg,0.9,0.9,0.0,violence|gore,poster depicts a grotesque face with blood and gore.,0.0,0.0,0.0,0.0,0.0,,1,nova_blood_gore>=0.5|nova_violence>=0.5,
370897,Whistle Stop,/up3Dca8ZiBr0FKbMv5r12nkCuvI.jpg,0.0,0.0,0.0,,,0.0,0.0,0.0,0.0,0.0,,0,,
392432,Endless,/t1lLx2HVnVrFsaPo490QXvYoQpa.jpg,0.0,0.0,0.0,,,0.0,0.0,0.0,0.0,0.0,,0,,
308037,Vanadevatha,/atBm2T2EenGrpOdFfncmlccbaZc.jpg,0.0,0.0,0.0,,poster shows a man and woman embracing,0.0,0.0,0.0,0.0,0.0,,0,,
370067,Vidayutham,/vtDCedGTgCwaTxdEJUeXKwXuCHe.jpg,0.0,0.0,0.0,,poster has occult symbol,0.0,0.0,0.0,0.0,0.0,,0,,
336809,Sangdil,/4GZWh21t0NZ0BfV7wqOUshmT6xY.jpg,0.0,0.0,0.0,,A vintage poster with a man and woman in close proximity.,0.0,0.0,0.0,0.0,0.0,,0,,
382290,M・Y・F・A・C・E,/mZTQPrfjDBFiRCJOGAPSYRZdMjO.jpg,0.0,0.0,0.0,,,0.0,0.0,0.0,0.0,0.0,,0,,
392569,Aadupuliyattam,/tqu09JapP1T8Z5zzC1HgjfI1891.jpg,0.0,0.0,0.0,,,0.0,0.0,0.0,0.0,0.0,,0,,
387737,Maria's Stomach,/7ToJDpVAivomFZdO9J61ioFtf8g.jpg,0.0,0.0,0.0,,,0.0,0.0,0.0,0.0,0.0,,0,,
396493,Creep 2,/a0m7WciFnBqpcyH1Yi8i4tdvk0k.jpg,0.0,0.0,0.0,,"The poster features a man standing in a dark, mysterious setting, with no explicit sensitive content depicted.",0.0,0.0,0.0,0.0,0.0,,0,,
391529,Jajo,/2yvBa6TmLW7UiwW8WJjE3Ajh4oy.jpg,0.0,0.0,0.0,,A close-up of a person's eye with a yellow text overlay.,0.0,0.0,0.0,0.0,0.0,,0,,
388994,Ayla,/9qJd7Fau4Ngw0XkyFjiAhFNDaeF.jpg,0.0,0.0,0.0,,Poster shows a nude woman but not in a sexual context.,0.0,0.0,0.0,0.9005,0.0,Non-Explicit Nudity of Intimate parts and Kissing:0.93|Non-Explicit Nudity:0.93|Bare Back:0.93|Explicit:0.90|Exposed Buttocks or Anus:0.90|Explicit Nudity:0.90,1,rek_nudity>=0.4,
396550,Sickhouse,/p7L0A9rfnjNvpyA8mhGzAiTV1cl.jpg,0.0,0.0,0.0,,The poster is for a movie called 'Sickhouse'.,0.0,0.0,0.0,0.0,0.0,,0,,
398768,White Clothing: Harakiri,/kFIO2l5cfvNj1xsJymmOCUE5caQ.jpg,0.0,0.0,0.0,,"a person with their head down, no visible face",0.0,0.0,0.0,0.0,0.0,,0,,
402721,Lollipop,/nUKMjASrMD2MNtv679T04rZvigy.jpg,0.0,0.0,0.0,,glowing green text on black background,0.0,0.0,0.0,0.0,0.0,,0,,
403654,Troublesome Night 13,/peifKhU3JkX81AgEm3QT6RpciOm.jpg,0.0,0.0,0.0,,,0.0,0.0,0.0,0.0,0.0,,0,,
394860,Grimewave: Cockface III,/aAaxkwfBC5igTgdDpsRmQPGNFUm.jpg,0.9,0.9,0.1,violence|gore,Poster depicts graphic violence and gore.,0.7554,0.7913,0.0,0.0,0.0,Weapon Violence:0.79|Graphic Violence:0.79|Violence:0.79|Blood & Gore:0.76|Non-Explicit Nudity of Intimate parts and Kissing:0.54|Non-Explicit Nudity:0.54|Partially Exposed Female Breast:0.54,1,nova_blood_gore>=0.5|nova_violence>=0.5|rek_gore>=0.4|rek_violence>=0.4,
406591,Hunters' Sense of Touch,/9oOLiXuzGRWgBjaZ8W6yia5NIZw.jpg,0.0,0.0,0.0,,poster is suggestive but does not depict sexual content,0.0,0.0,0.0,0.0,0.0,Non-Explicit Nudity of Intimate parts and Kissing:0.95|Non-Explicit Nudity:0.95|Exposed Male Nipple:0.95|Explicit:0.92|Explicit Sexual Activity:0.92,0,,
399118,Night People,/o7pscyTogn8Rob1mkF1FIHUgIz9.jpg,0.0,0.0,0.0,,"Poster features a face with a surreal, ethereal quality.",0.0,0.0,0.0,0.0,0.0,,0,,
411279,Pretham,/gzjXkR4nxfNz0AWCJgS7lZ49nlP.jpg,0.0,0.0,0.0,,"Poster has a ghostly figure and a laptop, suggesting a supernatural theme.",0.0,0.0,0.0,0.0,0.0,,0,,
423870,Empire of Madness,/7mP5cB6T1k62gLu1B0QSE0G5Sa4.jpg,0.0,0.0,0.0,,scary face on poster is not gory or violent,0.0,0.0,0.0,0.0,0.0,,0,,
396818,Visa to Hell,/5D35xFeHdHMboIpz5oU9FD1k9Pe.jpg,0.0,0.0,0.0,,,0.0,0.8445,0.0,0.0,0.0,Weapon Violence:0.84|Graphic Violence:0.84|Violence:0.84,1,rek_violence>=0.4,
424222,UFO: It Is Here,/2GnEKeMaO4nwv9y5ijLgoHkCYIq.jpg,0.0,0.0,0.0,,,0.0,0.0,0.0,0.0,0.0,,0,,
418939,The Eye's Dream,/29jWQqbENRCfGeo3iM5HPyQwbw7.jpg,0.0,0.0,0.0,,,0.0,0.0,0.0,0.0,0.0,,0,,
422406,Red Account: My Bloody Angel,/siDy5KCYEVOHvqp9V247LE8jWhC.jpg,0.9,0.9,0.0,violence|gore,poster shows blood and gore,0.9551,0.9551,0.0,0.0,0.0,Blood & Gore:0.96|Graphic Violence:0.96|Violence:0.96|Non-Explicit Nudity of Intimate parts and Kissing:0.67|Non-Explicit Nudity:0.67|Exposed Male Nipple:0.67,1,nova_blood_gore>=0.5|nova_violence>=0.5|rek_gore>=0.4|rek_violence>=0.4,
422947,Snow Woman,/x91e6wIHRZ5vJqHHYrdZfPg2Gs5.jpg,0.0,0.0,0.0,,,0.0,0.0,0.0,0.0,0.0,,0,,
390674,Female Harakiri: Glorious Death,/fvwrnUvdek6YhtTqomxCfU6M5sS.jpg,0.0,0.0,0.0,,"woman in traditional dress, no visible skin",0.0,0.0,0.0,0.7651,0.0,Explicit:0.77|Exposed Female Nipple:0.77|Explicit Nudity:0.77,1,rek_nudity>=0.4,
423344,Eko Eko Azarak: R-Page,/ugUGssJKWkJJkuLBvFGqjL6kwWe.jpg,0.0,0.0,0.0,,Flames and fire are present in the image.,0.0,0.0,0.0,0.0,0.0,,0,,
426063,Nosferatu,/5qGIxdEO841C0tdY8vOdLoRVrr0.jpg,0.0,0.0,0.0,,"A woman in a dark, gothic-style poster.",0.0,0.0,0.0,0.0,0.0,,0,,
413951,The Faceless Man,/43qo3fsxWYgP2iLQTRB0lPQ1CrX.jpg,0.0,0.0,0.0,,,0.0,0.0,0.0,0.0,0.0,,0,,
412102,Nenjam Marappathillai,/3hw8exDODhg55Gk046t4Igyr6dC.jpg,0.0,0.0,0.0,,"A man and a child are shown in a close-up, with no sensitive content.",0.0,0.0,0.0,0.0,0.0,,0,,
412333,Mohini,/fFTbwRo3vYvewwMDEalgDJcx5F8.jpg,0.0,0.0,0.0,,The poster depicts a fantasy character with weapons.,0.0,0.0,0.0,0.0,0.0,,0,,
450157,Urban Spirit Legend: Psychic Factory,/13CAyvgZuB6RpQTOdGC0Vupg1af.jpg,0.0,0.0,0.0,,A person in a dark room with a light on the ceiling.,0.0,0.0,0.0,0.0,0.0,,0,,
448194,Pyewacket,/3ET9MWmIx2ny2KP5mqY9ceb0WxF.jpg,0.0,0.0,0.0,gore,blood on hands and on the ground,0.0,0.0,0.0,0.0,0.0,,0,,
443151,Crocodile Man 2,/3NU4v1k9beeXV8SuUroEuWlZ95J.jpg,0.0,0.0,0.0,,,0.0,0.0,0.0,0.0,0.0,,0,,
458716,Juego de niñas,/ec0AVhjY7TfH77NkdQZt7CFp3yH.jpg,0.0,0.0,0.0,,"poster is a collage of three images, one of which is a woman in a bikini",0.0,0.0,0.0,0.0,0.0,Explicit:0.91|Explicit Sexual Activity:0.91,0,,
450523,The Ghostly Murderer,/2s2wne5MwwtgqB1fuPvUl1kwxOV.jpg,0.0,0.0,0.0,,,0.0,0.0,0.0,0.0,0.0,,0,,
431109,Inhumanwich!,/6hyd50wCk9cOz642IBy6P0TTDeu.jpg,0.8,0.8,0.0,gore|violence,Poster depicts a hamburger with teeth and blood.,0.0,0.0,0.0,0.0,0.0,,1,nova_blood_gore>=0.5|nova_violence>=0.5,
452472,Insomnia,/aarqNFQ0mYaU33W05cyhvtPu9Pb.jpg,0.0,0.0,0.0,,A man's face is shown in the bottom half of the poster.,0.0,0.0,0.0,0.0,0.0,,0,,
437265,The Gods Have a Nervous Breakdown,/gpdAIQROkA0kbkLl5oy9FDHbDqv.jpg,0.0,0.0,0.0,,,0.0,0.0,0.0,0.0,0.0,,0,,
450515,The Night the Spirit Returns,/5VneBc1G7TpeyM7NLlx8tA1tioe.jpg,0.0,0.0,0.0,,,0.0,0.0,0.0,0.0,0.0,,0,,
450934,Mokdugi Video,/r5ZszrH0WDnclIr6NuvLieX3U3Y.jpg,0.0,0.0,0.0,,"dark, stylized face with red text",0.0,0.0,0.0,0.0,0.0,,0,,
464261,Heaven and Hell,/dD0X5DMmZxqzsF8NsX8GWgiwaJJ.jpg,0.0,0.0,0.0,,poster is not explicit or gory,0.0,0.0,0.0,0.0,0.0,,0,,
421197,Ghost of Nang Fa Thani,/tIcNLsWnbUMto2QLGtuM39gKXyK.jpg,0.0,0.0,0.0,,poster shows a woman in a bra,0.0,0.0,0.0,0.0,0.0,Non-Explicit Nudity of Intimate parts and Kissing:0.97|Non-Explicit Nudity:0.97|Exposed Male Nipple:0.97,0,,
432916,The Ghost Photo Club,/hOiErt8dojhS06jhhvvtz951glb.jpg,0.0,0.0,0.0,,poster shows a knife and blood splatters,0.0,0.0,0.0,0.0,0.0,,0,,
440444,Piercing,/1iDIFMzYxY25X25KDeARA6VoDl3.jpg,0.0,0.0,0.0,,red drops on poster suggest blood,0.0,0.0,0.0,0.0,0.0,,0,,
452250,Sivalinga,/vUOTPPqEmvYDC2BZJEMJTMp2sMm.jpg,0.0,0.0,0.0,,,0.0,0.0,0.0,0.0,0.0,,0,,
450512,Strange Tale at Midnight,/c5B11wANq7klhibH868I7XCP0Do.jpg,0.0,0.0,0.0,,,0.0,0.0,0.0,0.0,0.0,,0,,
464879,Cabin 28,/crvqys951H0yVoPR38oSg6YAxSj.jpg,0.0,0.0,0.0,,scary clown mask on man holding a machete,0.0,0.0,0.0,0.0,0.0,,0,,
468014,Mythily Veendum Varunnu...,/ki5BY9BM4NPzQrH0INkGauWvgna.jpg,0.9,0.9,0.0,violence|gore,poster shows a woman with blood on her face,0.0,0.0,0.0,0.0,0.0,,1,nova_blood_gore>=0.5|nova_violence>=0.5,
478149,GARO: Fang of God,/ouhNC5r3YUrV6bXzEkhMwWq5xcs.jpg,0.0,0.0,0.0,,a man holding a sword,0.0,0.9183,0.5286,0.0,0.0,Weapon Violence:0.92|Graphic Violence:0.92|Violence:0.92|Weapons:0.53,1,rek_violence>=0.4,
479876,Emma,/aEYhZkU4vbAGUR5gk9tgbDAlLOM.jpg,0.0,0.0,0.0,,,0.0,0.0,0.0,0.0,0.0,,0,,
505330,The Mother's Island,/2q2DjSVGJ3q7K9n4N8Q9hynFCdR.jpg,0.0,0.0,0.0,,A face in the dark with red text.,0.0,0.0,0.0,0.0,0.0,,0,,
506952,Raydon,/aDDBehNiRIlv124ZVn2h7fQWbfv.jpg,0.9,0.0,0.0,gore,stylized blood drips from the text,0.0,0.0,0.0,0.0,0.0,,1,nova_blood_gore>=0.5,
480529,Popstars,/48PUh44vsWwkndURnrBSNvIhZJX.jpg,0.0,0.0,0.0,,,0.0,0.0,0.0,0.0,0.0,,0,,
496292,Umbilical Glue,/5cjMxLXAqLerIBC8h3IkomRyJmf.jpg,0.0,0.0,0.0,,stylized graphic of intestines with text,0.0,0.0,0.0,0.0,0.0,,0,,
498062,Luz,/5xLen4n8FYYjW2HhBG2rtvFMUZw.jpg,0.0,0.0,0.0,,"Two men in a close-up, one with a glowing eye.",0.0,0.0,0.0,0.0,0.0,,0,,
482192,Damsels,/lHHrYLhQUzFAMpRU0GG9nJ7j8Uf.jpg,0.0,0.0,0.0,,A horror movie poster with a dark and eerie atmosphere.,0.0,0.0,0.0,0.0,0.0,,0,,
485789,Bhaagamathie,/quGwnd4DjXOX25aLwuuRJJ5YmlS.jpg,0.1,0.1,0.0,violence,"blood on face, but not graphic",0.0,0.0,0.0,0.0,0.0,,0,,
494445,Bloodrape,/lVe6ULe2WmWAjfpUMgYuDc7U5WK.jpg,0.0,0.0,0.0,,poster is black and white with no graphic content,0.0,0.0,0.0,0.0,0.0,,0,,
513372,Hoax,/hK7s0dsNLGyEFokHyvyyTj1KCYL.jpg,0.0,0.0,0.0,,Poster is a graphic design with no explicit content.,0.0,0.0,0.0,0.0,0.0,,0,,
483417,Dark Side of the Light,/amTtwrbsWycKmrYMDa3Rkm18y7m.jpg,0.0,0.0,0.0,,A woman's face is visible through a window.,0.0,0.0,0.0,0.0,0.0,,0,,
484499,Keep Out of Danger,/7dP4lOh1iJCvjbOLdOjtfgDgTeA.jpg,0.0,0.0,0.0,,"poster depicts a scythe and blood, but not gore or violence",0.0,0.0,0.0,0.0,0.0,,0,,
485751,Agony,/gRs9xjisdmbsh68yYgXFoeHhbhL.jpg,0.0,0.0,0.0,,poster has red splotches that suggest blood,0.0,0.0,0.0,0.0,0.0,,0,,
512270,Shadow,/8dwiSVq9v7AQXGwQ1UFwzU161O0.jpg,0.0,0.0,0.0,,A hand holding a knife in a dark room.,0.0,0.0,0.0,0.0,0.0,,0,,
463532,Raktharakshassu,/cO6gQVEn4A1WVuk4GUrNocSVQqP.jpg,0.0,0.0,0.0,,Statue of a woman in a tropical setting.,0.0,0.0,0.0,0.0,0.0,,0,,
482919,The Anonymous Phone Call,/k2QuYeeWwW3XGIiORdRsz3GGo9u.jpg,0.0,0.0,0.0,,Poster is a cartoon illustration.,0.0,0.0,0.0,0.0,0.0,,0,,
522987,Inside Evil,/tYK9uDtbVGcwbIhPshAN2jvLK0.jpg,0.0,0.0,0.0,,The text is stylized to look like blood.,0.0,0.0,0.0,0.0,0.0,,0,,
513665,Onaaigal Jakkiradhai,/t5OpwwYn5DiH94xhCjUTHu5iJKJ.jpg,0.0,0.0,0.0,,poster depicts a girl with blood on her face,0.0,0.0,0.0,0.0,0.0,,0,,
525490,Shadowland,/tWoW6B8ZfUjbt6iCUwQnB274uL1.jpg,0.0,0.0,0.0,,a dragonfly is shown in silhouette,0.0,0.0,0.0,0.0,0.0,,0,,
526677,The Rope Maiden,/hKph3O2MNvqeKyLLIvxtIc4KixR.jpg,0.9,0.1,0.1,gore|nudity,Poster depicts a nude woman with blood and gore.,0.0,0.0,0.0,0.9385,0.0,Explicit:0.94|Exposed Female Nipple:0.94|Explicit Nudity:0.94|Exposed Female Genitalia:0.42,1,nova_blood_gore>=0.5|rek_nudity>=0.4,
526783,I Will Never Forgive,/pXzRSkDrJLql4CoY1fveT3XXi5E.jpg,0.0,0.0,0.0,violence,woman with bruised face and blood on her nose,0.9315,0.9315,0.0,0.0,0.0,Blood & Gore:0.93|Graphic Violence:0.93|Violence:0.93,1,rek_gore>=0.4|rek_violence>=0.4,
480406,Açúcar,/n5RQldxwOHNVzLIMgSNa07hDILH.jpg,0.0,0.0,0.0,,A person is shown with a sword.,0.0,0.0,0.0,0.0,0.0,,0,,
498580,Kanchana 3,/r01e7wDHHFl2WaXBBzMhGoZg50t.jpg,0.9,0.9,0.0,gore|violence,Poster depicts a man with blood and gore on his face.,0.0,0.0,0.0,0.0,0.0,,1,nova_blood_gore>=0.5|nova_violence>=0.5,
514101,Ambassador of Hell,/zQlLbnPMRJHHzeBVdSm9q0CMk8l.jpg,0.0,0.0,0.0,,,0.0,0.0,0.0,0.0,0.0,,0,,
528146,Aathma Bandhana,/18sQwFf25QLdzkzFrZ1FdpYq0yW.jpg,0.0,0.0,0.0,,a woman holding a weapon,0.0,0.0,0.0,0.0,0.0,,0,,
527132,Chumbo,/sUzdqgPvQHKQ9J2nEDpph69EAh7.jpg,0.0,0.0,0.0,,Poster is a closeup of a face with mouth open.,0.0,0.0,0.0,0.0,0.0,,0,,
524432,Devil Boy,/icXpy0zTWyIfL7Riuaw21n0CjDC.jpg,0.0,0.0,0.0,,anime style poster with no sensitive content,0.0,0.0,0.0,0.0,0.0,,0,,
514277,Mara,/gQDmXAef1Oc1SXci5mui2x5DJwt.jpg,0.0,0.0,0.0,,The red text resembles blood.,0.0,0.0,0.0,0.0,0.0,,0,,
546711,Unplugging Nightmare,/3dI8hzFCzwFkb8F0GMIaaIYjRFm.jpg,0.0,0.0,0.0,,poster for a horror film,0.0,0.0,0.0,0.0,0.0,,0,,
530571,Asoko no seki,/wFFQhE7EtIMFicfjkyJa1hLW16M.jpg,0.0,0.0,0.0,,,0.0,0.0,0.0,0.0,0.0,,0,,
529087,Taoist from the Mountains,/fuTcGTFROFC5PRoSRR7i2plpXDq.jpg,0.0,0.0,0.0,occult,poster depicts a man with a vampire face,0.0,0.0,0.0,0.0,0.0,,0,,
534161,Dan xiao bie kan,/djjFVjhpwG2KWWjzANroq3gij1M.jpg,0.0,0.0,0.0,,"woman in bra, but not overtly sexual",0.0,0.0,0.0,0.0,0.0,Non-Explicit Nudity of Intimate parts and Kissing:0.68|Non-Explicit Nudity:0.68|Bare Back:0.68,0,,
542274,Abhisaarike,/p116V068oSYE8HeJUXxjzDrcWB4.jpg,0.0,0.0,0.0,,,0.0,0.0,0.0,0.0,0.0,,0,,
555694,Road Meat,/m5tJc2I7RAPkUQh0oLjypqyprLE.jpg,0.6,0.6,0.0,violence|gore,Poster shows graphic images of gore and violence.,0.0,0.0,0.0,0.0,0.0,,1,nova_blood_gore>=0.5|nova_violence>=0.5,
547034,Vellinakshatram,/gLKWDR5sd5GO6myJeGjGpsuUFFA.jpg,0.0,0.0,0.0,,,0.0,0.0,0.0,0.0,0.0,,0,,
542580,Investigation 13,/ziYgvakhHQEaOV1w75hISCqQ4T8.jpg,0.5,0.5,0.0,violence|gore,Blood on the sink.,0.0,0.0,0.0,0.0,0.0,,1,nova_blood_gore>=0.5|nova_violence>=0.5,
584466,My Love,/jgbxotfmQrVzwFlKkNjGCxyaiW7.jpg,0.0,0.0,0.0,,a girl is standing in front of a tree,0.0,0.0,0.0,0.0,0.0,,0,,
536026,Trunk,/ypro0cnNvbVuh16lcYd5fB6TaA2.jpg,0.0,0.0,0.0,,Poster is dark and ominous but does not depict any sensitive content.,0.0,0.0,0.0,0.0,0.0,,0,,
584682,Daydream,/yfAhpoqAgKaUCLktsC6KP8LT9ra.jpg,0.0,0.0,0.0,,Poster shows a man and woman in a suggestive pose.,0.0,0.0,0.0,0.0,0.0,Non-Explicit Nudity of Intimate parts and Kissing:0.92|Non-Explicit Nudity:0.92|Implied Nudity:0.92,0,,
548784,Hell Girl,/ejR46fMxskeUvAwvybmO5KwPQjq.jpg,0.0,0.0,0.0,,a doll with a red rope around its neck,0.0,0.0,0.0,0.0,0.0,,0,,
565481,The Decayed,/fhbWieHqggsLR0oX34vBopXBoqo.jpg,0.0,0.0,0.0,,The image depicts a scene with guns but no actual violence or gore.,0.0,0.9358,0.5564,0.0,0.0,Weapon Violence:0.94|Graphic Violence:0.94|Violence:0.94|Weapons:0.56,1,rek_violence>=0.4,
603431,Spooky Kitaro,/yg0o8na222dewYevbuksmHYJUb0.jpg,0.0,0.0,0.0,,,0.0,0.0,0.0,0.0,0.0,,0,,
623520,Z,/5kFQrl8fCIrQEXqFUc6bBUylrFs.jpg,0.0,0.0,0.0,,dark image with a person lying down,0.0,0.0,0.0,0.0,0.0,,0,,
611636,Stucco,/4rIihYUWOjbwfSVIg516IUyjlto.jpg,0.0,0.0,0.0,,A hand is emerging from a hole in the wall.,0.0,0.0,0.0,0.0,0.0,,0,,
542104,Kinavalli,/2QitEJSOSs5W5d5H8MtbtLhd3My.jpg,0.0,0.0,0.0,,,0.0,0.0,0.0,0.0,0.0,,0,,
612811,Lingchi: Echoes of a Historical Photograph,/oHSRHTo3Y4yOEqPQ2jmP8O5FxG9.jpg,0.0,0.0,0.0,,,0.0,0.0,0.0,0.0,0.0,,0,,
605802,8,/mEot6Gg88yvIpLI9HTZNPvSkzTd.jpg,0.0,0.0,0.0,,A house is shown in the background.,0.0,0.0,0.0,0.0,0.0,,0,,
650248,Nycto,/jL4M4Vj2bBGqYos6OEcw1p0CQvr.jpg,0.0,0.0,0.0,,,0.0,0.0,0.0,0.0,0.0,,0,,
632259,RETCH,/rl7bVu788yY7r1fsUGZVsXdb5Eg.jpg,0.0,0.0,0.0,,woman screaming in horror,0.0,0.0,0.0,0.0,0.0,,0,,
622488,Gegege no Kitaro: The Great Yokai War,/A8J2m5C3j75GXojIQIyt856gEnb.jpg,0.0,0.0,0.0,,a boy is holding a sword,0.0,0.0,0.0,0.0,0.0,,0,,
616185,The Urban Legend of Sugisawa Village,/pFJ80d1FvDeZFD16E20JhGRPHpy.jpg,0.0,0.0,0.0,,poster for a horror film,0.0,0.0,0.0,0.0,0.0,,0,,
638210,My Girlfriend is a Serial Killer,/jMTsnTweu2eDgXRMaTnXp3nr72h.jpg,0.0,0.0,0.0,,woman holding a utility knife,0.0,0.0,0.0,0.0,0.0,,0,,
659822,VI,/8yTkltFGkcN6suab9mkODBqvfOS.jpg,0.0,0.0,0.0,,A devil-like figure is depicted.,0.0,0.0,0.0,0.0,0.0,,0,,
625213,The Faceless Man,/dkRZRUSul0qHDGCWOPhs9GgHgfh.jpg,0.9,0.9,0.0,gore|violence,graphic depiction of a head with blood and gore.,0.0,0.0,0.0,0.0,0.0,,1,nova_blood_gore>=0.5|nova_violence>=0.5,
664049,Jasu,/wZ1mZ37WTu75KuEl0UMDWVAj67c.jpg,0.9,0.8,0.0,violence|gore,bloody writing on wall and person in gory mask,0.0,0.0,0.0,0.0,0.0,,1,nova_blood_gore>=0.5|nova_violence>=0.5,
609323,Kawarasaki Family,/o1sE22CVaFqJ0j2aXuAoK10E0XB.jpg,0.0,0.0,0.0,,poster is not explicit or gory,0.4931,0.4931,0.0,0.9044,0.0,Explicit:0.90|Exposed Female Nipple:0.90|Explicit Nudity:0.90|Blood & Gore:0.49|Graphic Violence:0.49|Violence:0.49,1,rek_gore>=0.4|rek_violence>=0.4|rek_nudity>=0.4,
639495,Chloroformed,/75Pk75sYEUDd7QhbDd9iOTtHJCC.jpg,0.0,0.0,0.0,,poster is suggestive but does not depict sexual content,0.0,0.0,0.0,0.0,0.0,Non-Explicit Nudity of Intimate parts and Kissing:0.94|Non-Explicit Nudity:0.94|Partially Exposed Female Breast:0.94|Swimwear or Underwear:0.72|Female Swimwear or Underwear:0.72,0,,
697402,Zombie Attack,/wHRkcCz2AqD6PWCy4eUw3Gb5bNp.jpg,0.0,0.0,0.0,,"The poster is for a zombie movie, but does not depict any sensitive content.",0.0,0.0,0.0,0.0,0.0,,0,,
689918,Cursed One-Piece,/sl0q9bgHdjdv2roFB1nBHCJZpXQ.jpg,0.0,0.0,0.0,,woman in a suggestive pose,0.0,0.0,0.0,0.0,0.0,,0,,
655435,FEEL,/o67B6afCxY3EuuRMMAJUtww4M33.jpg,0.0,0.0,0.0,,Abstract image with no recognizable content.,0.0,0.0,0.0,0.0,0.0,,0,,
666771,Him,/jlLbtVyRQ0UOdmgkzf83IDNfY8Q.jpg,0.0,0.0,0.0,,red paint on an eye,0.0,0.0,0.0,0.0,0.0,,0,,
649274,The Blood Alligator,/eyqsHzWxY2HhnaxW6xMfQPkLusV.jpg,0.0,0.0,0.0,,,0.0,0.9037,0.0,0.0,0.0,Weapon Violence:0.90|Graphic Violence:0.90|Violence:0.90,1,rek_violence>=0.4,
708591,8cho,/fyPpgpcqzqUqsuSiY5RJL4nWznM.jpg,0.0,0.0,0.0,,No sensitive content detected in the image.,0.0,0.0,0.0,0.0,0.0,,0,,
726239,Dead,/eu40V59ULl92GIWfRGLAuzu5EYb.jpg,0.0,0.0,0.0,,The poster is for a horror movie but does not depict any sensitive content.,0.0,0.0,0.0,0.0,0.0,,0,,
745282,Prey,/q8O9wZ4BvwF1ui1BDXZN3a0Tfkq.jpg,0.0,0.0,0.0,,bold red text on black background,0.0,0.0,0.0,0.0,0.0,,0,,
730103,The Human Vapor,/g26k75s76S4Ipr1Q10qoEEU098y.jpg,0.0,0.0,0.0,,,0.0,0.0,0.0,0.0,0.0,,0,,
741808,The Truth of Grimm Brother's Fairy Tales,/8isSyTQpiCRxpcz1IYSIVVCHQu4.jpg,0.0,0.0,0.0,,The image is a movie poster with no explicit content.,0.0,0.0,0.0,0.0,0.0,,0,,
713504,Blind Date,/xbAP8ks4eA10SmbCjT5DeGH7fGL.jpg,0.0,0.0,0.0,,A hand holds a bloody knife over a book.,0.0,0.0,0.0,0.0,0.0,,0,,
732136,Miporin,/14RSt0SY7uDQL1qCIx9EYLNmpCR.jpg,0.0,0.0,0.0,,artistic painting of faces with no explicit content,0.0,0.0,0.0,0.0,0.0,,0,,
729565,The Tiller,/sgjwvnn2QL4SvJaagy57pJXoqNP.jpg,0.0,0.0,0.0,,The poster has a red background and a serious tone.,0.0,0.0,0.0,0.0,0.0,,0,,
741592,Cyst,/5nJwS765eHzCb5M8BTT2sl0lxxv.jpg,0.9,0.9,0.0,gore,"The poster depicts a stomach with a large hole and an eyeball protruding from it, surrounded by a yellow, pus-like substance.",0.0,0.0,0.0,0.0,0.0,,1,nova_blood_gore>=0.5|nova_violence>=0.5,
742948,Pieces of Me,/ruEzVW4ftPw7R0VNm9BRd5cOcGs.jpg,0.0,0.0,0.0,violence,blood on chainsaw suggests violence,0.0,0.0,0.0,0.0,0.0,,0,,
730375,Shizuka na ayashii gogo ni,/fLuE64TiXj5Dx9T7iNAlBW32OxE.jpg,0.0,0.0,0.0,,,0.0,0.0,0.0,0.0,0.0,,0,,
717972,Flick,/1tAR93S6ie6bacxQREDvpF756V4.jpg,0.0,0.0,0.0,,"A bug on a finger, no other sensitive content.",0.0,0.0,0.0,0.0,0.0,,0,,
764923,Honto ni Atta Gakkou Kaidan,/4qGmAKVud62zZ7v2Qe0ZuRccEVB.jpg,0.0,0.0,0.0,,,0.0,0.0,0.0,0.0,0.0,,0,,
607137,Momo,/fSGtxNn4OMO9yfzfPr5urmeA76S.jpg,0.0,0.0,0.0,,A person is seen in the background.,0.0,0.0,0.0,0.0,0.0,,0,,
752819,Blood Bath,/nfXhiwdE6gpijULLgTR4u6dSxQD.jpg,0.9,0.0,0.0,gore,red text with blood spatter effect,0.0,0.0,0.0,0.0,0.0,,1,nova_blood_gore>=0.5,
772139,Keep Forgetting,/dXBWdh5rIJVG4KUsVHeYhkXCkDU.jpg,0.0,0.0,0.0,,,0.0,0.0,0.0,0.0,0.0,,0,,
770382,3 AM,/4p3WKA3jl3ri95AJFm4p4C3aERv.jpg,0.0,0.0,0.0,,A photo of a fire is present.,0.0,0.0,0.0,0.0,0.0,,0,,
771390,Macabre Night,/jJMZjnP26Ih8eeC4oP4RgmY2IFF.jpg,0.0,0.0,0.0,,A woman holding an axe and a burning house.,0.0,0.0,0.0,0.0,0.0,,0,,
778521,Devil Boy: Welcome to Devil Land!!,/9nu8vUk76KqdUpjvvulxkIwyw5F.jpg,0.0,0.0,0.0,,,0.0,0.0,0.0,0.0,0.0,,0,,
799177,Bhediya,/A2qPWAJmnq3wVk3zBIupTdyJfxR.jpg,0.0,0.0,0.0,,A horror film poster with a menacing face.,0.0,0.0,0.0,0.0,0.0,,0,,
795962,Zonmi-chan: Meat Pie of the Dead,/moYsAYvvo8wKS0Csxz7mV2MKG3P.jpg,0.0,0.0,0.0,occult,skulls and other occult imagery present,0.0,0.0,0.0,0.0,0.0,,0,,
767152,Stiff,/pSZ1anpuI5CHT2yh5JKv9eiHJrL.jpg,0.0,0.0,0.0,,stylized text and abstract imagery,0.0,0.0,0.0,0.0,0.0,,0,,
821501,Shapeless,/kVqYcicseNaQC74cb299eDoaEH3.jpg,0.0,0.0,0.0,,,0.0,0.0,0.0,0.0,0.0,,0,,
789859,HER,/6a7mmtOzM2jugEZuWtRXywjXB2D.jpg,0.0,0.0,0.0,,A woman is standing in a dark room.,0.0,0.0,0.0,0.0,0.0,,0,,
842120,The Rotting Woman,/mth032cQuE9QWWWUwJP3owBPCOe.jpg,0.0,0.0,0.0,,a person lying on the floor,0.0,0.9252,0.0,0.0,0.0,Weapon Violence:0.93|Graphic Violence:0.93|Violence:0.93,1,rek_violence>=0.4,
823491,Out of Darkness,/9tG77VE7bP8ve79X86ABwHzDqbb.jpg,0.0,0.0,0.0,,,0.0,0.0,0.0,0.0,0.0,,0,,
813313,Big Octopus,/zB8uoMjSHjDvHTt5VLK8ju8xsuH.jpg,0.0,0.0,0.0,,A giant monster with red eyes in a stormy sea.,0.0,0.0,0.0,0.0,0.0,,0,,
812822,Feast of Burden,/hO4y485NjZZnek2qmX8dZaU5PHC.jpg,0.0,0.0,0.0,,the image is a caricature of a man with his tongue out,0.0,0.0,0.0,0.0,0.0,,0,,
822821,Naaye Paeye,/t4dRdRIOv5LKwJpyZZK7rNaUrvZ.jpg,0.0,0.0,0.0,,Poster depicts a man carrying a woman with zombies in the background.,0.0,0.0,0.0,0.0,0.0,,0,,
848483,Flowing,/iOq4m9fF2EIGxPiybRMJnBdqpYT.jpg,0.0,0.0,0.0,,a face is visible between the balloons,0.0,0.0,0.0,0.0,0.0,,0,,
850372,Ş,/eFZk0Ig4QT2bE4vyILXktQNscOg.jpg,0.0,0.0,0.0,,,0.0,0.0,0.0,0.0,0.0,,0,,
790257,Horror News,/eZz7MlJcrDPeaN13dMKacJzSllc.jpg,0.1,0.1,0.0,gore,blood on face,0.9518,0.9518,0.0,0.0,0.0,Blood & Gore:0.95|Graphic Violence:0.95|Violence:0.95,1,rek_gore>=0.4|rek_violence>=0.4,
843898,She Came from the Woods,/89uBJh6y1AQ7KE7bDO2u2mTU6N.jpg,0.0,0.0,0.0,,poster depicts a horror movie with weapons and blood,0.6758,0.6758,0.0,0.0,0.0,Blood & Gore:0.68|Graphic Violence:0.68|Violence:0.68,1,rek_gore>=0.4|rek_violence>=0.4,
800984,BUSSY,/fNBAfKi0RWyehmfxsY85SpvJB2q.jpg,0.0,0.0,0.0,,Abstract design with no recognizable human forms.,0.0,0.0,0.0,0.0,0.0,,0,,
845831,He Rang,/yqVOmdUMtMP5NRIFan3zi11OMdu.jpg,0.0,0.0,0.0,,Red paint on the poster resembles blood.,0.0,0.0,0.0,0.0,0.0,,0,,
790252,Eko Eko Azarak,/mMCDLhVL6H3STwboUP8QpdQokEs.jpg,0.0,0.0,0.0,occult,occult imagery with a skull and candles,0.0,0.0,0.0,0.0,0.0,,0,,
836519,Horror News,/hOd2QbH9eD41VxOml9w0YvWJ0cy.jpg,0.0,0.0,0.0,,,0.0,0.0,0.0,0.0,0.0,,0,,
753248,The Living Corpse,/tR3SwbTblusn1GLV8XVrEUs3anL.jpg,0.0,0.0,0.0,,A monster face is in the upper right corner.,0.0,0.0,0.0,0.0,0.0,,0,,
851731,Kumari,/9nRd2JAPOngLX5PTyf8Bv4SCN70.jpg,0.0,0.0,0.0,,poster depicts a man holding a torch,0.0,0.0,0.0,0.0,0.0,,0,,
850127,GH5,/pXdHMArcXBc4HVLZUikDXc87jJ4.jpg,0.0,0.0,0.0,,The poster depicts a hand with blood dripping from it.,0.0,0.0,0.0,0.0,0.0,,0,,
838474,Hitam,/wewJ3Sn8TlkUYYKxdGUtTZPFGK6.jpg,0.9,0.0,0.0,gore,blood on the face of the woman,0.9719,0.9719,0.0,0.0,0.0,Blood & Gore:0.97|Graphic Violence:0.97|Violence:0.97,1,nova_blood_gore>=0.5|rek_gore>=0.4|rek_violence>=0.4,
850236,Chuzhal,/bopwKa1OSwpcFO3VzbEBRyPA0bU.jpg,0.0,0.0,0.0,,"Poster shows a man smoking, but no other sensitive content.",0.0,0.0,0.0,0.0,0.0,,0,,
860458,Overnight. Friday,/8RnZYYKFnzY9VQzffnEP2tQj4cU.jpg,0.0,0.0,0.0,,A baby with a tail is being held by a person.,0.9608,0.9608,0.0,0.0,0.0,Blood & Gore:0.96|Graphic Violence:0.96|Violence:0.96,1,rek_gore>=0.4|rek_violence>=0.4,
846867,Mad God,/sEULzxEZvrJvhz91wKxpbih25Sk.jpg,0.0,0.0,0.0,,"The poster depicts a post-apocalyptic scene with a man in a gas mask holding a flashlight, surrounded by grotesque creatures, but no explicit gore or violence.",0.0,0.0,0.0,0.0,0.0,,0,,
852830,Torn Hearts,/w8dSAuMHUgx0lYSB6wAAURStcGM.jpg,0.0,0.0,0.0,,,0.0,0.0,0.0,0.0,0.0,,0,,
863171,Tixie,/1Nr54X0DsH6ANofnQq7H9u0oPzd.jpg,0.0,0.0,0.0,,A horror movie poster with a monster face.,0.0,0.0,0.0,0.0,0.0,,0,,
855302,Erotic Ghost Enamoured,/tD9IlXDcZ1YRTJwaSkwBR0eHIKa.jpg,0.0,0.0,0.0,,poster shows a woman holding another woman's head,0.0,0.0,0.0,0.0,0.0,,0,,
835786,Giant Spider,/5ApvzOzDQHMvrp59tOiCF2yLh7d.jpg,0.0,0.0,0.0,,"The poster depicts a battle scene with vehicles and a large creature, but no explicit gore or violence.",0.0,0.0,0.0,0.0,0.0,,0,,
875522,Journey Beyond the Night,/rLqTzkFnkN1BtzRNUA9BfEUV2qL.jpg,0.0,0.0,0.0,,,0.0,0.0,0.0,0.0,0.0,,0,,
877600,Cinderella,/x3MyvE3aU1sRe5x1bXaXbsRpEr7.jpg,0.0,0.0,0.0,,a ghost in the background,0.0,0.0,0.0,0.0,0.0,,0,,
854328,Psychic Voyeur Video Cursed Appreciation Party,/7Ex0BaPJUyF70plvCCblJyeXyxQ.jpg,0.0,0.0,0.0,,"poster depicts women with painted faces, not actual gore",0.0,0.0,0.0,0.0,0.0,,0,,
882218,Wolf Pup,/gamGFEJc3vMT4aUod1H6mf5NyOg.jpg,0.0,0.0,0.0,,Wolf pup is a neutral term without negative connotations.,0.0,0.0,0.0,0.0,0.0,,0,,
893955,Vanam,/3Ez3alwvA3iEvIAMC9yr47jJaTc.jpg,0.0,0.0,0.0,,,0.0,0.0,0.0,0.0,0.0,,0,,
877832,Pei Mama,/eKNMCvfctokzqYhjIS9TBVJi3dp.jpg,0.0,0.0,0.0,,horror movie poster with no actual gore or violence,0.0,0.0,0.0,0.0,0.0,,0,,
904356,Japanese Archipelago: Horror Ghost Zone,/32pEt4ukyMtC6Z1byWgDvQxIIrH.jpg,0.0,0.0,0.0,,,0.0,0.0,0.0,0.0,0.0,,0,,
877255,Big Shark,/wdWT2afyMus9NGG1ac342Tj4ilT.jpg,0.0,0.0,0.0,,"woman in bikini, shark with blood on teeth",0.0,0.4894,0.0,0.0,0.0,Weapon Violence:0.49|Graphic Violence:0.49|Violence:0.49,1,rek_violence>=0.4,
911700,Shin Gakkou no Yuurei,/rTvhwf86QzeAeHexlFZ9OBZews3.jpg,0.0,0.0,0.0,,anime style poster with no sensitive content,0.0,0.0,0.0,0.0,0.0,,0,,
899298,Undying,/wFm6cJJ9mhGj1NAnoPpt1Xu8mE9.jpg,0.6,0.6,0.0,violence|gore,poster shows blood and gore,0.416,0.416,0.0,0.0,0.0,Blood & Gore:0.42|Graphic Violence:0.42|Violence:0.42,1,nova_blood_gore>=0.5|nova_violence>=0.5|rek_gore>=0.4|rek_violence>=0.4,
918045,El Sexto,/dZCkOuP1duj40SUt7Tz9gijqbFu.jpg,0.0,0.0,0.0,,,0.0,0.0,0.0,0.0,0.0,,0,,
912650,Vardøger,/6oIUCOOC3ha9py6LB5AuvGtYX0Y.jpg,0.0,0.0,0.0,,poster is not gory or violent,0.0,0.0,0.0,0.0,0.0,,0,,
942596,Molar,/63Pl1SGYAXsd8tR6QnHHLTZcXiD.jpg,0.0,0.0,0.0,,stylized text on dark background,0.0,0.0,0.0,0.0,0.0,,0,,
911354,Scarlet Demon,/6Qpslxb7USrDNJfzmzXLVCSBFDJ.jpg,0.0,0.0,0.0,,a fantasy poster with a dragon and a man and woman,0.0,0.0,0.0,0.0,0.0,,0,,
911731,Youkai Ningen Bem: Part II,/tUEYRxqhrprjoIgvC0HRrN1WrY8.jpg,0.0,0.0,0.0,,Cartoonish monsters depicted in a humorous manner.,0.0,0.0,0.0,0.0,0.0,,0,,
889839,Ragtime,/3EeLsD8HVMOxKaFkSQF1ZIjZW16.jpg,0.0,0.0,0.0,,a green monster with a purple word below it,0.0,0.0,0.0,0.0,0.0,,0,,
911708,Star of David,/xu3kj2gec0jA7VNjv627dgUMVkw.jpg,0.0,0.0,0.0,,"woman in suggestive pose, but not sexual",0.0,0.0,0.0,0.0,0.0,,0,,
941189,Nav,/a5HoOjgh1RX2Q7QLv6FVHfeVdD7.jpg,0.0,0.0,0.0,,,0.0,0.0,0.0,0.0,0.0,,0,,
935076,Super Girl Maria,/g85InKgyGc39seJhKqhmvJDH1TA.jpg,0.0,0.0,0.0,,poster shows a scary face and a hand with claws,0.0,0.0,0.0,0.0,0.0,,0,,
923635,Shin Hedorah,/hIa2ZDN8qXU3o02t2L9mzLISUhu.jpg,0.0,0.0,0.0,,A red background and a monster-like figure.,0.0,0.0,0.0,0.0,0.0,,0,,
945920,Six,/sBpdOqydGdnMKZ22vi4UBRchWX8.jpg,0.9,0.0,0.0,gore,blood on face and neck,0.9741,0.9741,0.0,0.0,0.0,Blood & Gore:0.97|Graphic Violence:0.97|Violence:0.97,1,nova_blood_gore>=0.5|rek_gore>=0.4|rek_violence>=0.4,
938133,Bldg. N,/v738oSE6A8n8oGbYAVReIfG1klA.jpg,0.0,0.0,0.0,,,0.0,0.0,0.0,0.0,0.0,,0,,
950950,Shennong Savage,/cELpKa5rVRCFC2CXsqlaGag5bMx.jpg,0.0,0.0,0.0,,a giant monster is attacking two people,0.0,0.0,0.0,0.0,0.0,,0,,
921935,Ballabhpurer Roopkotha,/84yy5xjv3sM8G2HbxUnKejKJgYz.jpg,0.0,0.0,0.0,,,0.0,0.0,0.0,0.0,0.0,,0,,
949909,Kuntilanak 3,/s0MJ12Lf412G3KD3VkNGplHtK48.jpg,0.0,0.0,0.0,,scary image of a ghost on the poster,0.0,0.0,0.0,0.0,0.0,,0,,
952280,Kalo Chhaya,/dNaShBAlBbvdgSvjdJLoRWNH2im.jpg,0.0,0.0,0.0,,a person is holding a gun,0.0,0.0,0.0,0.0,0.0,,0,,
979203,Hiraeth,/1J7fPsdxgpwiXixD4xbo9aJxb7t.jpg,0.0,0.0,0.0,,Poster is a simple text logo on a dark background.,0.0,0.0,0.0,0.0,0.0,,0,,
960498,Tokaido Yotsuya Kaidan: Northern Stage,/k37P4BhHg2DziEDoxCC0xRTp3yG.jpg,0.0,0.0,0.0,,poster depicts a scene from a play,0.0,0.0,0.0,0.0,0.0,,0,,
970106,Story of Jang-hwa and Hong-ryeon,/b2Ao5uTrU9gS71I7NOOzz94T7ct.jpg,0.0,0.0,0.0,,,0.0,0.0,0.0,0.0,0.0,,0,,
1017612,The World You Don't Know: A Mysterious Love Story,/q09eJnMu52vTapuLeBOicV8yide.jpg,0.0,0.0,0.0,,Japanese text on the poster.,0.0,0.0,0.0,0.0,0.0,,0,,
945423,Induvadana,/eyYNrfyMQZcp8s49QE34gfVTztc.jpg,0.0,0.0,0.0,,A man and woman are embracing in a romantic pose.,0.0,0.0,0.0,0.0,0.0,Non-Explicit Nudity of Intimate parts and Kissing:0.99|Non-Explicit Nudity:0.99|Exposed Male Nipple:0.99,0,,
1013132,KINEMORTOPHOBIA!,/cX2LHd5gB1xc2ixnuNeYBWZJWEd.jpg,0.0,0.0,0.0,,a hand is drawing a zombie,0.0,0.0,0.0,0.0,0.0,,0,,
1013870,Kids vs. Aliens,/f87UCQzVwMlzGFePtCtZS4TgAFp.jpg,0.0,0.0,0.0,,A person is shown swimming in the ocean.,0.0,0.0,0.0,0.0,0.0,Non-Explicit Nudity of Intimate parts and Kissing:0.91|Non-Explicit Nudity:0.91|Bare Back:0.91|Exposed Male Nipple:0.61,0,,
1020266,III,/wO1dHtGiLbl0ZusCKt0iftFJbC5.jpg,0.0,0.0,0.0,,,0.0,0.0,0.0,0.0,0.0,,0,,
1013854,Alana,/1bvuorqv4Xet4ppFH0aWmxifBXY.jpg,0.0,0.0,0.0,,woman in red bed with red and blue background,0.0,0.0,0.0,0.0,0.0,,0,,
1017732,Debris,/j0Mj5Ss9bfVyCSC26PSRPDeGV8d.jpg,0.0,0.0,0.0,,Abstract artwork with no recognizable content.,0.0,0.0,0.0,0.0,0.0,,0,,
1012220,Three Kings,/XVMC9IvsIvTsLSb1kYYEbaMUYP.jpg,0.0,0.0,0.0,,Abstract design with no recognizable content.,0.0,0.0,0.0,0.0,0.0,,0,,
994138,Dark Nature,/n77eq3pzs8sVzWUFgcreggohNZ5.jpg,0.9,0.9,0.0,violence|gore,poster shows two people with blood on their faces,0.9055,0.9055,0.0,0.0,0.0,Blood & Gore:0.91|Graphic Violence:0.91|Violence:0.91,1,nova_blood_gore>=0.5|nova_violence>=0.5|rek_gore>=0.4|rek_violence>=0.4,
953160,Genshi-san,/oXIfsoh1xQJtBguuwjhtH5BxAHo.jpg,0.0,0.0,0.0,,,0.0,0.0,0.0,0.0,0.0,,0,,
1031828,The Sadistic Tragedy of Blue Rose Mansion,/xwi50xAyHiKFnaRW7UI0PRHzdj5.jpg,0.0,0.0,0.0,,,0.0,0.0,0.0,0.0,0.0,,0,,
1012410,Teenage Ghost Girl,/7xHibGAwI6981h0nujVlV1p5STU.jpg,0.0,0.0,0.0,,,0.0,0.0,0.0,0.0,0.0,,0,,
997660,Nightsiren,/pu632OPOiSAbMrBhAXh2gXuYcFF.jpg,0.0,0.0,0.0,,A woman is shown in the water with her mouth open.,0.0,0.0,0.0,0.0,0.0,,0,,
1042720,Sympathy for the Devil,/tJeXqn69fhoVuoGnp6J8I8sWm0Z.jpg,0.0,0.0,0.0,,poster depicts a man chained to a chair with a knife,0.0,0.0,0.0,0.0,0.0,Non-Explicit Nudity of Intimate parts and Kissing:0.42|Non-Explicit Nudity:0.42|Exposed Male Nipple:0.42,0,,
983581,Tokyo Videos of Horror 17,/7swmJM42ewbIniz4zkb66Uf9i5k.jpg,0.0,0.0,0.0,,Skull is depicted in a non-gory manner.,0.9272,0.0,0.0,0.0,0.0,Corpses:0.93|Death and Emaciation:0.93|Visually Disturbing:0.93,1,rek_gore>=0.4,
983565,Tokyo Videos of Horror 16,/yrfD33OH5vkHm9nwSVAqrXlyfIO.jpg,0.0,0.0,0.0,occult,skull in the image,0.0,0.0,0.0,0.0,0.0,,0,,
1054285,Shura Land,/uK5vlvSktDLRux25l5GomVsNfKJ.jpg,0.0,0.0,0.0,,,0.0,0.0,0.0,0.0,0.0,,0,,
1035936,There Is No Such Thing As Home,/pANT5TBPTqc914RRLhORM2FyWXB.jpg,0.0,0.0,0.0,,Abstract art with no recognizable human figures or explicit content.,0.0,0.0,0.0,0.0,0.0,,0,,
1023253,Tales of Horror Reaching from the Darkness,/fkEkIJAR6NCWid0hBP6YuO7ki0u.jpg,0.1,0.0,0.0,gore,Blood on the gift box.,0.0,0.0,0.0,0.0,0.0,,0,,
1068449,Kôzuki Yaya: CLONEz,/z3ZBv8Q232bLuf43BXm8l5cR2b5.jpg,0.0,0.0,0.0,,The word 'clone' is written in a stylized font.,0.0,0.0,0.0,0.0,0.0,,0,,
1034590,Virupaksha,/fqMn4h9ctOyumII2nXDnm5mRTxQ.jpg,0.0,0.0,0.0,,poster depicts a man and woman in a fantasy setting,0.0,0.0,0.0,0.0,0.0,,0,,
1054022,Japan's Map of Grudges!! Investigation: The Curse of Sugisawa Village,/mPWMRJXCeMXkYrnUB2RA26gLWaH.jpg,0.0,0.0,0.0,,poster is for a horror film but depicts no gore or violence,0.0,0.0,0.0,0.0,0.0,,0,,
1049608,Tokyo Videos of Horror 21,/qe9JZGPErxPe72RPOzd4jpl1rJx.jpg,0.0,0.0,0.0,occult,skull on poster suggests occult theme,0.9235,0.0,0.0,0.0,0.0,Corpses:0.92|Death and Emaciation:0.92|Visually Disturbing:0.92,1,rek_gore>=0.4,
1054626,The Bhootnii,/7hY958sJ5xfXSBS3hiBtMxpOqRK.jpg,0.0,0.0,0.0,,poster depicts a scary scene but no gore or violence,0.0,0.0,0.0,0.0,0.0,Non-Explicit Nudity of Intimate parts and Kissing:0.51|Non-Explicit Nudity:0.51|Exposed Male Nipple:0.51,0,,
1044115,Exorcist 2: Human Exorcism,/3BybUfrFgo2NRRHkNXbyrf0uUNU.jpg,0.0,0.0,0.0,,,0.0,0.0,0.0,0.0,0.0,,0,,
1049946,Tokyo Videos of Horror 25,/5wCsAkboQkXW7byra6O9G0RpGlc.jpg,0.0,0.0,0.0,occult,a skull is shown on the poster,0.0,0.0,0.0,0.0,0.0,,0,,
1077817,Corpses,/81KxNcNz2yKcb6jU6OG2CkFfXNr.jpg,0.0,0.0,0.0,,,0.0,0.0,0.0,0.0,0.0,,0,,
1083771,Women's Crime Records: Edo Torture Punishment Chronicles,/jSJtzXrA2thKiwhCVtQZvvznYni.jpg,0.0,0.0,0.0,,,0.0,0.5445,0.0,0.0,0.0,Weapon Violence:0.54|Graphic Violence:0.54|Violence:0.54,1,rek_violence>=0.4,
1056607,Spirit Box 4,/20nX7d8SR8H9WfUKLKeXRFucu5V.jpg,0.0,0.0,0.0,,the face is distorted but not gory,0.0,0.6129,0.5411,0.0,0.0,Weapon Violence:0.61|Graphic Violence:0.61|Violence:0.61|Weapons:0.54,1,rek_violence>=0.4,
1049935,Tokyo Videos of Horror 23,/jsRW6Qgx9rEhVAiCQC0nUoqadOk.jpg,0.0,0.0,0.0,,Skull on poster is not gory.,0.0,0.0,0.0,0.0,0.0,,0,,
1083816,Haunted,/Av169CmH6c5BzTto9aZrK96NEPk.jpg,0.0,0.0,0.0,,title suggests supernatural or horror theme,0.0,0.0,0.0,0.0,0.0,,0,,
1074141,"Flowers in the Mirror, Wind and Moon: The Ghost Appears",/8NBypSSTcv75PgygdIMMYmw0UcU.jpg,0.0,0.0,0.0,,A woman in traditional Chinese costume.,0.0,0.0,0.0,0.0,0.0,,0,,
1082614,Bug,/lrcw7VKmvq5HSvXl6PwYHnMzLbQ.jpg,0.0,0.0,0.0,,,0.0,0.0,0.0,0.0,0.0,,0,,
1080732,Honto ni Atta Noroi no Eizo: Urami,/7s4neaDs7mSzkKso360WEEUwOEE.jpg,0.0,0.0,0.0,,"poster has a dark, ominous style but no explicit content",0.0,0.0,0.0,0.0,0.0,,0,,
1086046,Rotten Dark Image,/fuJfB1ZWlniOrjBMr36K5kKFE3k.jpg,0.0,0.0,0.0,,poster shows only a face with long hair,0.0,0.0,0.0,0.0,0.0,,0,,
1091407,Blood Lust,/qYVqgTvzUXtu2LghwqWsQu0NbPz.jpg,0.0,0.0,0.0,,stylized blood on a movie poster,0.9176,0.9176,0.0,0.0,0.0,Blood & Gore:0.92|Graphic Violence:0.92|Violence:0.92,1,rek_gore>=0.4|rek_violence>=0.4,
1090518,Karungaapiyam,/6ssa2D45PoAdp9lqb5r9reOsREr.jpg,0.0,0.0,0.0,,,0.0,0.0,0.0,0.0,0.0,,0,,
1067138,Dancing Mistress,/5Ri0m5m5ftXJ0V7seUbXpS6PghC.jpg,0.0,0.0,0.0,,,0.0,0.0,0.0,0.0,0.0,,0,,
1097612,New Pen Fairy,/bq07QVrV6zxb9q7zJS9rT7bW73I.jpg,0.0,0.0,0.0,,Poster depicts a horror theme with suggestive imagery.,0.0,0.0,0.0,0.0,0.0,,0,,
1099116,Kandhei Akhire Luha,/A1CTwq92sV7DdiVnSuBAdhEqEs9.jpg,0.0,0.0,0.0,occult,scary face of a child in the poster.,0.0,0.0,0.0,0.0,0.0,,0,,
1101683,BiPolaris,/ayzQtlvAeiSaaAUnrp57YMuzzJA.jpg,0.0,0.0,0.0,,"The poster features a dark, abstract design with a person in the center, but no explicit sensitive content.",0.0,0.0,0.0,0.0,0.0,,0,,
1095565,Maataraani Mounamidhi,/wq62QUSBhd5Ym9eiMjxmUPDQUXi.jpg,0.0,0.0,0.0,,,0.0,0.0,0.0,0.0,0.0,,0,,
1090427,Posted Grudge Spirit Footage Vol.4: Demon Edition,/rgji2yVa0lJmGa4KiZss9SklNe0.jpg,0.0,0.0,0.0,,"scary face on poster, but no gore or violence",0.0,0.0,0.0,0.0,0.0,,0,,
1112723,Honto ni Atta Kowai Hanashi - Special 1,/w57U5sq8Um0xyIsnmHZf5RQzjPl.jpg,0.0,0.0,0.0,,,0.0,0.0,0.0,0.0,0.0,,0,,
1096076,Fish Piss,/1M1UtoVp6CqSqBbdFuBoEkwV7u9.jpg,0.0,0.0,0.0,,the creature is grotesque but not gory,0.0,0.0,0.0,0.0,0.0,,0,,
1088798,Evil Night,/mNMjhro2hni5vlZXZ08qTZZ0nnv.jpg,0.0,0.0,0.0,,The poster's text and design suggest a horror theme.,0.0,0.0,0.0,0.0,0.0,,0,,
1103509,Resident Evil Masterpiece Theater,/vOmIEeiBSlAzgEvvBulLZM803G8.jpg,0.0,0.0,0.0,,,0.0,0.0,0.0,0.0,0.0,,0,,
1105435,Meat,/vvf5oWK4z70tp21dJ182yG2Q6mH.jpg,0.9,0.9,0.0,violence|gore,Poster depicts a man with blood on his hands and a bloody object on the ground.,0.9394,0.9394,0.0,0.0,0.0,Blood & Gore:0.94|Graphic Violence:0.94|Violence:0.94,1,nova_blood_gore>=0.5|nova_violence>=0.5|rek_gore>=0.4|rek_violence>=0.4,
1103892,Mia,/4iDe5tdqXGWiQOjOt3occWxEZZd.jpg,0.9,0.0,0.0,gore,a bowl of brain and blood with the word 'mta' written in blood,0.0,0.0,0.0,0.0,0.0,,1,nova_blood_gore>=0.5,
1101703,新开心鬼,/jHiFM1aFkJYxx643h2s8MUXi6YW.jpg,0.0,0.0,0.0,,,0.0,0.0,0.0,0.0,0.0,,0,,
1114750,Niemand,/aJeRb737Sb43GtI2Lx2ltgh6PLu.jpg,0.0,0.0,0.0,,,0.0,0.0,0.0,0.0,0.0,,0,,
1118367,Ida,/eiJfvxFlbTKzbJSiFrDl5PvUpqM.jpg,0.9,0.0,0.0,gore,red blood drips from the word IDA,0.0,0.0,0.0,0.0,0.0,,1,nova_blood_gore>=0.5,
1096879,RUN,/svP7rynkZMTcq3TORxSTNLQebuv.jpg,0.0,0.0,0.0,,A man is running in a forest.,0.0,0.0,0.0,0.0,0.0,,0,,
1103985,Insulted Woman Revenge Pachinker Another,/jr42n4tXH9LqtJscs4Y4J79l4JD.jpg,0.9,0.9,0.9,violence|gore|nudity|sexual,"Poster depicts a woman with blood and gore, holding a weapon.",0.0,0.0,0.0,0.0,0.0,Swimwear or Underwear:0.96|Female Swimwear or Underwear:0.96|Partially Exposed Female Breast:0.68|Non-Explicit Nudity of Intimate parts and Kissing:0.68|Non-Explicit Nudity:0.68,1,nova_blood_gore>=0.5|nova_violence>=0.5|nova_sexual_content>=0.5,
1119244,The Earthbound,/45XtB7pqMajeiwqTTXupf99Xns3.jpg,0.0,0.0,0.0,,,0.0,0.0,0.0,0.0,0.0,,0,,
1118185,Pyre,/rjdv1sOgyPKKWa3syu6ZsHUdHwf.jpg,0.0,0.0,0.0,,A woman in a white dress stands in a forest.,0.0,0.0,0.0,0.0,0.0,,0,,
1121432,Phoenix,/jcmxwDdWYYXTlejkeTTabeZ4k82.jpg,0.0,0.0,0.0,,"Poster depicts a group of people in a dark, mysterious setting.",0.0,0.0,0.0,0.0,0.0,,0,,
1120011,Namo Bhootatma,/4f5Ur15GptYmkdprphmK5hMEPSP.jpg,0.0,0.0,0.0,,no sensitive content in the image,0.0,0.0,0.0,0.0,0.0,,0,,
1059537,Kill Time,/1Ror4u1rWg1VFbVthVtZAdTYXVJ.jpg,0.0,0.0,0.0,,cartoon character crying on a poster,0.0,0.0,0.0,0.0,0.0,,0,,
1125585,Urban Spirit Legend: Reishi Gakuen,/t19SfKKFmViiWfnvSUl3jRd3Ci1.jpg,0.0,0.0,0.0,,"dark, red-lit face on poster",0.0,0.0,0.0,0.0,0.0,,0,,
1141891,The Blood,/sdg3xiSpzjC5lLpKBvv2GZY2N26.jpg,0.0,0.0,0.0,,,0.0,0.0,0.0,0.0,0.0,,0,,
1137251,GORE,/4dL79T1cvIwQdS0HaouHLx0K5pH.jpg,0.9,0.0,0.0,gore,poster depicts blood and gore,0.0,0.0,0.0,0.0,0.0,,1,nova_blood_gore>=0.5,
1118899,Liminal II,/aNNt3oonTl4E9ir0HYTphyQvvp2.jpg,0.0,0.0,0.0,,,0.0,0.0,0.0,0.0,0.0,,0,,
1127560,Yatsuhakamura,/snRK4JgUzCcglfNehmXniI8nz6T.jpg,0.0,0.0,0.0,,poster depicts a sword but no blood or gore,0.0,0.0,0.0,0.0,0.0,,0,,
1141993,Reprieve,/wzaJh4k8KiNRW92YBBgV6CIsHuP.jpg,0.0,0.0,0.0,,A man stands in front of a door with a blue light.,0.0,0.0,0.0,0.0,0.0,,0,,
1149514,Janha Ratira Sathi,/bLWnuQktcpvaLzkY8rfhZHjOnpV.jpg,0.0,0.0,0.0,,poster depicts a horror movie with a man in a sad mood,0.0,0.0,0.0,0.0,0.0,,0,,
1127143,Mama,/o6K500W5qIZzVDiBcfQ1mCMMnay.jpg,0.0,0.0,0.0,,scary image of a woman with a ghost,0.0,0.0,0.0,0.0,0.0,,0,,
1143007,Blood on Each Step,/8lUl7KUs8DLp8ION3fYQRG1YPSL.jpg,0.0,0.0,0.0,occult,skull and knife in lower image,0.0,0.0,0.0,0.0,0.0,,0,,
1146575,Paku Tanah Jawa,/waVn3InmSNQHjqcBKQzvumjrrGt.jpg,0.0,0.0,0.0,,"A woman is surrounded by snakes, but no gore or violence is depicted.",0.0,0.0,0.0,0.0,0.0,,0,,
1145277,Document Super Scary Stories: Okinawa,/mXmtTsW24NN6DBkrcyOauINzrDn.jpg,0.9,0.9,0.0,violence|gore,poster depicts a woman with blood on her face and a knife in her body,0.0,0.0,0.0,0.0,0.0,,1,nova_blood_gore>=0.5|nova_violence>=0.5,
1150649,Visitor,/wZeuvNCFo4c6Dc9lq4P55LytK9d.jpg,0.0,0.0,0.0,,,0.0,0.0,0.0,0.0,0.0,,0,,
1146209,Shudder Girls,/pnj561p1g9pGHMKaKaYhTEe3gse.jpg,0.9,0.8,0.0,violence|gore,Poster features a close-up of a face with blood and teeth.,0.732,0.732,0.0,0.0,0.0,Blood & Gore:0.73|Graphic Violence:0.73|Violence:0.73,1,nova_blood_gore>=0.5|nova_violence>=0.5|rek_gore>=0.4|rek_violence>=0.4,
1144719,Okamuro-san,/xeMOAIjUBuhIyTkVxYj3KMpZ1qT.jpg,0.0,0.0,0.0,,,0.0,0.0,0.0,0.0,0.0,,0,,
1151683,WOACA,/zLH8zZzNZWqZGSRsN8Yn92ECz20.jpg,0.0,0.0,0.0,,,0.0,0.0,0.0,0.0,0.0,,0,,
1123503,Big Milk,/qq2EbNjFJStI3EucH3HspmNiqHy.jpg,0.0,0.0,0.0,,the image is a poster for a movie,0.0,0.0,0.0,0.0,0.0,,0,,
1158484,Trees,/9rdEsO7qfYWh09M7eIvdDAlc4u3.jpg,0.0,0.0,0.0,,,0.0,0.0,0.0,0.0,0.0,,0,,
1150696,Gendai Kaiki Hyaku Monogatari: Kaidan Tanhenshu,/hezllpLreL2Dc46qjRJIVvFupbg.jpg,0.1,0.0,0.0,gore,poster has blood and gore,0.0,0.0,0.0,0.0,0.0,,0,,
1163427,JOHNNY ANTHOJOHNNY,/tA7ANoCy4HwLm4OBuIhjXHymrDs.jpg,0.0,0.0,0.0,,,0.0,0.0,0.0,0.0,0.0,,0,,
1151960,Ghost Killing,/sD3LyXKotplTnNnpMEoQeqYyRL3.jpg,0.0,0.0,0.0,,poster depicts a scary scene but no gore or violence,0.0,0.0,0.0,0.0,0.0,,0,,
1165206,Tokyo Videos of Horror 18,/iCTojK0cvEFQimeve9rjp7B66eQ.jpg,0.0,0.0,0.0,,skull in the image,0.7942,0.0,0.0,0.0,0.0,Corpses:0.79|Death and Emaciation:0.79|Visually Disturbing:0.79,1,rek_gore>=0.4,
1162936,Babushka,/v82I6DZQX152J5we8B3RGMqa1vt.jpg,0.0,0.0,0.0,,a doll with a red scarf,0.0,0.0,0.0,0.0,0.0,,0,,
1162791,Mamántula,/iodTtVpD5iNqejWrXSPYtVrvewr.jpg,0.0,0.0,0.0,,"Abstract spider web pattern, no sensitive content.",0.0,0.0,0.0,0.0,0.0,,0,,
1166109,Namade Kowasugi!,/68SLjbOtTAvAmYgVwuCS41UfGMw.jpg,0.0,0.0,0.0,,,0.0,0.0,0.0,0.0,0.0,,0,,
1164853,Angaaragan,/kPByMKPM4rrOAys32pu76KYIDyu.jpg,0.0,0.0,0.0,,,0.0,0.0,0.0,0.0,0.0,,0,,
1169957,Spine-Chilling Short Stories Kowabana: Scary Woman Kyō,/a9iBOcwMsSlQnWvMSDcWXdabImk.jpg,0.0,0.0,0.0,,poster is for a horror movie,0.0,0.0,0.0,0.0,0.0,,0,,
1173434,Bitter Fear,/3r4u1YHVTZpeHsDaDp9RzvuRGMc.jpg,0.0,0.0,0.0,,,0.0,0.0,0.0,0.0,0.0,,0,,
1173947,A Shadow over the Chateau,/mtF1bYhEWhHpjTFfkQfD4Cc2ffV.jpg,0.0,0.0,0.0,,woman in vintage clothing on a movie poster,0.0,0.0,0.0,0.0,0.0,,0,,
1174342,Burning Passion,/y9fOQ7QViv8RfDXjv6IgaOvpcBm.jpg,0.0,0.0,0.0,,a man and woman embracing,0.0,0.0,0.0,0.0,0.0,,0,,
1173609,Phantom of the Jade Chamber,/v3nyT7AjyB4yaMl8UK4zIrsLXer.jpg,0.0,0.0,0.0,,,0.0,0.0,0.0,0.0,0.0,,0,,
1166947,Haunted School,/6rdY8W3qxHZE29HTQQodGYvm57j.jpg,0.0,0.0,0.0,,,0.0,0.0,0.0,0.0,0.0,,0,,
1173833,The Serpent and the Lovers,/m2iJi5iBmhaHs6XtVyyvLCB31Yd.jpg,0.0,0.0,0.0,,,0.0,0.0,0.0,0.0,0.0,,0,,
1173781,Trauma Under the Car,/hHlFvvSyxUK5OreXWIWydzDyWnr.jpg,0.0,0.0,0.0,,,0.0,0.0,0.0,0.0,0.0,,0,,
1179402,Don Khamod,/nzC1vXYYv8PU8XgFRxBECAkgWo1.jpg,0.0,0.0,0.0,,a horror movie poster with no explicit content,0.0,0.0,0.0,0.0,0.0,,0,,
1174247,Haunted Bridge,/e5TB1ZgrtE9PTgAuRpfSFlmmuRS.jpg,0.0,0.0,0.0,,poster depicts faces of monsters,0.0,0.0,0.0,0.0,0.0,,0,,
1173424,The Ghost Chasers,/biMRznxAkSM0nlOBkEPHG4gsUT4.jpg,0.0,0.0,0.0,,a horror movie poster with bats and lightning,0.0,0.0,0.0,0.0,0.0,,0,,
1178529,Zetsuosore Taikan Kimodameshi,/iflpXVV1CKsZr8RMmUVrqN8xcvL.jpg,0.0,0.0,0.0,,poster is for a horror movie,0.0,0.0,0.0,0.0,0.0,,0,,
1165396,Tokyo Videos of Horror 19,/v0ahXqq7zwLRH7xcw4Qbx998ap6.jpg,0.0,0.0,0.0,occult,skull in image,0.9614,0.0,0.0,0.0,0.0,Corpses:0.96|Death and Emaciation:0.96|Visually Disturbing:0.96,1,rek_gore>=0.4,
1179996,Golden Eel,/kCL8ac6Vr7ueR1Wo4ndsYlFF2Oy.jpg,0.0,0.0,0.0,,a man is holding a knife,0.0,0.0,0.0,0.0,0.0,,0,,
1179549,The God of Death,/jt5RibKBwMMoiTh4XwYaQn3VDO8.jpg,0.0,0.0,0.0,,,0.0,0.0,0.0,0.0,0.0,,0,,
1180377,Boonpeng Iron Chest,/24iRFF0hJyeLqZOrgCWZdKkCiye.jpg,0.0,0.0,0.0,,,0.0,0.0,0.0,0.0,0.0,,0,,
1180354,Goddess Panthong,/8bXzUNpkj3ItVV0t2FHfl3TjCHr.jpg,0.0,0.0,0.0,,poster depicts a scary face,0.0,0.0,0.0,0.0,0.0,,0,,
1179790,Golden Sabai Goddess,/bR5RMcfDDQtuvXqGmEVWv5j7grZ.jpg,0.0,0.0,0.0,,,0.0,0.0,0.0,0.0,0.0,,0,,
1179729,Pi Kaew Nang Hong,/e86MbeprSfw53beSk2A7htAj4Bp.jpg,0.0,0.0,0.0,,poster depicts a skeleton but no gore,0.0,0.0,0.0,0.0,0.0,,0,,
1183797,CannibAlien,/AhiMn4vMqvxNkvUvhN03rh9f7U1.jpg,0.6,0.6,0.0,violence|gore,poster depicts a bloody knife and a menacing face,0.0,0.0,0.0,0.0,0.0,,1,nova_blood_gore>=0.5|nova_violence>=0.5,
1180756,Krai Thong,/cFa75mrBY7uRMIuK5m0k2LuWtiZ.jpg,0.0,0.0,0.0,,poster depicts a man with horns,0.0,0.0,0.0,0.0,0.0,,0,,
1199661,Stripped,/pVoWFQCzip4gpHA0DG9OfsICqcz.jpg,0.0,0.0,0.0,,a closeup of a woman's eyes with a band name below,0.0,0.0,0.0,0.0,0.0,,0,,
1180529,Blood Love: Nang Prai,/eJKY9cwIRsLfOhiHpOplV41f2f8.jpg,0.0,0.0,0.0,,monkey on woman's shoulder is wearing a belt,0.0,0.0,0.0,0.0,0.0,,0,,
1198084,Amofinado,/4Mi7fAGIwququpndzWfCjFBc6kq.jpg,0.0,0.0,0.0,,Image is too dark to discern any details.,0.0,0.0,0.0,0.0,0.0,,0,,
1199073,Angel's Snake,/20nk0qR1Ys5E0Xtj5HkXASLXitf.jpg,0.0,0.0,0.0,,snake in the foreground,0.0,0.0,0.0,0.0,0.0,,0,,
1202100,Joshurei,/ef1DeARW4Bui3tfozPMho07GFI6.jpg,0.0,0.0,0.0,,A person is seen in the eye of another person.,0.0,0.0,0.0,0.0,0.0,,0,,
1199122,Scary True Stories: Night 2,/oln1s7oWHUocmEz6YfypbBERhM7.jpg,0.0,0.0,0.0,,The poster features a scary face but no gore or violence.,0.0,0.0,0.0,0.0,0.0,,0,,
1192020,Wandering Souls 2: Exploring Haunted Spots with Oda Nobunaga,/sf8axFeCJXHrGoMbdDQGaMlCZ2T.jpg,0.6,0.6,0.0,violence|gore,poster shows blood and a knife,0.9046,0.9046,0.0,0.0,0.0,Blood & Gore:0.90|Graphic Violence:0.90|Violence:0.90,1,nova_blood_gore>=0.5|nova_violence>=0.5|rek_gore>=0.4|rek_violence>=0.4,
1203023,Travels of Lord Mito Pt.9,/eZxp9vVzGW4OricpqtbzqRL7DES.jpg,0.0,0.0,0.0,,,0.0,0.0,0.0,0.0,0.0,,0,,
1192652,Scary Fairy Tales: Cinderella,/gvn4GBOTJCjNYeM5mQfknWj1Vva.jpg,0.0,0.0,0.0,,,0.0,0.0,0.0,0.0,0.0,,0,,
1202913,Insomnia,/yTuEBdWJ96fYs7MvueaKeGX6Pcj.jpg,0.0,0.0,0.0,,a face with a mouth open and a black liquid coming out,0.5763,0.5763,0.0,0.0,0.0,Blood & Gore:0.58|Graphic Violence:0.58|Violence:0.58,1,rek_gore>=0.4|rek_violence>=0.4,
1180853,Autorretrato,/wijsAP0VXGiMOST1VVM0PQZVRfp.jpg,0.0,0.0,0.0,,,0.0,0.0,0.0,0.0,0.0,,0,,
1210047,Aranam,/im52GNQksPZkTWVHuWpk3cAMlDi.jpg,0.0,0.0,0.0,,,0.0,0.0,0.0,0.0,0.0,,0,,
1198050,Tree Ghost Story,/5CJ0cVXjpRKb8C4l1dhfwFxKOFp.jpg,0.0,0.0,0.0,,,0.0,0.0,0.0,0.0,0.0,,0,,
1204908,Shin Kaishaku Banchō Sarayashiki - Okiku-dera: Temple,/m7b3twbiLyfDL5wzzYsz2zJfOvH.jpg,0.0,0.0,0.0,,a zombie head is shown in the poster,0.0,0.0,0.0,0.0,0.0,,0,,
1184925,Midnight Oxygen,/1cbqKt4xp67ckCWD0zVRmN5qPyO.jpg,0.0,0.0,0.0,,,0.0,0.0,0.0,0.0,0.0,,0,,
1214905,Trinil,/3TmCcafUXjqLuxO6JUT8jfjlCZd.jpg,0.0,0.0,0.0,,A horror movie poster with a scary face.,0.0,0.0,0.0,0.0,0.0,,0,,
1226606,Beauty with White Breasts,/icHWWb0xCn0CjoMNH0UurxqO1r7.jpg,0.0,0.0,0.0,,,0.0,0.0,0.0,0.0,0.0,,0,,
1190953,The Mystery of Nam Prai,/4f0WwMn9uuiL10BCDxnhm1CKZDa.jpg,0.0,0.0,0.0,,poster depicts occult imagery,0.0,0.7193,0.0,0.9121,0.0,Explicit:0.91|Exposed Female Nipple:0.91|Explicit Nudity:0.91|Non-Explicit Nudity of Intimate parts and Kissing:0.78|Non-Explicit Nudity:0.78|Partially Exposed Female Breast:0.78|Weapon Violence:0.72|Graphic Violence:0.72,1,rek_violence>=0.4|rek_nudity>=0.4,
1198987,Fed,/96n79mox2suJCTRUS1c4gncNMnm.jpg,0.0,0.0,0.0,,"Illustration of food and intestines, not actual gore.",0.0,0.0,0.0,0.0,0.0,,0,,
1231306,Blood Pizza,/dkzPyp1TFeF2YFlWWCz80dtv73V.jpg,0.0,0.0,0.0,,the word blood is present in the image,0.0,0.0,0.0,0.0,0.0,,0,,
1215044,Body Trap,/fSm8FGIeVSizQ3PcOVuUDELwXIZ.jpg,0.0,0.0,0.0,,woman in bra and underwear on poster,0.0,0.0,0.0,0.0,0.0,Non-Explicit Nudity of Intimate parts and Kissing:0.95|Non-Explicit Nudity:0.95|Bare Back:0.95|Partially Exposed Female Breast:0.47,0,,
1241689,Junji Inagawa Horror Video: Pandora's Box,/d2qzlR6YYRA33kQ55jJfmcv5ZmK.jpg,0.0,0.0,0.0,,poster is not explicit or gory,0.0,0.0,0.0,0.0,0.0,,0,,
1231268,Kyoto Yokai Map 1: A 900-Year-Old New Bride Living in Sagano,/5ZYNci9Wo5mEu39ce0dseQXdjJy.jpg,0.0,0.0,0.0,,a ghostly figure with long hair,0.0,0.0,0.0,0.0,0.0,,0,,
1231045,Otis The Giant,/lcaEc4Xb1lT5VI71eiVO2KHiiGz.jpg,0.0,0.0,0.0,,Silhouette of a man with a tree in the background.,0.0,0.0,0.0,0.0,0.0,,0,,
1220993,Nightmare Resort,/tOFLK65MQ5zuIkheV2E7Z4dZRLt.jpg,0.0,0.0,0.0,,,0.0,0.0,0.0,0.0,0.0,,0,,
1232290,Night Rain and Autumn Lantern Hear Strange Stories,/gY5atQIvrayB8Nx37Kfn9lbsEjz.jpg,0.0,0.0,0.0,occult,poster depicts occult themes,0.0,0.0,0.0,0.0,0.0,,0,,
1241429,Geji: The Spirit Hunter,/8nhaw4NaIoS7GVVBmpVZm7I8s3S.jpg,0.0,0.0,0.0,,"Poster for a horror film with dark, dramatic imagery.",0.0,0.0,0.0,0.0,0.0,,0,,
1226341,Kaidan Shin Mimibukuro Nagurikomi! Gekijō-ban Tōkaidō-hen,/28Y6PuUqmEMdpmADqn2bZUem7C8.jpg,0.0,0.0,0.0,,,0.0,0.0,0.0,0.0,0.0,,0,,
1232818,Desintegration,/vBLSht2HZniRxvbDeJbj1MSsPUi.jpg,0.0,0.0,0.0,,bloody object on the left side of the image,0.0,0.0,0.0,0.0,0.0,,0,,
1236998,Modern Urban Ghost Legends: Terrifying True Stories Surgeons Cannot Speak Of,/iSTI501bi8vjOl1EvQstBbynFZY.jpg,0.0,0.0,0.0,,the poster depicts a woman with a scar on her face,0.0,0.0,0.0,0.0,0.0,,0,,
1251427,The Garden,/cCFUAGEZvSaXTyYIir5CBrz4VfH.jpg,0.0,0.0,0.0,,"Text only, no sensitive content.",0.0,0.0,0.0,0.0,0.0,,0,,
1244017,Bug,/8q2qfc369tSpoZcGmBta4oxljDL.jpg,0.0,0.0,0.0,,A woman is shown in a suggestive pose.,0.0,0.0,0.0,0.0,0.0,,0,,
1218245,Hellhounds,/n5UA9BdqfhdPATA0HLSCntxVeU5.jpg,0.0,0.0,0.0,occult,poster depicts a monster with red eyes and sharp teeth,0.0,0.0,0.0,0.0,0.0,,0,,
1249950,Submitted Spirit Video: Omnibus,/pTSnoNxxe8QVs0FhkY0mq9UL5ol.jpg,0.0,0.0,0.0,,scary faces on children in a horror movie poster,0.0,0.0,0.0,0.0,0.0,,0,,
1249052,Kyoto Yokai Map 2: A 400-Year-Old Ice Woman Living on Kirara Slope,/pklHgVOruEu9wM7CTB4VdYEME8z.jpg,0.0,0.0,0.0,,a man is standing in front of a red car with a woman lying on the ground in front of him,0.0,0.0,0.0,0.0,0.0,,0,,
1245342,Battle Spirit Footage: Fight of the Living Ghost,/2Efw95vDNz2GxV9ovKRZIcLsg4N.jpg,0.9,0.9,0.0,violence|gore,Poster depicts graphic gore and violence.,0.9779,0.9779,0.0,0.0,0.0,Blood & Gore:0.98|Graphic Violence:0.98|Violence:0.98,1,nova_blood_gore>=0.5|nova_violence>=0.5|rek_gore>=0.4|rek_violence>=0.4,
1231764,Stash,/u850tsWm4vZScsCI3lt9SH9ojDZ.jpg,0.0,0.0,0.0,,stylized hand with lit candles for fingers,0.0,0.0,0.0,0.0,0.0,,0,,
1249600,Terrifying Spirit Disturbance Video 8: Darkness Edition,/wxLGtiJEuYhLR0DEymOyPp4j3Fg.jpg,0.0,0.0,0.0,,poster is for a horror film,0.0,0.0,0.0,0.0,0.0,,0,,
1255452,Dokugeki! Noroi no Shinrei Supotto: Gokuraku,/dpLOMOtADBTYZGrhmI81sELy6CR.jpg,0.0,0.0,0.0,,"scary image, but no actual gore or violence",0.0,0.0,0.0,0.0,0.0,,0,,
1242905,Spiritual Tours,/dy7tPhCvy4bKSGFlkeS9XPTl44n.jpg,0.0,0.0,0.0,,two women in bikinis,0.0,0.0,0.0,0.0,0.0,Non-Explicit Nudity of Intimate parts and Kissing:0.94|Non-Explicit Nudity:0.94|Partially Exposed Female Breast:0.94|Swimwear or Underwear:0.83|Female Swimwear or Underwear:0.83,0,,
1252768,When the Blood Flows,/vRZ2SbBbtFNRdkdf2FgRZnJHRte.jpg,0.0,0.0,0.0,,,0.0,0.0,0.0,0.0,0.0,,0,,
1256728,Short Shits,/jKXhOlWc6JBIRr5noptwEulva5x.jpg,0.0,0.0,0.0,violence|gore,Halloween-themed poster with depictions of blood and gore.,0.0,0.0,0.0,0.0,0.0,,0,,
1249591,Terrifying Spirit Disturbance Video: Attack 1,/iICoGbA3w0f6qIrGM05GZ2KGgHy.jpg,0.0,0.0,0.0,,poster depicts two faces with blood and white eyes,0.0,0.0,0.0,0.0,0.0,,0,,
1268401,Psychic Documentary: Forbidden Spectral Manifestation - Do Not Watch!!,/3icdggmPM7cNPFDISBF1J995P7k.jpg,0.0,0.0,0.0,,Scary face on poster is not gore or violence.,0.0,0.0,0.0,0.0,0.0,,0,,
1267448,Kodama,/wMNg4gFvV7JlFWcrPRJrCV01H2W.jpg,0.0,0.0,0.0,,,0.0,0.0,0.0,0.0,0.0,,0,,
1260835,777,/7nsbGYR3t4r9jBxdRCIZiKlzoPU.jpg,0.0,0.0,0.0,,Poster is a closeup of a face with no other content.,0.0,0.0,0.0,0.0,0.0,,0,,
1269413,The Cursed Plate: Dish Mansion at Hell's Banchō,/vp1zEZ3nbA6NC9DRiwx11gdqVRb.jpg,0.0,0.0,0.0,,,0.0,0.0,0.0,0.0,0.0,,0,,
1263426,Heaven and Earth Are Righteous,/kQka8mO1iXnSkTOrf8VDAyFgUhq.jpg,0.0,0.0,0.0,,Fantasy creatures and dark themes.,0.0,0.0,0.0,0.0,0.0,,0,,
1293317,Creature,/blOjTp6Y2XbaPlWEmvj2Ro1ygXm.jpg,0.0,0.0,0.0,,title text may imply horror genre,0.0,0.0,0.0,0.0,0.0,,0,,
1272300,Foreclosure 2,/4oURJWpf1kJlqNmPHVfOi1vQDIJ.jpg,0.0,0.0,0.0,occult,scary image of a girl with blood on her face,0.0,0.0,0.0,0.0,0.0,,0,,
1295758,Thursday Ghost Stories Ghost Club: Seven Wonders of School Edition 1,/st0ZvrqwSSC5bhoSIFv8OjF75W9.jpg,0.0,0.0,0.0,,,0.0,0.0,0.0,0.0,0.0,,0,,
1244831,Nozokiana 4: Cursed Video Edition,/cmrLH2GFihScYMQgTcBaSFlYFeG.jpg,0.0,0.0,0.0,occult,skull and text suggest occult theme,0.0,0.0,0.0,0.0,0.0,,0,,
1295750,New Thursday Ghost Stories Ghost Club: Seven Wonders of School Edition 3,/7oYbnF3gJ2wX2ilWGzZZoUS8xzc.jpg,0.0,0.0,0.0,,,0.0,0.0,0.0,0.0,0.0,,0,,
1291966,Broadcast Prohibited VTR! True Scary Ghost Stories... The Truth That Can't Be Shown on TV,/hzVB5fXVIxlnpi8m8xgCDLl9CuP.jpg,0.0,0.0,0.0,,,0.0,0.0,0.0,0.0,0.0,,0,,
1274134,I Live Here Now,/rzbbtzA50E66aUFNWcLMKFeUMTw.jpg,0.0,0.0,0.0,,"A woman's face is shown in a dark, blue-lit image.",0.0,0.0,0.0,0.0,0.0,,0,,
1291594,Beezel,/a9gZxhG98LATZJGy1vWssyjVkk.jpg,0.9,0.9,0.0,gore|violence,"Poster features a close-up of a grotesque, bloody face.",0.6855,0.6855,0.0,0.0,0.0,Blood & Gore:0.69|Graphic Violence:0.69|Violence:0.69,1,nova_blood_gore>=0.5|nova_violence>=0.5|rek_gore>=0.4|rek_violence>=0.4,
1295890,241,/xk7D8DLPOWGsF0PMp4kbwJlN89R.jpg,0.0,0.0,0.0,,,0.0,0.0,0.0,0.0,0.0,,0,,
1298306,Tasmogor,/2jMWnCrhwVstFyF2AO9aFeYWEj3.jpg,0.0,0.0,0.0,,the image is a stylized poster with no explicit content,0.0,0.0,0.0,0.0,0.0,,0,,
1271607,The Sclera,/e93xTEFBnlwX6oBKuAmYZetpcAH.jpg,0.0,0.0,0.0,,Utensils arranged in a creative manner on a table.,0.0,0.0,0.0,0.0,0.0,,0,,
1292645,Kuncen,/8XFnCNU1SIa100lI3bM7QDLPTEZ.jpg,0.1,0.1,0.0,gore,poster depicts faces with blood and gore,0.0,0.0,0.0,0.0,0.0,,0,,
1300054,valo-valo,/q2i31IIvXufjU78jGaSFeHAAfiz.jpg,0.0,0.0,0.0,,stylized image of a horse skeleton,0.0,0.0,0.0,0.0,0.0,,0,,
1300267,Trip,/1pGd8rcZ7RWMa3pnvNLGc0r5UBA.jpg,0.0,0.0,0.0,,A person is standing in the dark.,0.0,0.0,0.0,0.0,0.0,,0,,
1306112,Ruckus at Kwong Cheong Lung,/4KBRIsEN6Q2h3y99C77HOKAfsBf.jpg,0.0,0.0,0.0,,blood on the woman's dress is not graphic,0.0,0.0,0.0,0.0,0.0,,0,,
1304868,The Tragedy of Nine Lives,/9pkBWhatIOtx3CvuDSG4TBeUjJM.jpg,0.0,0.0,0.0,,,0.0,0.0,0.0,0.0,0.0,,0,,
1306119,The Terrifying Man-eating Shark Woman,/ussTyoF2MZSzpg611tTJKodmrgJ.jpg,0.0,0.0,0.0,,a shark is shown in the lower part of the image,0.0,0.0,0.0,0.0,0.0,,0,,
1317282,The Girl from the Darkness,/mBxbDlGhVVWuOf2eOyP56cMKlog.jpg,0.0,0.0,0.0,,,0.0,0.0,0.0,0.0,0.0,,0,,
1316525,VORE,/hvpLGNet6RPHqyzAO5V314tx6oo.jpg,0.0,0.0,0.0,,red text on red background,0.0,0.0,0.0,0.0,0.0,,0,,
1316590,"Seducer of the Night: Terror in the summer resort, bloodsucking fangs for blonde beauties",/eojZwhaCrhDMoBc9jqHE8Z1BHqd.jpg,0.0,0.0,0.0,,Japanese text on a dark background with faces.,0.0,0.0,0.0,0.0,0.0,,0,,
1304559,Columnas de Sangre,/fd2WeazcjzIwIl0sT29hfd1OhFB.jpg,0.0,0.0,0.0,,Abstract poster with no recognizable content.,0.0,0.0,0.0,0.0,0.0,,0,,
1308382,Ice Forest,/af2a25P7yNEXQOH9oHNmFrlZwMy.jpg,0.0,0.0,0.0,,,0.0,0.0,0.0,0.0,0.0,,0,,
1316641,Kyoto Yokai Map 3: The 800-Year-Old Female College Student Who Lives in Toribenyama,/AwG6tnMPYw1w39yPxxi5MtQrUfZ.jpg,0.0,0.0,0.0,,two women sleeping in bed together,0.0,0.0,0.0,0.0,0.0,,0,,
1301061,Her Secret Past,/jLV5pJODkTz5NGqyVZ94x761Yuu.jpg,0.0,0.0,0.0,,poster shows a woman's face and shoulder only,0.0,0.0,0.0,0.0,0.0,,0,,
1318153,Corpse of your Choice,/5BWccMQniPamOp4ljQCaBQcHh5U.jpg,0.0,0.0,0.0,,poster shows three people with no sensitive content,0.0,0.0,0.0,0.0,0.0,,0,,
1301068,Songs in Misty Night,/tTaLibtYkqMVQnr8dnXyoAio2Bg.jpg,0.0,0.0,0.0,,,0.0,0.0,0.0,0.0,0.0,,0,,
1319093,Bandage Anatomy Woman,/b1wn17cVlLRVSmUwg6XSAINluNr.jpg,0.0,0.0,0.0,,,0.0,0.0,0.0,0.0,0.0,,0,,
1301498,4:30,/hnCmMcPsOApTyX2pY5Q5HHgS3pS.jpg,0.0,0.0,0.0,,Image is a black and white security camera photo.,0.0,0.0,0.0,0.0,0.0,,0,,
1320762,SNOT,/mfBiisMec7fcjwOxn2Vj6NQlO2.jpg,0.0,0.0,0.0,,A person is depicted in a grotesque manner.,0.0,0.0,0.0,0.0,0.0,,0,,
1317033,Dead Fish,/aqDOOYvbtfa05PyZ2yLUP9Eft0X.jpg,0.0,0.0,0.0,,Poster is just text on a black background.,0.0,0.0,0.0,0.0,0.0,,0,,
1321044,The Black Cat Mansion of Hatred,/3gs9YJ3lKIZq15rEHuySIdnFlMd.jpg,0.0,0.0,0.0,,,0.0,0.0,0.0,0.0,0.0,,0,,
1319195,Luminous Insect,/86B8YQO3BZLrJ5C0FG84lfAD3SP.jpg,0.0,0.0,0.0,,poster shows a woman with a butterfly on her head,0.0,0.0,0.0,0.0,0.0,,0,,
1319818,Afternoon of the Evil Spirits,/4RG3KYEEQmTrCXAIWYgJfWrmsEr.jpg,0.0,0.0,0.0,,,0.0,0.0,0.0,0.0,0.0,,0,,
1315466,Night/Time,/bXlhBAa0TjEeTHidwKepBVCOtnI.jpg,0.0,0.0,0.0,,A person covering their face with their hands.,0.0,0.0,0.0,0.0,0.0,,0,,
1321069,Vampire Scream,/nGfk2vs0tTYXoSZNesq02RAAc6z.jpg,0.0,0.0,0.0,,a face with a scary expression,0.0,0.0,0.0,0.0,0.0,,0,,
1321057,The Woman Who Calls for Corpses,/cFXnxLBKWSYs6RBSv3t319vrrTz.jpg,0.0,0.0,0.0,,,0.0,0.0,0.0,0.0,0.0,,0,,
1321070,Cursed Hand from the Graveyard,/lCveZpQxFnfsGWodd94danCeY6B.jpg,0.0,0.0,0.0,,,0.0,0.0,0.0,0.0,0.0,,0,,
1320091,carton ???,/hDtkeethR6orNYDCrKjUHzSgLXV.jpg,0.0,0.0,0.0,,poster is not explicit but may be disturbing to some viewers,0.0,0.0,0.0,0.0,0.0,,0,,
1324236,Braxton,/dgELUCxxU4ojRsfJ6HpMqHMgvrS.jpg,0.0,0.0,0.0,,poster shows a person in a snowy landscape,0.0,0.0,0.0,0.0,0.0,,0,,
1341041,A Haunted Romance,/2TqIVoUH71ZwZBFtvG6Y8P2YY8l.jpg,0.0,0.0,0.0,,a woman in a bra and underwear is shown on the screen,0.0,0.0,0.0,0.0,0.0,,0,,
1338346,Zanni,/gEf3185H3isAeAzpvRd1XGTTa1q.jpg,0.0,0.0,0.0,,,0.0,0.0,0.0,0.0,0.0,,0,,
1329017,Bill,/c5GH4CkKJy0ybCo8xYShMNPchAa.jpg,0.0,0.0,0.0,,poster shows a face with a hand covering the mouth,0.0,0.0,0.0,0.0,0.0,,0,,
1334664,Phenomenon,/D8euZOwFhpEIyHZnPIlQMQTTVf.jpg,0.0,0.0,0.0,,poster has red drips of blood next to the title,0.0,0.0,0.0,0.0,0.0,,0,,
1340233,Tent Burner,/emclGoPE3bXLY0B5NW0dNBaVlLE.jpg,0.0,0.0,0.0,,Illustration of a skeleton in a forest.,0.0,0.0,0.0,0.0,0.0,,0,,
1321049,The Cursed Bride,/qJcbzRoEK6gmkDcOftb3ohs0kUQ.jpg,0.0,0.0,0.0,,Chinese characters on a blue background.,0.0,0.0,0.0,0.0,0.0,,0,,
1361326,Miasmata,/xNz3Dum4WjxRVrOGYKUh0XAQvqI.jpg,0.0,0.0,0.0,,Poster shows a closeup of a woman's face.,0.0,0.0,0.0,0.0,0.0,,0,,
1354878,Illuminati Castrati,/mJq53N4VtExZ72AaU6sReTrdysb.jpg,0.9,0.9,0.0,violence|gore,Poster depicts a bloody knife and a severed hand.,0.0,0.0,0.0,0.0,0.0,,1,nova_blood_gore>=0.5|nova_violence>=0.5,
1355282,Ade Raaga Ade Haadu,/ehEBw0Rn6U9EyYonfi7nWiE32Wn.jpg,0.0,0.0,0.0,,"The poster features a man with a comical expression and a background with a face, but no sensitive content.",0.0,0.0,0.0,0.0,0.0,,0,,
1328157,Acid Corpse,/oSYdkU0vlhejZxsS3qOBadFzuOd.jpg,0.0,0.0,0.0,,glowing green text on black background,0.0,0.0,0.0,0.0,0.0,,0,,
1376404,Tret,/anAjUlJozZbPYHZr8z4BfSwMps.jpg,0.0,0.0,0.0,,"scary image, but not gory or violent",0.0,0.0,0.0,0.0,0.0,,0,,
1377690,Headless Island,/4tI4M6qwqEljvN6sNYLJ7AzAJY6.jpg,0.0,0.0,0.0,,,0.0,0.0,0.0,0.0,0.0,,0,,
1352962,Kalinga,/y62MzCi3Auwb1T4aGDPNE2gLyIE.jpg,0.0,0.0,0.0,,a man holding a torch in front of a scary statue,0.0,0.0,0.0,0.0,0.0,,0,,
1373402,Silence Unseen,/xNFWhBFHB5fqUPSTgzcsLx6M3mw.jpg,0.0,0.0,0.0,,Poster features a person with sunglasses and a dark background.,0.0,0.0,0.0,0.0,0.0,,0,,
1382950,Maha Munjya,/oT8gql42lcUb0WMLTvuh0SJiC18.jpg,0.0,0.0,0.0,,,0.0,0.0,0.0,0.0,0.0,,0,,
1368769,Honeymoon,/qpRGqIXbktKgJ4c67KHOqcSkWJL.jpg,0.0,0.0,0.0,,poster shows no sensitive content,0.0,0.0,0.0,0.0,0.0,,0,,
1373173,Cold Hands,/eUxDzC7VH4YICHRntExX7ZxZg41.jpg,0.0,0.0,0.0,,Poster is a simple text graphic with no imagery.,0.0,0.0,0.0,0.0,0.0,,0,,
1382556,snow monster,/kZs2PkgMcXaaH1PP4L4t9z9ii9R.jpg,0.0,0.0,0.0,,poster shows faces and partial bodies only,0.0,0.0,0.0,0.0,0.0,,0,,
1379557,Spidal,/9b5PxWVZKo6anGC3yHkHJiOKTgz.jpg,0.0,0.0,0.0,,only the word 'spiddal' in yellow letters,0.0,0.0,0.0,0.0,0.0,,0,,
1375389,Spider Woman,/24xfHuxaZzXw2HIoEkJ05YiFIlF.jpg,0.0,0.0,0.0,,,0.0,0.0,0.0,0.0,0.0,,0,,
1383197,Dimples,/cOAIdjZDGmXmZFVakCkNUfgmGT1.jpg,0.0,0.0,0.0,,scary face on poster,0.0,0.0,0.0,0.0,0.0,,0,,
1380165,The Great Tokyo Yotsuya Ghost Story,/fg2vXBWLApEa5B4YIdXYEhZO7lX.jpg,0.0,0.0,0.0,,,0.0,0.0,0.0,0.0,0.0,,0,,
1373749,Intense Moment,/n6rWxPm2yZil4cGHq6HoBxlGGbU.jpg,0.0,0.0,0.0,,,0.0,0.0,0.0,0.0,0.0,,0,,
1390069,Deathfarm,/p3PFdSfcF7ZezOxOZAFe4hrx5Wo.jpg,0.0,0.0,0.0,,"faces with black dots, not blood or gore",0.0,0.0,0.0,0.0,0.0,,0,,
1391118,Trauma,/dzv5AHG8SKV1yvqjWwz0w5I1zyK.jpg,0.0,0.0,0.0,,"title of movie is trauma, but no depiction of trauma in poster",0.0,0.0,0.0,0.0,0.0,,0,,
1387485,Hell Is Other People,/14Ue8mO0XnSZQg9TpJpoCPzS0zF.jpg,0.0,0.0,0.0,,poster has no sensitive content,0.0,0.0,0.0,0.0,0.0,,0,,
1395083,Acid,/pvtF3RGqQ1QQfgCc121OKIu6eN7.jpg,0.0,0.0,0.0,,Poster contains no sensitive content.,0.0,0.0,0.0,0.0,0.0,,0,,
1398014,Prakambanam,/bExPPwAamQzVLtBnwEutiJ53jDZ.jpg,0.0,0.0,0.0,,,0.0,0.0,0.0,0.0,0.0,,0,,
1414507,Chuva,/L1M6aEr4Di9z7bgVcZMkwRHb06.jpg,0.0,0.0,0.0,,A child is shown with a serious expression.,0.0,0.0,0.0,0.0,0.0,,0,,
1383323,Gennaro,/3DFk8O6xJDOY9f4aCfh1nskzepS.jpg,0.0,0.0,0.0,,"Abstract art, no recognizable people or objects.",0.0,0.0,0.0,0.0,0.0,,0,,
1432516,"Goke, Slime and Ooze",/cJ5GHwhsbys9c7wXBQvw2QQTQCX.jpg,0.9,0.9,0.0,violence|gore,graphic depiction of a child holding a bloody knife.,0.0,0.0,0.0,0.0,0.0,,1,nova_blood_gore>=0.5|nova_violence>=0.5,
1421764,Katsue-san Appears in Tokyo,/bNRrKJFxQEvJO66iR3etLnK4bMs.jpg,0.0,0.0,0.0,,,0.0,0.0,0.0,0.0,0.0,,0,,
1395668,Loons,/ekyFkhySXhgYkrHEDm5X7gnXjXH.jpg,0.0,0.0,0.0,,,0.0,0.0,0.0,0.0,0.0,,0,,
1385756,Despot,/fap49mSXVoR6921BF4u9ugIq46d.jpg,0.0,0.0,0.0,,,0.0,0.0,0.0,0.0,0.0,,0,,
1424826,Tokyo Evil Hotel,/lsxCvprjqONkqNPIINagHjSumNo.jpg,0.0,0.0,0.0,,scary face on poster is not gore or violence,0.0,0.0,0.0,0.0,0.0,,0,,
1436569,Corpo Vil,/cG63szFYFITIAqafua2H5dRn5fX.jpg,0.0,0.0,0.0,,,0.0,0.0,0.0,0.0,0.0,,0,,
1436194,Runaway Valley,/zl96Y8arbAytJyu9YIw2oCqOykJ.jpg,0.0,0.0,0.0,,,0.0,0.0,0.0,0.0,0.0,,0,,
1443084,MORTIS,/kcTROq1tv3h4xke3KldYBZUuaax.jpg,0.0,0.0,0.0,,,0.0,0.0,0.0,0.0,0.0,,0,,
1435731,Gothica,/uSdc21Co76OpHRa5hvFLa2UbQJ9.jpg,0.0,0.0,0.0,,Gothic style and dark colors suggest a horror theme.,0.0,0.0,0.0,0.0,0.0,,0,,
1444302,Podres Alegorias,/6IszspLPL12Wr7e9xoOtw0rsaUq.jpg,0.0,0.0,0.0,,,0.0,0.0,0.0,0.0,0.0,,0,,
1452081,Exorcism Pre-Event,/j8EGm0lrseJDZTooqAfjnGeCMEp.jpg,0.0,0.0,0.0,,,0.0,0.0,0.0,0.0,0.0,,0,,
1452443,Kaiki Hyakumonogatari: Minna Shineba Iinda,/llMhgk7gDVoK8BfLt65uUM5UEnh.jpg,0.0,0.0,0.0,,poster for a horror film,0.0,0.0,0.0,0.0,0.0,,0,,
1436243,Spookslayers,/gQUAUPsEa20Nm4muI5PZ06shx1C.jpg,0.5,0.5,0.0,gore|occult,Poster depicts blood and a supernatural theme.,0.0,0.0,0.0,0.0,0.0,,1,nova_blood_gore>=0.5|nova_violence>=0.5,
1433843,Sodom-Akne,/11mVlreeHEX2qDO4v97JO1YAwSN.jpg,0.0,0.0,0.0,,The image is a logo with no sensitive content.,0.0,0.0,0.0,0.0,0.0,,0,,
1457403,Toucan,/koN06MKF37LUCkxkD7Vtken6JCT.jpg,0.0,0.0,0.0,,tattoo on man's arm,0.0,0.0,0.0,0.0,0.0,,0,,
1430915,QIJE,/i1ikjiEwK99KmekqHOUPhpamvAH.jpg,0.0,0.0,0.0,,,0.0,0.0,0.0,0.0,0.0,,0,,
1462822,DEATH SENTENCE: LUCIDITY,/wmIIJ5KqGAAv6TMHFmLmyWjaxx0.jpg,0.0,0.0,0.0,,A man drinking from a bottle.,0.0,0.0,0.0,0.0,0.0,Drinking:0.94|Alcohol Use:0.94|Alcohol:0.94,0,,
1371770,ALL YOUR DREAMS,/hUNkX2AGGtCCyv3bosuqi7l2nyL.jpg,0.0,0.0,0.0,,,0.0,0.0,0.0,0.0,0.0,,0,,
1464025,Labyrinth of Roses,/sNaKBXD9JZFts7ga3BVNc1kRVvw.jpg,0.0,0.0,0.0,,"poster art is not explicit, but may be suggestive",0.0,0.0,0.0,0.0,0.0,,0,,
1464715,Anatta,/wMtSkrOZaxme59oqf5jp8mEupzM.jpg,0.0,0.0,0.0,,"The poster features a dark, mysterious atmosphere with a silhouetted figure and candles, but no explicit sensitive content.",0.0,0.0,0.0,0.0,0.0,,0,,
1457820,Convalescent,/kkhnWHfOpgZC5gF6UqW0QIYL13O.jpg,0.0,0.0,0.0,,A woman is sitting on a bed in a white room.,0.0,0.0,0.0,0.0,0.0,,0,,
1482573,Raha's birthday,/chjSMTFnD4RMbpQYmnXJGZJzPl6.jpg,0.0,0.0,0.0,,,0.0,0.0,0.0,0.0,0.0,,0,,
1377705,White-haired Demon,/v0v8w4e0O01P8CbsL9tTsXCPSRG.jpg,0.0,0.0,0.0,,,0.0,0.0,0.0,0.0,0.0,,0,,
1478029,Snake Woman,/nAiJpgPEa97Ipeil0begvxsTvjf.jpg,0.0,0.0,0.0,,The image is a fantasy depiction with no explicit content.,0.0,0.0,0.0,0.0,0.0,,0,,
1484291,Derrière ses yeux,/es3iUYReVGQB08z0GFwDyn0heCh.jpg,0.0,0.0,0.0,,stylized poster with no explicit content,0.0,0.0,0.0,0.0,0.0,,0,,
1489389,Rosario,/qWw49026ZBHgDyCQRhStrZgMasm.jpg,0.0,0.0,0.0,,Abstract art with no recognizable sensitive content.,0.0,0.0,0.0,0.0,0.0,,0,,
1487691,Shemaleficent,/7F8Ebd3L3v3cqwFDfUtJJe61HUm.jpg,0.0,0.0,0.0,,scary face on poster is not gore or violence,0.0,0.0,0.0,0.0,0.0,,0,,
1495253,The Truth of Grimm Brothers' Fairy Tales,/a51I2Ta23EQW4RDcyVvsTb2tTrN.jpg,0.0,0.0,0.0,,the poster is not suggestive or gory,0.0,0.0,0.0,0.0,0.0,,0,,
1504708,Idol Horror Story,/wxh7ENCmUUgz7H30KUREN5De43X.jpg,0.0,0.0,0.0,occult,"scary face on poster, but no gore or violence",0.0,0.0,0.0,0.0,0.0,,0,,
1468846,Species,/fDvZvNmLIwUcKKQ4Cfb6TmQJM7M.jpg,0.0,0.0,0.0,,The word 'sanguine' is written in blood-like red veins on a person's back.,0.4655,0.8112,0.0,0.0,0.0,Self-Harm:0.81|Graphic Violence:0.81|Violence:0.81|Blood & Gore:0.47,1,rek_gore>=0.4|rek_violence>=0.4,
1505147,Ms. Kanyin,/txVsyqY3TV9ue7Afe1F4RjtQ4WQ.jpg,0.0,0.0,0.0,,poster depicts a horror movie with dark and intense imagery,0.0,0.0,0.0,0.0,0.0,,0,,
1499297,Abissal,/cAHbjtEG0gWTo6rF1TxQbHTzMBQ.jpg,0.0,0.0,0.0,,,0.0,0.0,0.0,0.0,0.0,,0,,
1485846,Tether,/xenybkWa8oabXfiCOkdymSYF7xW.jpg,0.0,0.0,0.0,,A woman's face is partially obscured by her hand.,0.0,0.0,0.0,0.0,0.0,,0,,
1510207,Vexo,/7smJDACtV1b7g0wkQfK8TMqNqtT.jpg,0.0,0.0,0.0,,,0.0,0.0,0.0,0.0,0.0,,0,,
1484731,Blood Stab,/4i46PIw7uI3ig5CNa4FztkpeJMd.jpg,0.9,0.9,0.9,violence|gore|nudity,poster depicts a graphic scene with blood and nudity,0.0,0.0,0.0,0.0,0.0,,1,nova_blood_gore>=0.5|nova_violence>=0.5|nova_sexual_content>=0.5,
1495718,Baljjeo,/xIxT1S2cxyT1szvCRh81iNe7wr5.jpg,0.0,0.0,0.0,,A cow is depicted in a person's eye.,0.0,0.0,0.0,0.0,0.0,,0,,
1506031,Capgras,/4ixSke99kyU9Q2YN2R4mOtl6sO.jpg,0.0,0.0,0.0,,A man is standing in a forest.,0.0,0.0,0.0,0.0,0.0,,0,,
1464606,Gage,/kumxEYQQy9aEhrhUuMlWxgeTXHL.jpg,0.0,0.0,0.0,,Close up of an eye with no other context.,0.0,0.0,0.0,0.0,0.0,,0,,
1515590,Madonna Non Grata,/8W3q2tugEVbxGA1I1K8Uc8itAFp.jpg,0.0,0.0,0.0,,poster is not gory or violent,0.0,0.0,0.0,0.0,0.0,,0,,
1489860,Homemade Gatorade,/ybnIvGUJAM0NrcbUzqfaHqkVvlu.jpg,0.0,0.0,0.0,,poster is not gory or violent,0.0,0.0,0.0,0.0,0.0,,0,,
1512881,Parasomnia,/fRbXeftJ6DhCUDxzGpBQp7Wuamw.jpg,0.0,0.0,0.0,,occult imagery,0.0,0.0,0.0,0.0,0.0,,0,,
1517538,"Fake Documentary ""Q"": House of Mirrors",/ofmS4QQtLNjIXmMhlNOeefaUcLL.jpg,0.0,0.0,0.0,,The image is a stylized logo with no sensitive content.,0.0,0.0,0.0,0.0,0.0,,0,,
1510954,Nuclear Death: Unalive in Texas,/4aEAno48uNhAByUbUiUjBQ9eeAh.jpg,0.0,0.0,0.0,,The image is a black and white drawing of a monster.,0.0,0.0,0.0,0.0,0.0,,0,,
1471061,Khel,/hPjEnQu893FVVD7a0KflBVYUZGm.jpg,0.0,0.0,0.0,occult,poster features occult symbols,0.0,0.0,0.0,0.0,0.0,,0,,
1516629,Kienai,/xD8YuFCZdP4J3XVrkne48wkNvOv.jpg,0.0,0.0,0.0,,,0.0,0.0,0.0,0.0,0.0,,0,,
1512454,Fake Documentary “Q”: Cursed Video,/yxalF3HYt8mDXRSJ7r5jYDK3SaB.jpg,0.0,0.0,0.0,,Abstract poster with no recognizable content.,0.0,0.0,0.0,0.0,0.0,,0,,
1526650,Mudborn,/laxF5iCQbfSqjDIsoaBOJtz2C1N.jpg,0.9,0.9,0.0,violence|gore,poster depicts blood and gore,0.0,0.0,0.0,0.0,0.0,,1,nova_blood_gore>=0.5|nova_violence>=0.5,
1543002,Prowl,/iRo2mxr2XI5A8h5nWX8AAFdLV8A.jpg,0.0,0.0,0.0,,"Close-up of an eye with glasses, no sensitive content.",0.0,0.0,0.0,0.0,0.0,,0,,
1540888,Buzzkill,/n6rJ5R97nde5IJgQGV06nDlQvpm.jpg,0.0,0.0,0.0,,artwork is a stylized face with no sensitive content,0.0,0.0,0.0,0.0,0.0,,0,,
1523101,Kyouhugekijyou-2,/cYMNvwmc8Xq40NtQrRVuy1rvy2p.jpg,0.0,0.0,0.0,,A horror movie poster with a scary face.,0.0,0.0,0.0,0.0,0.0,,0,,
1534873,L'Ouverture,/qs1FbzPc4KqWPVNs3FFDw96iIgT.jpg,0.0,0.0,0.0,,child in costume on throne with chains,0.0,0.0,0.0,0.0,0.0,,0,,
1547879,INSETTICIDA,/kClMXMEUvxpb0ypkfUNP9tf57tX.jpg,0.0,0.0,0.0,,Abstract image with no recognizable content.,0.0,0.0,0.0,0.0,0.0,,0,,
1545191,The Neighbors,/2yfZOKJvTL2ziM89xMBOgjvoCUN.jpg,0.0,0.0,0.0,,,0.0,0.0,0.0,0.0,0.0,,0,,
1541593,FANTOMA,/p3smkEetpnbo6hDcMEL0nnYOGS1.jpg,0.0,0.0,0.0,occult,poster features a skull and occult imagery,0.0,0.0,0.0,0.0,0.0,,0,,
1548135,Fake Documentary “Q”: Hidden Link,/e3Sa3YDekcpkJaSEdqb3lxnen2r.jpg,0.0,0.0,0.0,,,0.0,0.0,0.0,0.0,0.0,,0,,
1548140,Fake Documentary “Q”: Last Countdown,/8kq1iVmUf7jj4dX5pYBobf92YSJ.jpg,0.0,0.0,0.0,,Abstract logo with no sensitive content.,0.0,0.0,0.0,0.0,0.0,,0,,
1549019,Evil Night,/6lFa7raqSJKmz2gPXSGkKHRfKAG.jpg,0.0,0.0,0.0,,poster is not explicit or gory,0.0,0.0,0.0,0.0,0.0,,0,,
1573818,Stoneborn,/9sQDyDU86bldm7khWehylTbApj7.jpg,0.0,0.0,0.0,,,0.0,0.0,0.0,0.0,0.0,,0,,
1573115,The Craft,/lmowzXiYXGBRcqq0d4NueZHnfHT.jpg,0.0,0.0,0.0,,Poster is a simple text logo on black background.,0.0,0.0,0.0,0.0,0.0,,0,,
1548162,"Fake Documentary ""Q"": Passengers",/f9XIH2AwM5iNPltWHIn47SLim6b.jpg,0.0,0.0,0.0,,Poster is a logo with no explicit content.,0.0,0.0,0.0,0.0,0.0,,0,,
1549709,Pee Nak 5,/5DQKLf9J8AX74nGR7fNSE3CgV9Z.jpg,0.0,0.0,0.0,,A scary creature is depicted in the poster.,0.0,0.0,0.0,0.0,0.0,,0,,
1562657,Alheio,/2oLpvkOy0RVEN2ubn2lDnaamKBL.jpg,0.0,0.0,0.0,,Flame-like font may suggest fire or heat.,0.0,0.0,0.0,0.0,0.0,,0,,
1548166,"Fake Documentary ""Q"": Mother",/thGdZ3XI0YAJcll5FoxmO7qRAVw.jpg,0.0,0.0,0.0,,,0.0,0.0,0.0,0.0,0.0,,0,,
1554997,Lusco Fusco (episódio piloto),/oeODYBUwDlTB44yiDQux0FSEZky.jpg,0.0,0.0,0.0,,Abstract poster with no explicit content.,0.0,0.0,0.0,0.0,0.0,,0,,
1548185,"Fake Documentary ""Q"": September 23, 2023 Live Streaming",/8kq1iVmUf7jj4dX5pYBobf92YSJ.jpg,0.0,0.0,0.0,,Abstract logo with no sensitive content.,0.0,0.0,0.0,0.0,0.0,,0,,
1574119,Terrifying Ghost,/fEiLOFM8uboh4xsxYHVitFMZx7f.jpg,0.0,0.0,0.0,,,0.0,0.0,0.0,0.0,0.0,,0,,
1546959,Bia,/d2vjkOoELKX4drgCiDps7sXKKRh.jpg,0.0,0.0,0.0,,,0.0,0.0,0.0,0.0,0.0,,0,,
1568448,Ghost Coast,/cGkNW8LnPJdbiBQ4GVPK0pjJ8kd.jpg,0.0,0.0,0.0,,poster shows a man and a woman hugging,0.0,0.0,0.0,0.0,0.0,,0,,
1548141,Fake Documentary “Q”: Film Inferno,/8kq1iVmUf7jj4dX5pYBobf92YSJ.jpg,0.0,0.0,0.0,,Abstract logo with no explicit content.,0.0,0.0,0.0,0.0,0.0,,0,,
1558468,Shambhala,/toCKv7aKlAzYh0vyrrBZjuWGIMD.jpg,0.0,0.0,0.0,,torch and fire in a dark cave,0.0,0.0,0.0,0.0,0.0,,0,,
1562012,Inosculate,/6Kv8Mji4wNrGexXozSNWEXvvsZg.jpg,0.9,0.9,0.0,violence|gore,poster shows a mouth with blood and red text,0.0,0.0,0.0,0.0,0.0,,1,nova_blood_gore>=0.5|nova_violence>=0.5,
1581907,Thursday night,/fmW0vgiEh9nSa3KNSDSYeCQERFE.jpg,0.0,0.0,0.0,,poster depicts a horror theme with a hooded figure holding a scythe,0.0,0.0,0.0,0.0,0.0,,0,,
1593740,Cookie Cutter,/vE9LRapQREuBfaTQP4axbWeebh4.jpg,0.0,0.0,0.0,,,0.0,0.0,0.0,0.0,0.0,,0,,
1601123,Attrition,/tCmnqRa9AYORmRBmkB7oDcssQRG.jpg,0.0,0.0,0.0,,,0.0,0.0,0.0,0.0,0.0,,0,,
1580287,AHORA ES MÍA.,/viHmY8ExEKeYxzjJxeXD11Bzsd4.jpg,0.0,0.0,0.0,,the image is a movie poster with no sensitive content,0.0,0.0,0.0,0.0,0.0,,0,,
1603066,Ghost Festival in Zenjin Village,/6Te8Wo0e4BoqjjGdx0r9p8esBZ7.jpg,0.0,0.0,0.0,,a man holding a gun,0.0,0.946,0.0,0.0,0.0,Weapon Violence:0.95|Graphic Violence:0.95|Violence:0.95,1,rek_violence>=0.4,
1586663,Kamaro2,/pihcu4FFLBvALMAgBjXwp6gzcAD.jpg,0.0,0.0,0.0,,"A dark, dramatic poster with no explicit content.",0.0,0.0,0.0,0.0,0.0,,0,,
1608681,Fake Documentary “Q”: What The Deceased Left Behind,/8Zg3ERpSx2Ulhp1Sv9Oc4YKVMgw.jpg,0.0,0.0,0.0,,The image is a stylized movie poster with no sensitive content.,0.0,0.0,0.0,0.0,0.0,,0,,
1599018,Taiping Zhen Strange Tales,/8aomY66YB4tekIwRgJDFBDr9McH.jpg,0.0,0.0,0.0,,poster depicts a scary scene with skeletons and scary masks,0.0,0.0,0.0,0.0,0.0,,0,,
1595706,An Itch To Scratch,/qHjbnaCLPX76TJxGrFMXVaNMJNx.jpg,0.0,0.0,0.0,,Abstract poster with no recognizable content.,0.0,0.0,0.0,0.0,0.0,,0,,
1604634,The Bride of the Ghost Lake,/kr6McBZecqkntyHgx2d99G9Nzk8.jpg,0.0,0.0,0.0,,,0.0,0.0,0.0,0.0,0.0,,0,,
1605027,Bhadil Solval Bhadrakali,/vI01ScbtUhcorpXZBrjrdhwGFE8.jpg,0.0,0.0,0.0,,poster for a religious movie,0.0,0.0,0.0,0.0,0.0,,0,,
1605020,Ghost Reunion,/oYRAuOCPthudetXCNAUXlNCJjrd.jpg,0.0,0.0,0.0,,A man and woman embrace in a tender moment.,0.0,0.0,0.0,0.0,0.0,,0,,
1615800,Transformation,/61O9uctOY8bpAjSiT9sl5bEtZ4b.jpg,0.0,0.0,0.0,,,0.0,0.0,0.0,0.0,0.0,,0,,
1616160,Scorching,/mD0zg3lt7THaBfeuDsCybA7Ke2v.jpg,0.0,0.0,0.0,,A fetus is shown inside a cracked egg.,0.0,0.0,0.0,0.0,0.0,,0,,
1611879,AMOЯ,/neahwflfe3i40MITiaHscqXsPFo.jpg,0.0,0.0,0.0,,A woman's face is visible behind the title text.,0.0,0.0,0.0,0.0,0.0,,0,,
1594591,Kanimangalam Kovilakam,/7iCV99rBXcrU34AU8LAeUUOudHu.jpg,0.0,0.0,0.0,,three men standing behind a tombstone,0.0,0.0,0.0,0.0,0.0,,0,,
1616669,The Shed Part Two,/dlgQJXBCUCEQTKqBnEeYVqGdfEs.jpg,0.0,0.0,0.0,,cartoonish illustration of a man with a head injury,0.0,0.0,0.0,0.0,0.0,,0,,
1639958,Spiders on My Lashline,/qPab8yormBsJxU8LW9AVPU2dwCX.jpg,0.0,0.0,0.0,,"woman in bra top, but not overtly sexual",0.0,0.0,0.0,0.0,0.0,Non-Explicit Nudity of Intimate parts and Kissing:1.00|Non-Explicit Nudity:1.00|Exposed Male Nipple:1.00,0,,
1641286,POX,/fQUCWXg9mePSDKZWZBdqaMnks6O.jpg,0.0,0.0,0.0,,The poster features a house with a red and yellow symbol above it.,0.0,0.0,0.0,0.0,0.0,,0,,
1620810,IF I FLINCH I DIE,/vdADKzM9isEH7vNGfTuCNbwHDuk.jpg,0.0,0.0,0.0,,The image is a stylized poster with no explicit content.,0.0,0.0,0.0,0.0,0.0,,0,,
1655042,Gakkou No Yuurei,/2eJ8hqjXrfHDwEO9KBmBLCSfiKL.jpg,0.0,0.0,0.0,,,0.0,0.0,0.0,0.0,0.0,,0,,
1610847,Godflesh,/SY9BXtwvqGArdwDF9UlKoJKbzY.jpg,0.0,0.0,0.0,,The image is a simple drawing of a face.,0.0,0.0,0.0,0.0,0.0,,0,,
1671598,Only in Dreams,/rUBzRlVEEJ8Gu7VvrueyfsdVt4K.jpg,0.0,0.0,0.0,,Poster features a pair of headphones.,0.0,0.0,0.0,0.0,0.0,,0,,
1618858,NMB48 - Omowase Kousen,/jeBxKVH4oMmQxgm9Ka8uGul5EiW.jpg,0.0,0.0,0.0,,Animal print pattern on a magazine cover.,0.0,0.0,0.0,0.0,0.0,,0,,
1646124,Tiger's Rampage,/5baxI2CuEIrmyhTyLeVdO1IutIu.jpg,0.9,0.9,0.0,violence|gore,Poster depicts a tiger attacking a woman.,0.9677,0.9677,0.0,0.0,0.0,Blood & Gore:0.97|Graphic Violence:0.97|Violence:0.97,1,nova_blood_gore>=0.5|nova_violence>=0.5|rek_gore>=0.4|rek_violence>=0.4,
1666912,Avoidant Attachment,/Am4QCb9FjK8Epd0kYBierjq7JZ6.jpg,0.0,0.0,0.0,,,0.0,0.0,0.0,0.0,0.0,,0,,
1632504,The Fly: The Abyss of Mutation,/agyvp3tF993QXrKrbuVPDWRytBs.jpg,0.0,0.0,0.0,,poster shows three people with a giant insect,0.0,0.0,0.0,0.0,0.0,,0,,
1667911,Sonder,/q7lRb7qtJQ1HbQ8ghHWNhzO2ICK.jpg,0.0,0.0,0.0,,A man is sitting in a tunnel with graffiti on the walls.,0.0,0.0,0.0,0.0,0.0,,0,,
1660343,Ghostfluencer,/t9bwmdEIL0wF6nsUOo9jQZYsrW9.jpg,0.0,0.0,0.0,,,0.0,0.0,0.0,0.0,0.0,,0,,
1609610,GROT,/jaYKznABnQF3UgLtYJq2RrRh88y.jpg,0.0,0.0,0.0,,Abstract image with no recognizable content.,0.0,0.0,0.0,0.0,0.0,,0,,
1678353,|||||||||||||,/gT47KOFnEEDy4BeP7vmq2fOSI52.jpg,0.0,0.0,0.0,,,0.0,0.0,0.0,0.0,0.0,,0,,
1662415,SEPTICEMIA,/kUBqVasrM6uaNvjto6ry0wm570O.jpg,0.0,0.0,0.0,,"Poster shows a person with their head down, no visible face.",0.0,0.0,0.0,0.0,0.0,,0,,
1681429,BEAR TRAP,/y2Y7L85u4bPkMK8A0lb15mheAIy.jpg,0.0,0.0,0.0,,Poster is for a horror film but depicts no sensitive content.,0.0,0.0,0.0,0.0,0.0,,0,,
1692282,Krasny,/kYcWGQGu5QKp5nOlhkggnrPX2Ai.jpg,0.0,0.0,0.0,,Krasny is a Russian word meaning red.,0.0,0.0,0.0,0.0,0.0,,0,,
1679631,Red Dots,/4asQL6lKx98QVtLDR6ytAr2KBLo.jpg,0.0,0.0,0.0,,Abstract art with no recognizable objects or themes.,0.0,0.0,0.0,0.0,0.0,,0,,
1641251,ghoststory,/vKfDVQK9hDnqL8JXRFhqB4PPmBZ.jpg,0.0,0.0,0.0,,,0.0,0.0,0.0,0.0,0.0,,0,,
1651542,McKenzie,/yMYgmt7PN8rF41iIBojv5wHDQAP.jpg,0.0,0.0,0.0,,poster for a horror movie,0.0,0.0,0.0,0.0,0.0,,0,,
1693703,Suture,/82ASslUZdIzAJzgS4zJPK1oWo3N.jpg,0.0,0.0,0.0,,,0.0,0.0,0.0,0.0,0.0,,0,,
1687144,Skotos,/2G9k4XFP3LnBbaUh9Bv3v9GjNU6.jpg,0.0,0.0,0.0,,,0.0,0.0,0.0,0.0,0.0,,0,,
1686347,In Your Eye,/emgSsNIlBkCpTHKB56MKr69VASF.jpg,0.0,0.0,0.0,,Close-up of an eye with text overlay.,0.0,0.0,0.0,0.0,0.0,,0,,
1699637,Siren,/5LIfj48XudmdOW4p8BbHkvAuu6N.jpg,0.0,0.0,0.0,,A fire is shown in the poster.,0.0,0.0,0.0,0.0,0.0,,0,,
1678298,The Waiter,/lcS3fDlIqQntdaV2XRcmGRt5huR.jpg,0.0,0.0,0.0,,knife in image is not gory,0.0,0.8074,0.8074,0.0,0.0,Weapons:0.81|Violence:0.81,1,rek_violence>=0.4,
1695900,The Charybdis,/4eXVuy8ZhFtqWBn2So7PbIlqPeA.jpg,0.0,0.0,0.0,,,0.0,0.0,0.0,0.0,0.0,,0,,
1706847,"""YOU""",/v4VzufNy5Siv9mnXez3qwgM9Ocg.jpg,0.0,0.0,0.0,,a red cartoon devil with a pitchfork,0.0,0.0,0.0,0.0,0.0,,0,,
1689919,Wraith,/8irtZEzXXQogSFk9j6q6R726EIi.jpg,0.0,0.0,0.0,,A person in a mask is peeking out of a door.,0.0,0.0,0.0,0.0,0.0,,0,,
1713161,Màcula,/l5yeQVRLx8UxTQrWPyvDr2Xl6dI.jpg,0.0,0.0,0.0,,artistic text with a heart symbol,0.0,0.0,0.0,0.0,0.0,,0,,
1703686,Mauviette,/kQke1ThtMzsfNaZDaNBmdYaCEVb.jpg,0.0,0.0,0.0,,a child wrapped in a blanket,0.0,0.0,0.0,0.0,0.0,,0,,
1707927,Aaahladam,/4iqSeODQShVu0Iwx3qDezrfgIn2.jpg,0.0,0.0,0.0,,Poster is dark and moody but does not depict sensitive content.,0.0,0.0,0.0,0.0,0.0,,0,,
1718361,DOOM,/gwohQcWOxC6lBpKVqBFdsIl5eb8.jpg,0.0,0.0,0.0,,Abstract poster with no recognizable content.,0.0,0.0,0.0,0.0,0.0,,0,,
1709191,Contagious Story - The Psychic Girl,/vyM0sEv2FsvVtLVgRHBBLBeugI8.jpg,0.0,0.0,0.0,,,0.0,0.0,0.0,0.0,0.0,,0,,
1711400,NADA,/gCSU1moukw3bUzZZKsoz723r9qU.jpg,0.0,0.0,0.0,,,0.0,0.0,0.0,0.0,0.0,,0,,
1722702,Devour,/3wTdJfHJCWdsIbRdupPFZTtFiv.jpg,0.0,0.0,0.0,,"The word 'devour' is written in red, but no other sensitive content is present.",0.7734,0.7734,0.0,0.0,0.0,Blood & Gore:0.77|Graphic Violence:0.77|Violence:0.77,1,rek_gore>=0.4|rek_violence>=0.4,
1729035,Violent World News,/jD71zmqQXt2RD7hjaB70R0KRiOj.jpg,0.0,0.0,0.0,,,0.0,0.0,0.0,0.0,0.0,,0,,
1723487,RIPS,/nyq4jmrJQCCNDdQlxv417Lql9VW.jpg,0.0,0.0,0.0,,a weapon is present but not used,0.0,0.0,0.0,0.0,0.0,,0,,
1731223,Beating the fear of Jinn into me,/vfJtuIw44L7Oy3kFoxQSBGbCwQe.jpg,0.0,0.0,0.0,,,0.0,0.0,0.0,0.0,0.0,,0,,
1732619,Cuentos de la Villa: La Tarde de los Muertos Vivos,/pYrp6cOkW2gWkeB43pbSdH4VFrW.jpg,0.0,0.0,0.0,,Spanish text on a newspaper.,0.0,0.0,0.0,0.0,0.0,,0,,
1730756,Folk Mysteries Record (宋家镇怪谈),/5oPj8CMOLyaRyLJmN0g4EeMWlcy.jpg,0.0,0.0,0.0,,"The poster depicts a man holding a sword and lantern, with a dark and eerie background, but no explicit gore or violence.",0.0,0.0,0.0,0.0,0.0,,0,,
1720185,Seven Wonders of the Main Place of Edo,/sMhv2HU0Yc3tyCNA7LK4NfsCpEN.jpg,0.0,0.0,0.0,,anime style poster with no disturbing content,0.0,0.0,0.0,0.0,0.0,,0,,
1739209,Rotten,/gPUyvetnV7zyA4HakbprbIBS42A.jpg,0.0,0.0,0.0,,the word rotten is spelled out in small bones,0.0,0.0,0.0,0.0,0.0,,0,,
1730762,SkinDeep,/gTZsP2XoenxTctbAnd31zAPW5J8.jpg,0.9,0.9,0.0,violence|gore,"Poster features a close-up of a bloody, mutilated face.",0.0,0.0,0.0,0.0,0.0,,1,nova_blood_gore>=0.5|nova_violence>=0.5,
1722502,Dishti Bomma,/esK2v099nTxqHJIk5LS29CaJwkK.jpg,0.0,0.0,0.0,,scary face on poster is not gory,0.0,0.0,0.0,0.0,0.0,,0,,
1722717,Gore,/vekNEH9rCGsxqtPbItdiPRbrLu.jpg,0.0,0.0,0.0,,The word 'gore' is present but does not depict graphic content.,0.0,0.0,0.0,0.0,0.0,,0,,
1733718,Lethe,/b0md14ikOMJ8kgKX9jFr6m0hdKS.jpg,0.1,0.1,0.0,violence,blood on the snow in the background,0.0,0.0,0.0,0.0,0.0,,0,,
