id,text,lang_code,lang_score
3006,,,0.0
19205,CTHULHU,en,0.2926
27726,Q,en,0.5
40351,淫屍戲血,zh-TW,1.0
55142,เคอระไชวินใก,th,1.0
73179,Haunted Gold,en,0.9705
88780,,,0.0
100480,食,zh,1.0
145996,鬼見你,zh-TW,1.0
171367,the jar,en,0.9964
212930,theRitual,en,0.7879
245492,geethanjali,en,0.5769
255537,ASHES OF DOOM,en,0.9632
266501,,,0.0
282443,,,0.0
300584,,,0.0
317578,HAPLÓS,ca,0.5403
322530,情意啊動合,zh-TW,1.0
330163,Gorilla,en,0.5105
337029,FRANKENSTEIN,en,0.718
348125,,,0.0
361988,,,0.0
376094,Doomed Disaster,en,0.978
386396,,,0.0
392569,Aadupuliyattam,tk,0.3223
399701,,,0.0
406591,触感ハンター,ja,1.0
419391,,,0.0
424650,,,0.0
440255,,,0.0
447724,,,0.0
450934,목두기 비디오,ko,0.8571
458716,Juego de Niñas,es,0.9847
465996,,,0.0
470757,,,0.0
479876,EMMA,en,0.4141
482435,,,0.0
484393,,,0.0
485751,AGONY,en,0.9177
491564,,,0.0
502617,,,0.0
507961,,,0.0
514101,سفير الجحيم,ar,1.0
516182,,,0.0
524086,,,0.0
527780,,,0.0
529438,,,0.0
533565,,,0.0
542104,Kinavalli,uz,0.4213
548027,,,0.0
553530,,,0.0
557932,,,0.0
565851,,,0.0
568649,,,0.0
578443,,,0.0
583016,,,0.0
591309,,,0.0
601683,,,0.0
606373,,,0.0
609374,,,0.0
617761,,,0.0
630979,,,0.0
639283,,,0.0
643213,,,0.0
644686,,,0.0
652794,,,0.0
657625,,,0.0
662521,,,0.0
666771,H.I.M.,en,0.9997
670638,,,0.0
676285,,,0.0
679985,,,0.0
687766,,,0.0
690131,,,0.0
690799,,,0.0
694556,,,0.0
702649,,,0.0
717972,FLICK,en,0.8947
720667,,,0.0
726025,,,0.0
728295,,,0.0
730103,人間蒸発,zh-TW,1.0
734878,,,0.0
738796,,,0.0
743964,,,0.0
747005,,,0.0
750923,,,0.0
753328,,,0.0
757173,,,0.0
762655,,,0.0
764309,,,0.0
766309,,,0.0
770632,,,0.0
774559,,,0.0
781004,,,0.0
787046,,,0.0
791907,,,0.0
795952,,,0.0
796571,,,0.0
797932,,,0.0
800474,,,0.0
806892,,,0.0
812657,,,0.0
816519,,,0.0
821501,Shapeless,en,0.9814
826099,,,0.0
830358,,,0.0
836519,恐怖新聞,zh-TW,1.0
842120,腐れ女,zh,1.0
848483,P L O V E,en,0.9589
850127,GH5,en,0.4357
853034,,,0.0
855302,鬼魅情缘,zh,1.0
858270,,,0.0
864237,,,0.0
874051,,,0.0
877832,BUCKJONUN,tr,0.7248
881906,,,0.0
886218,,,0.0
893028,,,0.0
897874,,,0.0
904633,,,0.0
912163,,,0.0
923635,シンホロラ,ja,1.0
931099,,,0.0
933224,,,0.0
937747,,,0.0
940754,,,0.0
943003,,,0.0
948124,,,0.0
953160,元市さん,ja,1.0
955672,,,0.0
960678,,,0.0
967588,,,0.0
970324,,,0.0
975078,,,0.0
977647,,,0.0
979737,,,0.0
983565,恐怖動画16,zh-TW,1.0
989253,,,0.0
994138,PARK NATURE,en,0.9262
997833,,,0.0
1005014,,,0.0
1013699,,,0.0
1016385,,,0.0
1021742,,,0.0
1023947,,,0.0
1028999,,,0.0
1034590,virupaksha,en,0.3766
1041478,,,0.0
1047810,,,0.0
1049324,,,0.0
1054022,呪怨日本地図!!杉沢村の呪いを追え,ja,1.0
1059537,KILL TIME,en,0.9979
1067138,踊るお嬢様,ja,1.0
1074246,,,0.0
1078307,,,0.0
1078664,,,0.0
1082779,,,0.0
1085694,,,0.0
1090518,Karungaapiyam,id,0.8478
1093850,,,0.0
1097135,,,0.0
1101683,BiPOLARIS,sv,0.4691
1103985,"パチンコ
女の仇討",ja,0.8889
1110645,,,0.0
1114142,,,0.0
1118367,IDA,mg,0.1919
1121405,,,0.0
1125585,都市伝説 零子學園,zh-TW,0.8889
1131806,,,0.0
1139141,,,0.0
1143007,血を吸う笛,zh,0.9876
1146542,,,0.0
1149695,,,0.0
1151740,,,0.0
1157708,,,0.0
1162936,BABUSHKA,en,0.9157
1166947,鬼校,zh,1.0
1171300,,,0.0
1173168,,,0.0
1174247,鬼橋,zh-TW,1.0
1179402,don khamod,en,0.9307
1180529,สูกระนางราก,th,1.0
1184925,MIDNIGHT OXYGEN,en,0.9406
1189888,,,0.0
1195581,,,0.0
1199073,魔男的蛇,zh,1.0
1201038,,,0.0
1203676,,,0.0
1206990,,,0.0
1211305,,,0.0
1218320,,,0.0
1221579,,,0.0
1227615,,,0.0
1230992,,,0.0
1232818,DESINT'GRATION,en,0.6068
1238437,,,0.0
1241689,,,0.0
1244831,親きあな4,ja,1.0
1249052,京都多電マプ400年的没子,zh-TW,1.0
1255394,,,0.0
1260835,777,en,0.01
1263175,,,0.0
1267079,,,0.0
1271607,"the title text you actually see on the poster, or empty if none",en,0.9975
1277003,,,0.0
1280889,,,0.0
1282649,,,0.0
1287099,,,0.0
1290310,,,0.0
1293300,,,0.0
1296035,shadow people,en,0.9917
1300785,,,0.0
1302691,,,0.0
1306119,人喰い鮫　女,ja,1.0
1308382,おうりりりん,ja,1.0
1311483,,,0.0
1315058,,,0.0
1317033,DEAD FISH,en,0.9954
1318016,,,0.0
1320176,,,0.0
1321069,吸血鬼尖叫,zh,1.0
1321870,,,0.0
1326334,,,0.0
1333104,SNAKE BITE,en,0.9941
1340233,TENTBURNER,en,0.414
1351919,,,0.0
1356347,,,0.0
1361326,,,0.0
1365594,,,0.0
1368769,ହନିମୁନ,or,1.0
1372678,,,0.0
1374642,,,0.0
1377383,,,0.0
1379708,,,0.0
1381901,,,0.0
1383676,,,0.0
1389323,,,0.0
1393570,,,0.0
1395464,,,0.0
1398014,jaa mimo,id,0.2562
1410067,,,0.0
1414507,CHUVA,pt,0.9975
1417605,,,0.0
1424738,,,0.0
1432204,,,0.0
1434208,,,0.0
1436678,,,0.0
1443311,,,0.0
1452443,白馬百物言：みんな效れだいいんだ,ja,1.0
1457768,,,0.0
1460221,,,0.0
1464715,anatta,tr,0.2451
1468983,,,0.0
1475943,,,0.0
1483306,,,0.0
1486442,,,0.0
1492155,,,0.0
1495444,,,0.0
1499297,,,0.0
1504654,,,0.0
1506848,,,0.0
1510606,,,0.0
1515590,MADONNA NON GRATA,en,0.5557
1519482,BARDENSRA,no,0.3144
1526650,Mudborn,en,0.8157
1534873,L'OUVERTURE,fr,0.8976
1539577,,,0.0
1543356,,,0.0
1545985,,,0.0
1548140,Q,en,0.5
1550772,,,0.0
1553496,,,0.0
1558386,,,0.0
1563145,,,0.0
1568165,,,0.0
1571063,,,0.0
1574119,恐怖的鬼,zh,1.0
1577795,,,0.0
1581907,شب پنجشنبه,fa,0.9949
1586304,,,0.0
1593094,,,0.0
1596328,,,0.0
1600449,,,0.0
1604118,,,0.0
1606966,,,0.0
1610761,,,0.0
1615800,TRANSFORMATION,en,0.9542
1620810,IF I FLINCH I DIE,en,0.993
1624511,,,0.0
1630858,,,0.0
1633413,,,0.0
1638902,,,0.0
1642649,,,0.0
1647795,,,0.0
1651069,,,0.0
1655224,,,0.0
1659112,,,0.0
1662415,SEPTICEMIA,en,0.7753
1666010,,,0.0
1671319,,,0.0
1678298,the waiter,en,0.9999
1684132,,,0.0
1689484,,,0.0
1692531,,,0.0
1699043,,,0.0
1701304,,,0.0
1705345,,,0.0
1708324,,,0.0
1713161,Mácula,pt,0.4906
1716508,,,0.0
1721011,,,0.0
1722502,Dishti Bomma,en,0.257
1725794,,,0.0
1732268,,,0.0
1736769,,,0.0
1740656,,,0.0
9095,Mary Reilly,en,0.6539
20015,KM31,vi,0.2181
28454,CTHULHU MANSION,en,0.5637
40368,NIGHTMARE,en,0.9675
56328,2002,en,0.01
77483,Dunderland,en,0.6843
88784,,,0.0
106569,鬼,zh,1.0
151022,雷りスト,ja,1.0
174838,,,0.0
227992,Necronomica,en,0.4768
246548,,,0.0
256030,MUCK,en,0.9821
266539,仮面ライダーアマゾン,ja,1.0
283419,地獄の島,ja,1.0
301992,PRISON PIT,en,0.9129
317712,さよならの・イー,ja,1.0
324021,姫路城の物語,ja,1.0
330291,,,0.0
337085,E2TRANGED,en,0.9828
352675,pakalpooram,en,0.3783
363164,,,0.0
377409,Killer,en,0.9204
387063,,,0.0
392595,,,0.0
400342,,,0.0
409330,,,0.0
420674,,,0.0
426063,nosferatu,en,0.5228
440444,PIERCING,en,0.4041
447726,,,0.0
451331,,,0.0
458971,,,0.0
466088,,,0.0
473729,,,0.0
480002,,,0.0
482531,,,0.0
484394,,,0.0
485789,భాగమ్మతీ,te,1.0
493198,,,0.0
502755,,,0.0
508385,,,0.0
514233,,,0.0
516327,,,0.0
524138,,,0.0
528146,Aathma Bandhana,en,0.7458
529717,,,0.0
534161,單身男女,zh-TW,1.0
542274,Abhisaarike,en,0.4295
548784,天皆女子,zh,1.0
553880,,,0.0
558510,,,0.0
566025,,,0.0
569329,,,0.0
578469,,,0.0
584466,"the title text you actually see on the poster, or empty if none",en,0.9975
592912,,,0.0
603431,,,0.0
606519,,,0.0
611636,stucco,en,0.921
617935,,,0.0
632259,RETCH,en,0.999
639495,CHLOROFORMED,en,0.7556
643375,,,0.0
647156,,,0.0
652823,,,0.0
657877,,,0.0
663016,,,0.0
667098,,,0.0
671078,,,0.0
676291,,,0.0
680094,,,0.0
687794,,,0.0
690135,,,0.0
691155,,,0.0
694951,,,0.0
705279,,,0.0
718859,,,0.0
721139,,,0.0
726031,,,0.0
728308,,,0.0
730375,静かな怪しい午後に,ja,1.0
735012,,,0.0
739591,,,0.0
744447,,,0.0
747521,,,0.0
751365,,,0.0
753337,,,0.0
757854,,,0.0
762660,,,0.0
764794,,,0.0
767152,Stiff,en,0.8478
770973,,,0.0
774629,,,0.0
782214,,,0.0
787760,,,0.0
791908,,,0.0
795962,ゾンミちゃん,ja,1.0
797006,,,0.0
797937,,,0.0
800984,BUSSY,en,0.5343
809570,,,0.0
812694,,,0.0
817170,,,0.0
822821,Breus Reuces,fr,0.2198
826863,,,0.0
831012,,,0.0
836525,,,0.0
843290,,,0.0
849046,,,0.0
850236,chuzhal,en,0.8482
853688,,,0.0
855472,,,0.0
859659,,,0.0
865949,,,0.0
874995,,,0.0
878720,,,0.0
882186,,,0.0
886638,,,0.0
893335,,,0.0
898348,,,0.0
906200,,,0.0
912650,MORTUS,en,0.5032
926070,,,0.0
931317,,,0.0
933246,,,0.0
938133,N°·°·°,lt,0.3796
940972,,,0.0
943034,,,0.0
949909,Kuntilanak 3,id,0.7844
953714,,,0.0
955715,,,0.0
961652,,,0.0
967810,,,0.0
972988,,,0.0
976532,,,0.0
977648,,,0.0
980677,,,0.0
983581,恐怖の東京ビデオ17,ja,1.0
991544,,,0.0
994633,,,0.0
999287,,,0.0
1005559,,,0.0
1013854,ALANA,en,0.6124
1017030,,,0.0
1021798,,,0.0
1024207,,,0.0
1029683,,,0.0
1034771,,,0.0
1041554,,,0.0
1048107,,,0.0
1049608,恐怖の東京ビデオ21,ja,1.0
1054285,修羅の国,ja,1.0
1060195,,,0.0
1067509,,,0.0
1074249,,,0.0
1078317,,,0.0
1079740,,,0.0
1083022,,,0.0
1086046,腐った幽霊,ja,1.0
1091407,Blood Lust,en,0.9659
1094113,,,0.0
1097612,新本米之三姑,zh,1.0
1101703,新开心鬼,zh,1.0
1105435,MEAT,en,0.9886
1110649,,,0.0
1114750,NIEMAND,de,0.6512
1118857,,,0.0
1121432,Phoenix,en,0.6142
1125649,,,0.0
1133248,,,0.0
1140480,電机思人,zh-TW,1.0
1143697,,,0.0
1146575,PAKULTANAHJAWA,et,0.4219
1149701,,,0.0
1151937,,,0.0
1158484,TREES,en,0.9869
1163427,JOHNNY ANTHOJOHNNY,en,0.7098
1167764,,,0.0
1171889,,,0.0
1173275,,,0.0
1174342,热情,zh,1.0
1179549,เทพเจ้าแห่งความตาย,th,1.0
1180756,krai thong,en,0.324
1185377,,,0.0
1190772,,,0.0
1196070,,,0.0
1199122,恐怖実話 呪い,ja,1.0
1201188,,,0.0
1204029,,,0.0
1206993,,,0.0
1211899,,,0.0
1219673,,,0.0
1222617,,,0.0
1227630,,,0.0
1231045,OTIS,en,0.2004
1233557,,,0.0
1238742,,,0.0
1242176,,,0.0
1245162,,,0.0
1249591,恐怖心霊動画 怨霊,zh-TW,0.8889
1255452,毒劇!呪いの心霊スポット極楽,ja,1.0
1261094,,,0.0
1263426,天地正义,zh,1.0
1267153,,,0.0
1272300,FORECLOSURE 2,en,0.991
1277901,,,0.0
1281250,,,0.0
1284281,,,0.0
1287123,,,0.0
1290430,,,0.0
1293317,CREATURE,en,0.9904
1296590,,,0.0
1300942,,,0.0
1304559,Columnas de Sangre,es,0.8731
1306511,,,0.0
1308384,,,0.0
1312549,,,0.0
1315445,画皮,zh,1.0
1317072,,,0.0
1318113,,,0.0
1320348,,,0.0
1321070,,,0.0
1322696,,,0.0
1327426,,,0.0
1334664,PHENOMENON,en,0.9828
1341041,"鬼片
靈異",zh-TW,0.8
1352257,,,0.0
1356353,,,0.0
1361397,,,0.0
1365751,,,0.0
1368953,,,0.0
1372692,,,0.0
1375238,,,0.0
1377690,首無島,zh-TW,1.0
1379716,,,0.0
1382321,,,0.0
1385721,,,0.0
1389968,,,0.0
1393895,,,0.0
1395614,,,0.0
1398734,,,0.0
1410549,,,0.0
1414671,,,0.0
1418444,,,0.0
1424826,東京惡靈旅館,zh-TW,1.0
1432516,"Goke, Bodysnatcher from Hell",en,0.8313
1434418,,,0.0
1438780,,,0.0
1444302,Podres Alegorias,pt,0.6946
1453271,,,0.0
1457820,convalescent,en,0.9214
1460589,,,0.0
1464992,,,0.0
1471061,Khel,en,0.2649
1478029,"蛇
神",zh,0.6667
1483428,,,0.0
1487210,,,0.0
1492635,,,0.0
1495718,BALJJEO,es,0.9292
1499799,,,0.0
1504677,,,0.0
1506946,,,0.0
1510609,,,0.0
1516591,,,0.0
1520017,,,0.0
1529067,,,0.0
1535813,,,0.0
1540162,,,0.0
1544051,,,0.0
1546574,,,0.0
1548141,Q,en,0.5
1550778,,,0.0
1553741,,,0.0
1558468,Shambhala,en,0.5842
1563653,,,0.0
1568448,鬼泣海岸,zh,1.0
1571171,,,0.0
1574634,,,0.0
1579014,,,0.0
1582037,,,0.0
1586421,,,0.0
1593740,COOKIE CUTTER,en,0.9632
1598383,Aphorisms of the Circus,en,0.9672
1601123,Attrition,en,0.9533
1604555,,,0.0
1607008,,,0.0
1610847,GONFLESH,fr,0.7398
1616160,Scorching,en,0.992
1621268,,,0.0
1624513,,,0.0
1630859,,,0.0
1633457,,,0.0
1639192,,,0.0
1642656,,,0.0
1648343,,,0.0
1651331,,,0.0
1656117,,,0.0
1659315,,,0.0
1662480,,,0.0
1666912,AVOIDANT ATTACHMENT,en,0.8499
1671363,,,0.0
1678301,,,0.0
1685843,,,0.0
1689911,,,0.0
1692539,,,0.0
1699061,,,0.0
1701314,,,0.0
1706830,,,0.0
1708493,,,0.0
1713418,,,0.0
1718361,DOOM,en,0.8606
1721262,,,0.0
1722702,DEVOUR,en,0.9302
1727347,,,0.0
1732440,僵尸国度,zh,1.0
1737111,,,0.0
1742312,,,0.0
9669,RING,en,0.9105
20215,BOO,en,0.9937
28780,the deathmaster,en,0.9855
47957,MADMAN,en,0.5202
56915,BLOWN,en,0.9993
79624,,,0.0
90063,VAMPIRES IN HAVANA,en,0.9466
123107,Hellbenders,en,0.9605
152357,Kana Kanmani,id,0.3264
194759,Reel Horror,en,0.8115
233203,女衛刀,zh-TW,1.0
250417,CLAY,en,0.8586
257567,消えた７日間,ja,1.0
269588,km31,vi,0.2181
285981,,,0.0
306951,,,0.0
317873,DTM,no,0.1732
327568,,,0.0
330425,Kanchana 2,en,0.6136
343041,,,0.0
353127,,,0.0
369452,SQUID,en,0.8702
377787,,,0.0
387737,マリアの胃袋,ja,1.0
394860,GRIMEWAVE,en,0.9218
401560,,,0.0
411279,,,0.0
421197,phinfathan,de,0.3862
426293,,,0.0
443151,,,0.0
447728,,,0.0
452250,Sivalinga,en,0.3753
459856,,,0.0
466266,,,0.0
473786,,,0.0
480406,AÇÚCAR,pt,0.9995
482919,匿名電話,zh-TW,1.0
484396,,,0.0
486515,,,0.0
494445,BLOODRAPE,en,0.9102
505330,,,0.0
508388,,,0.0
514277,MARA,tl,0.196
517226,,,0.0
524432,,,0.0
528325,,,0.0
530253,,,0.0
534478,,,0.0
542580,13 INVESTIGATION,en,0.9744
549707,,,0.0
555455,,,0.0
558899,,,0.0
566325,,,0.0
570453,,,0.0
578897,,,0.0
584682,Daydream,en,0.7522
592989,,,0.0
603644,,,0.0
607137,momo,en,0.3119
612811,凌遲——一張歷史照片的回聲,zh-TW,1.0
622488,魚克のキタロ　大外魚戦争,ja,1.0
634171,,,0.0
639571,,,0.0
643377,,,0.0
648473,,,0.0
653355,,,0.0
657891,,,0.0
664049,JASU,sl,0.2664
667459,,,0.0
672043,,,0.0
676292,,,0.0
680793,,,0.0
687859,,,0.0
690136,,,0.0
691223,,,0.0
695256,,,0.0
706199,,,0.0
719276,,,0.0
722635,,,0.0
726062,,,0.0
728872,,,0.0
730627,,,0.0
735504,,,0.0
741592,cyst,cy,0.5686
745047,,,0.0
747923,,,0.0
751401,,,0.0
753726,,,0.0
758547,,,0.0
762741,,,0.0
764923,知たくのあって学校雲堂,ja,1.0
767243,OPTICA,nl,0.2151
771266,,,0.0
775381,,,0.0
782575,,,0.0
788376,,,0.0
792505,,,0.0
795987,,,0.0
797047,,,0.0
798823,,,0.0
801527,,,0.0
809703,,,0.0
812822,FEAST OF BURDEN,en,0.9912
817514,,,0.0
823491,OUT OF DARKNESS,en,0.9917
827797,,,0.0
831186,REPUGNANT MUTILATION,en,0.8779
836795,,,0.0
843784,,,0.0
849268,,,0.0
850372,S,en,0.9245
853979,,,0.0
856091,,,0.0
860458,HOMUNCULUS,en,0.7989
868551,,,0.0
875137,,,0.0
878844,,,0.0
882218,WOLFUP,en,0.4006
887924,,,0.0
893439,,,0.0
899123,,,0.0
910807,FURT,pl,0.2433
917791,,,0.0
926074,,,0.0
931325,,,0.0
934630,,,0.0
938251,,,0.0
941189,HAB,es,0.1195
943600,,,0.0
950778,,,0.0
954439,,,0.0
958590,,,0.0
963824,,,0.0
967814,,,0.0
973120,,,0.0
977500,,,0.0
977649,,,0.0
980702,,,0.0
985615,,,0.0
991825,,,0.0
994640,,,0.0
999981,,,0.0
1006930,,,0.0
1013870,KIDS VS ALIENS,en,0.969
1017612,知らない世界のミステリアスな恋,ja,1.0
1022680,,,0.0
1027409,,,0.0
1029686,,,0.0
1035936,,,0.0
1042720,SYMPATHY FOR THE DEVIL,en,0.9608
1048140,,,0.0
1049935,東京残酷映像23,zh-TW,1.0
1054626,the bhootnii,en,0.4524
1061032,,,0.0
1068425,,,0.0
1074648,,,0.0
1078318,,,0.0
1079928,,,0.0
1083771,江戸 女犯 責め 絵巻,ja,1.0
1086851,,,0.0
1091669,,,0.0
1094206,,,0.0
1098173,,,0.0
1102006,,,0.0
1106982,,,0.0
1111255,,,0.0
1115700,,,0.0
1118899,Liminal,en,0.7937
1121583,,,0.0
1126010,,,0.0
1134427,,,0.0
1140766,,,0.0
1144719,おかむろさん,ja,1.0
1146740,,,0.0
1150649,访客,zh,1.0
1151960,鬼殺,zh-TW,1.0
1159534,,,0.0
1164853,அங்காரகன்,ta,1.0
1168088,,,0.0
1172010,,,0.0
1173424,,,0.0
1174494,,,0.0
1179729,Pi Kaew Nang Hong,tl,0.6095
1180853,Autorretrato,es,0.9138
1185950,,,0.0
1190953,MASSAGER WITHINISTER,en,0.6931
1198050,木霊の森,ja,0.9999
1199364,,,0.0
1201198,,,0.0
1204908,新解釈・番町皿屋敷,zh,1.0
1207227,,,0.0
1213180,,,0.0
1220252,,,0.0
1223546,,,0.0
1228784,,,0.0
1231268,東京外登マプ1　日本の㤀年の新婗にってかるさが郷,ja,1.0
1234069,,,0.0
1239395,,,0.0
1242644,,,0.0
1245342,,,0.0
1249600,恐怖心霊動画8 闇編,zh-TW,0.8889
1256281,,,0.0
1261260,,,0.0
1263600,,,0.0
1267268,,,0.0
1272407,,,0.0
1278048,,,0.0
1281266,,,0.0
1284304,,,0.0
1287381,,,0.0
1290458,,,0.0
1293320,,,0.0
1296798,,,0.0
1301061,她的秘密,zh,1.0
1304736,,,0.0
1306693,,,0.0
1308975,,,0.0
1312584,,,0.0
1315466,NIGHT/TIME,en,0.9984
1317084,,,0.0
1318153,この京の失失くるのに,ja,1.0
1320527,,,0.0
1321163,,,0.0
1324082,,,0.0
1328157,ACID CORPSE,en,0.9391
1338346,ZANNI,it,0.6343
1341178,,,0.0
1352962,kalinga,en,0.2283
1358137,,,0.0
1361515,,,0.0
1365835,,,0.0
1369828,MOTHER,en,0.9979
1372908,,,0.0
1375389,蛋女人,zh,1.0
1377705,白正鬼,zh,1.0
1379731,,,0.0
1382556,,,0.0
1385756,DESPOT,hr,0.1644
1390069,DEATHFARM,en,0.7633
1393905,,,0.0
1395668,LOONS,en,0.9984
1398742,,,0.0
1411152,,,0.0
1414677,,,0.0
1419440,,,0.0
1426110,PRESENCE,en,0.9861
1432538,,,0.0
1435183,,,0.0
1439425,,,0.0
1445218,,,0.0
1453411,,,0.0
1457859,,,0.0
1462822,DEATH SENTENCE,en,0.9812
1465774,,,0.0
1472341,,,0.0
1478574,,,0.0
1483633,,,0.0
1487691,SHEMALEficent,en,0.8425
1492769,,,0.0
1496388,,,0.0
1499962,,,0.0
1504708,音乐ののるのるのる,ja,1.0
1507156,,,0.0
1510954,NUCLEAR DEATH UNAUVE IN TEXAS,en,0.9049
1516629,"the title text you actually see on the poster, or empty if none",en,0.9975
1520273,,,0.0
1529179,,,0.0
1535897,,,0.0
1540888,BUZZKILL,en,0.8373
1544159,,,0.0
1546823,,,0.0
1548162,Q,en,0.5
1550863,,,0.0
1554997,LUSGO FUSCO,es,0.2558
1560522,,,0.0
1564099,,,0.0
1568478,,,0.0
1571925,,,0.0
1575003,,,0.0
1579519,,,0.0
1582280,,,0.0
1586465,,,0.0
1594487,,,0.0
1598484,,,0.0
1601242,,,0.0
1604634,幽霊湖の花嫁,ja,0.7893
1608681,Q,en,0.5
1611879,AMMO˙,en,0.6698
1616563,,,0.0
1621287,,,0.0
1625172,,,0.0
1630862,,,0.0
1633730,,,0.0
1639324,,,0.0
1643779,,,0.0
1649255,,,0.0
1651542,MCKENZIE,en,0.7046
1656958,,,0.0
1660343,Ghostfluencer,en,0.6872
1663122,,,0.0
1667813,,,0.0
1671598,ONLY IN DREAMS,en,0.9959
1678353,,,0.0
1686347,in your,en,0.9993
1689919,WRAITH,en,0.5222
1693703,suture,en,0.9209
1699088,,,0.0
1701323,RIP,en,0.8052
1706847,YOU,en,0.9993
1709191,伝染る物語 心霊少女,ja,1.0
1714149,,,0.0
1719450,,,0.0
1721286,,,0.0
1722717,GORE,en,0.3577
1729035,,,0.0
1732619,LA TARDE DE LOS MUERTOS VIVOS,es,0.9471
1737197,,,0.0
1742507,,,0.0
13742,SHEITAN,en,0.6432
21797,WIG,cy,0.262
30405,,,0.0
48581,the sandman,en,0.9709
57812,51,en,0.01
81990,电話女會,zh-TW,1.0
90338,Fiend,en,0.9792
126830,Arachne,en,0.7135
152810,Moonnamathoral,en,0.674
194809,anandhabhadram,en,0.528
235348,百年拷问,zh,1.0
250574,CREEP,en,0.915
259512,,,0.0
270294,,,0.0
287279,,,0.0
308037,vanadevatha,en,0.5961
318931,,,0.0
328091,,,0.0
333866,,,0.0
343886,,,0.0
353484,,,0.0
369819,,,0.0
378020,,,0.0
388994,Ayla,en,0.406
396493,CREEP 2,en,0.915
401714,,,0.0
412102,Nenjam Marappathillai,en,0.8336
422406,裕の言言のてはないにないなあんのに,ja,1.0
431109,INHUMANWICH!,en,0.7334
443538,,,0.0
448194,PYEWACKET,en,0.6025
452472,INSOMNIE,fr,0.4705
462652,,,0.0
467882,,,0.0
475899,,,0.0
480463,V,en,0.5872
483178,,,0.0
484499,,,0.0
487857,,,0.0
496292,Umbilical Glue,en,0.8868
505695,,,0.0
508495,,,0.0
514591,,,0.0
517419,,,0.0
524537,,,0.0
528470,,,0.0
530571,asoko no seki,eu,0.6228
535562,,,0.0
543802,,,0.0
550300,elfen lied,de,0.909
555694,meat,en,0.9886
559934,,,0.0
566417,,,0.0
571931,,,0.0
580806,,,0.0
586727,,,0.0
593676,,,0.0
603943,,,0.0
607740,,,0.0
613506,,,0.0
623520,Z,en,0.5
634341,,,0.0
639730,,,0.0
643393,,,0.0
648957,,,0.0
653537,,,0.0
659756,,,0.0
664483,,,0.0
668184,,,0.0
673850,,,0.0
676297,,,0.0
681198,,,0.0
689918,呪いのワンピース,ja,1.0
690137,,,0.0
693582,,,0.0
696138,,,0.0
707786,,,0.0
719279,,,0.0
723531,,,0.0
726239,DEAD,en,0.9773
728876,,,0.0
731803,,,0.0
735514,,,0.0
741808,,,0.0
745282,PREY,en,0.8263
748694,,,0.0
751418,,,0.0
754758,,,0.0
759753,,,0.0
762826,,,0.0
765190,,,0.0
769303,,,0.0
771390,NOITE MACABRA,pt,0.9544
775857,,,0.0
782676,,,0.0
789581,,,0.0
792672,,,0.0
796010,,,0.0
797425,,,0.0
799177,,,0.0
802870,,,0.0
809962,,,0.0
812983,,,0.0
817814,,,0.0
825344,,,0.0
828143,,,0.0
832543,,,0.0
838353,DETEKTIVE THUMB AND THE INFINITY HOUSE,en,0.8289
843898,SHE CAME FROM THE WOODS,en,0.9991
849273,,,0.0
850539,,,0.0
854113,,,0.0
856613,,,0.0
861418,,,0.0
870531,,,0.0
875522,"夜
の
彼
方
へ",ja,1.0
878853,,,0.0
882502,,,0.0
888827,,,0.0
893955,vanam,en,0.9207
899298,Undying,en,0.3523
911354,红魂の鬼物,zh,1.0
918045,6,en,0.01
926370,,,0.0
931341,,,0.0
934698,,,0.0
938671,,,0.0
942236,,,0.0
945423,Induvadana,et,0.6563
950823,,,0.0
955066,,,0.0
959233,,,0.0
964181,,,0.0
967816,,,0.0
973970,,,0.0
977630,,,0.0
977650,,,0.0
982305,,,0.0
985814,,,0.0
992286,,,0.0
995593,no_title_on_poster,en,0.9815
1001297,,,0.0
1008870,,,0.0
1015327,,,0.0
1017732,DEBRIS,en,0.9714
1023184,,,0.0
1027629,,,0.0
1031828,藍薔薇悲劇,zh-TW,1.0
1038711,,,0.0
1042835,,,0.0
1048149,,,0.0
1049946,恐怖の東京ビデオ25,ja,1.0
1054958,,,0.0
1063055,,,0.0
1068449,CLONE,en,0.9268
1076001,,,0.0
1078453,,,0.0
1080732,怨み,ja,1.0
1083816,HAUNTED,en,0.9746
1087767,,,0.0
1091671,,,0.0
1094329,,,0.0
1099116,Kandhei Akhire Luha,id,0.3391
1103383,,,0.0
1108429,,,0.0
1112558,,,0.0
1116457,,,0.0
1119244,"地
縛
少
年",zh-TW,0.5714
1121697,,,0.0
1126310,,,0.0
1135482,,,0.0
1141302,,,0.0
1145277,ドキュメント超怖い話IV 沖縄,ja,0.8
1147023,,,0.0
1150696,現代怪奇百物語 肆之章,zh-TW,0.9091
1153403,,,0.0
1159875,,,0.0
1165206,東京残酷映像18,zh-TW,1.0
1169449,,,0.0
1172388,L4,en,0.5695
1173434,直怒怒,zh,1.0
1176999,,,0.0
1179790,เทพธิดาสบายทอง,th,1.0
1181746,,,0.0
1185980,,,0.0
1192020,雲の際なり2　怪和夫の怪際なり,ja,1.0
1198084,Amofinado,pt,0.7181
1199569,,,0.0
1201202,,,0.0
1204910,,,0.0
1208355,,,0.0
1214905,TRINL,sq,0.183
1220993,ネイブメアーリドアスタ,ja,1.0
1224602,,,0.0
1229212,,,0.0
1231306,BLOOD PIZZA,en,0.9713
1234070,,,0.0
1239602,,,0.0
1242905,霊感ツアーズ,ja,1.0
1246382,,,0.0
1249950,科天の静画の全表,ja,0.9998
1256728,SHORT SHITS,en,0.9726
1261582,,,0.0
1263634,,,0.0
1267318,,,0.0
1272803,,,0.0
1279271,,,0.0
1281720,,,0.0
1284321,,,0.0
1287440,,,0.0
1290683,,,0.0
1294687,,,0.0
1298306,TASMOGOR,ilo,0.2655
1301068,宵夜怨曲,zh,1.0
1304868,九命女,zh,1.0
1307267,,,0.0
1309467,,,0.0
1313105,,,0.0
1316334,,,0.0
1317282,雪の中の女,ja,1.0
1319040,CEASE TO EXIST,en,0.9956
1320762,SNOT,en,0.9275
1321187,,,0.0
1324108,,,0.0
1328527,,,0.0
1338366,,,0.0
1341396,,,0.0
1353235,,,0.0
1358152,,,0.0
1362905,,,0.0
1365853,,,0.0
1370491,,,0.0
1373004,,,0.0
1376048,,,0.0
1377755,,,0.0
1379737,,,0.0
1382950,MAHA MUNJIYA,ms,0.4692
1387485,"""おりがはにがにくるのにのに""",ja,1.0
1390168,,,0.0
1394239,,,0.0
1395945,,,0.0
1399316,,,0.0
1411165,,,0.0
1415513,,,0.0
1420249,,,0.0
1427968,,,0.0
1433461,,,0.0
1435731,GothicA,la,0.5331
1440321,,,0.0
1445379,,,0.0
1454100,,,0.0
1458309,,,0.0
1462984,,,0.0
1466920,,,0.0
1474972,,,0.0
1478593,,,0.0
1484291,DERRIERE SES YEUX,fr,0.8491
1489275,,,0.0
1493908,,,0.0
1496656,,,0.0
1499964,,,0.0
1504899,,,0.0
1508311,,,0.0
1511035,,,0.0
1517272,,,0.0
1522620,,,0.0
1530814,,,0.0
1536407,,,0.0
1541593,FANTOMA,en,0.1826
1544291,,,0.0
1546959,Bia,fr,0.3109
1548166,Q,en,0.5
1551775,,,0.0
1556452,,,0.0
1560573,,,0.0
1565248,,,0.0
1568579,,,0.0
1573074,rabbit rabbit run,en,0.9832
1575401,,,0.0
1579759,,,0.0
1583363,,,0.0
1586663,Kamaro2,ilo,0.1416
1594591,kanimangalam kovilakam,en,0.7983
1598648,,,0.0
1602163,,,0.0
1604798,,,0.0
1609285,,,0.0
1612432,,,0.0
1616669,THE SHED 2,en,0.9996
1621299,,,0.0
1625531,,,0.0
1631706,,,0.0
1636048,,,0.0
1639928,,,0.0
1644269,,,0.0
1649588,,,0.0
1653057,,,0.0
1657261,,,0.0
1660738,,,0.0
1663914,,,0.0
1667911,S D O N E R,en,0.8285
1673365,,,0.0
1679260,,,0.0
1686571,,,0.0
1690141,,,0.0
1695481,,,0.0
1699637,,,0.0
1701856,,,0.0
1707590,,,0.0
1711214,M,en,0.556
1715221,,,0.0
1720065,,,0.0
1721495,,,0.0
1723316,,,0.0
1730756,武品幻怪誤詳,zh-TW,1.0
1732979,,,0.0
1737996,,,0.0
14157,impulse,en,0.8504
22033,of the cry banshee,en,0.9941
31116,ZAAT,id,0.7363
48636,NEKROmantik 2,tr,0.5179
57961,SLASHERS,en,0.9433
83172,Slithis,en,0.7667
94545,the bushwhacker,en,0.9773
128519,,,0.0
161160,,,0.0
200402,prema katha chirram,en,0.3586
237449,4,en,0.01
250883,nak,tl,0.3444
260704,生死,zh,1.0
270478,konthayum poonoolum,et,0.5301
287311,,,0.0
308259,,,0.0
319178,怪談お化け屋敷,ja,0.9969
328141,,,0.0
335650,impurity,en,0.9774
344161,,,0.0
354506,pulse,en,0.9671
370067,Vidayutham,en,0.4785
381283,mother!,en,0.9979
390674,女性・腹切り 輝ける死,ja,1.0
396550,SICKHOU,en,0.3119
402721,Lollipop,en,0.8572
412333,BLD̄M̄,en,0.5701
422947,雪女,zh,1.0
432916,假面騎士鎧武,zh-TW,1.0
444483,,,0.0
450157,都市灵异传 心灵工厂,zh,0.9
452900,,,0.0
463532,Raktharakshassu 3D,en,0.8511
468014,mythily veendum varunnu,en,0.5777
476524,ST PU,de,0.5287
480529,popstars,de,0.2192
483417,光の闇,ja,1.0
484561,,,0.0
488513,,,0.0
497908,,,0.0
506952,RAYDON,en,0.3863
510552,,,0.0
515376,,,0.0
517425,,,0.0
525490,SHADOWLAND,en,0.7045
529087,道士下山,zh,1.0
530670,,,0.0
536026,308,en,0.01
544711,,,0.0
552344,,,0.0
556463,,,0.0
563197,,,0.0
566627,,,0.0
572600,,,0.0
581235,,,0.0
588856,,,0.0
594274,,,0.0
604350,,,0.0
609080,,,0.0
613515,,,0.0
625213,THE FACELESS MAN,en,0.9982
635040,,,0.0
640291,,,0.0
643395,,,0.0
649219,,,0.0
655046,,,0.0
659822,VI,gd,0.1918
664527,,,0.0
668385,,,0.0
674382,,,0.0
676299,,,0.0
684478,,,0.0
690122,,,0.0
690138,,,0.0
693840,,,0.0
697402,ZOMBIE ATTACK,en,0.9655
708591,8cho,en,0.2736
719280,,,0.0
724774,,,0.0
726333,,,0.0
729565,the tiller,en,0.9831
732136,,,0.0
735951,,,0.0
742327,,,0.0
745328,,,0.0
749380,,,0.0
752819,BLOOD BATH,en,0.9862
754777,,,0.0
761055,,,0.0
762838,,,0.0
765193,,,0.0
769804,,,0.0
771550,,,0.0
777177,,,0.0
783963,,,0.0
789859,SIE,de,0.9996
794325,,,0.0
796057,,,0.0
797582,,,0.0
799364,,,0.0
802969,,,0.0
810470,,,0.0
813313,大章鱼,zh,1.0
818442,,,0.0
825351,,,0.0
828651,,,0.0
833454,,,0.0
838474,HITAM,id,0.8077
844386,,,0.0
849585,,,0.0
851731,kumari,en,0.5425
854169,,,0.0
857006,,,0.0
861886,,,0.0
871132,,,0.0
876158,,,0.0
878900,,,0.0
882530,,,0.0
889676,,,0.0
895218,,,0.0
899675,,,0.0
911361,,,0.0
918489,,,0.0
927409,,,0.0
931652,,,0.0
934812,,,0.0
939231,,,0.0
942364,,,0.0
945920,SIX,en,0.9068
950950,祝农里牛,zh,1.0
955204,,,0.0
959595,,,0.0
965847,,,0.0
967823,,,0.0
973978,,,0.0
977633,,,0.0
977651,,,0.0
982462,,,0.0
986398,,,0.0
993299,E,en,0.5
996425,,,0.0
1003471,,,0.0
1011999,,,0.0
1015370,,,0.0
1018190,,,0.0
1023253,闇から届く恐怖の物語,ja,1.0
1028617,,,0.0
1031898,,,0.0
1039200,,,0.0
1043814,,,0.0
1048156,,,0.0
1051809,,,0.0
1056607,心霊4,zh,1.0
1065374,,,0.0
1071644,,,0.0
1076352,,,0.0
1078470,,,0.0
1080942,,,0.0
1084089,INNER CIRCLE,en,0.9778
1088798,EVIL NIGHT,en,0.9922
1092006,,,0.0
1095001,,,0.0
1099206,,,0.0
1103509,バイオハザード 名作劇場,ja,0.9167
1108447,,,0.0
1112723,,,0.0
1116481,,,0.0
1119249,,,0.0
1122140,,,0.0
1126316,,,0.0
1136043,,,0.0
1141754,,,0.0
1145501,,,0.0
1147348,,,0.0
1151479,,,0.0
1153628,,,0.0
1159987,,,0.0
1165396,東京残酷警察19,zh-TW,1.0
1169957,kowabana,id,0.4408
1172414,,,0.0
1173609,玉房鬼,zh,1.0
1177018,,,0.0
1179922,,,0.0
1182169,,,0.0
1185988,,,0.0
1192385,,,0.0
1198378,,,0.0
1199584,,,0.0
1201979,,,0.0
1205084,,,0.0
1208397,,,0.0
1215044,體驗誘惑,zh-TW,1.0
1221032,,,0.0
1224917,,,0.0
1229799,,,0.0
1231585,,,0.0
1235608,,,0.0
1240095,,,0.0
1243795,,,0.0
1246416,,,0.0
1250785,,,0.0
1256805,,,0.0
1261644,,,0.0
1265218,,,0.0
1267448,児童館,zh-TW,1.0
1272868,,,0.0
1279626,,,0.0
1281861,,,0.0
1285310,,,0.0
1287465,,,0.0
1291594,BEEZER,en,0.998
1295287,,,0.0
1299002,,,0.0
1301110,,,0.0
1305094,,,0.0
1307747,,,0.0
1309625,,,0.0
1313186,,,0.0
1316525,VORE,sv,0.2363
1317336,,,0.0
1319093,墓头力子女,zh,1.0
1320806,,,0.0
1321209,,,0.0
1324219,,,0.0
1329017,BILL,en,0.9783
1339296,,,0.0
1341570,,,0.0
1354878,ILLUMINATI CASTRATI,it,0.3031
1358668,,,0.0
1363027,,,0.0
1366342,,,0.0
1371770,All Your Dreams,en,0.9982
1373173,Cold Hands,en,0.9967
1376404,t R E t,en,0.9976
1378417,,,0.0
1379745,,,0.0
1383197,DIMPLE3,en,0.5726
1387560,,,0.0
1390497,,,0.0
1394336,,,0.0
1396391,,,0.0
1400029,,,0.0
1411588,,,0.0
1415656,,,0.0
1421764,勝江さん、東京に現る,ja,1.0
1428003,,,0.0
1433466,,,0.0
1436013,,,0.0
1440790,,,0.0
1449064,,,0.0
1456370,,,0.0
1458387,,,0.0
1463102,,,0.0
1468167,,,0.0
1475678,,,0.0
1479922,,,0.0
1484387,,,0.0
1489389,ROSARIO,en,0.2954
1494164,,,0.0
1497764,,,0.0
1499969,,,0.0
1505147,MS. KANVIN,en,0.3801
1508830,,,0.0
1512454,q,en,0.5
1517538,Q,en,0.5
1523040,,,0.0
1531439,,,0.0
1536741,,,0.0
1542067,,,0.0
1544418,,,0.0
1547508,,,0.0
1548185,Q,en,0.5
1551952,,,0.0
1556596,,,0.0
1560756,,,0.0
1565265,,,0.0
1569675,,,0.0
1573115,VerdlyA,en,0.5391
1575406,,,0.0
1580287,AHORA ES MÍA,es,0.9981
1583524,,,0.0
1586983,,,0.0
1594701,,,0.0
1598758,,,0.0
1602300,,,0.0
1605020,鬼院关院,zh,1.0
1609610,grot,af,0.1414
1612973,,,0.0
1618042,,,0.0
1621834,,,0.0
1625898,,,0.0
1632131,,,0.0
1636595,,,0.0
1639958,Spiders on my Lashline,en,0.9384
1645739,,,0.0
1649704,,,0.0
1654587,,,0.0
1657426,,,0.0
1661127,,,0.0
1664087,,,0.0
1668141,HAUNT,en,0.7344
1674304,,,0.0
1679631,,,0.0
1686582,,,0.0
1690554,,,0.0
1695874,,,0.0
1700155,,,0.0
1702585,,,0.0
1707658,,,0.0
1711400,NADA,pt,0.3693
1715255,,,0.0
1720185,江戸の町の七不思議,ja,1.0
1721760,,,0.0
1723487,RIPS,en,0.9987
1730762,SKIN DEEP,en,0.9349
1733718,LETHE,en,0.6284
1738124,,,0.0
17212,PATRICK,en,0.7785
26178,RAZORBACK,en,0.7601
31232,,,0.0
51248,11-11-11,en,0.01
65599,THE WOMAN,en,0.9941
83519,WITCHCRAFT,en,0.9773
98084,MARABUNTA,en,0.7395
129096,,,0.0
163617,,,0.0
201343,,,0.0
239815,,,0.0
253477,TORTURE CHAMBER,en,0.9732
262600,OXID,de,0.6136
276488,LET US PAY,en,0.9971
290795,MALIGNO,gl,0.3352
312831,THE HALLOW,en,0.9956
321738,천동,ko,1.0
328963,,,0.0
336048,,,0.0
346364,IT,en,0.9999
355156,,,0.0
370311,,,0.0
382290,M・Y・F・A・C・E,en,0.4551
391529,JADO,qu,0.3798
396818,,,0.0
403654,,,0.0
413951,顔のない男,ja,1.0
423344,魔子　　　　,zh,1.0
434325,,,0.0
446904,,,0.0
450512,午夜怪談,zh-TW,1.0
453638,,,0.0
464261,天国と地獄,ja,1.0
468496,,,0.0
476855,,,0.0
481125,,,0.0
483608,,,0.0
484563,,,0.0
488930,,,0.0
498062,LUZ,en,0.1464
507040,,,0.0
512270,Shadow,en,0.7902
515531,,,0.0
521634,,,0.0
526677,,,0.0
529122,,,0.0
530943,,,0.0
539714,,,0.0
546711,,,0.0
552843,,,0.0
557486,,,0.0
565440,,,0.0
566804,,,0.0
574127,,,0.0
582600,,,0.0
588858,,,0.0
595379,,,0.0
604519,,,0.0
609245,,,0.0
616185,松堂珠之阻道之阻,zh,1.0
626028,,,0.0
637020,,,0.0
640605,,,0.0
643400,,,0.0
649274,血鳄王,zh,1.0
655435,FEEL,en,0.9941
662065,,,0.0
664530,,,0.0
668462,,,0.0
674853,,,0.0
677431,,,0.0
685826,,,0.0
690127,,,0.0
690583,,,0.0
694435,,,0.0
698649,,,0.0
712286,,,0.0
719384,,,0.0
724789,,,0.0
727251,,,0.0
729630,,,0.0
732945,,,0.0
736189,DWM,cy,0.6856
742899,,,0.0
746520,,,0.0
749416,,,0.0
753147,,,0.0
755804,,,0.0
761837,,,0.0
763278,,,0.0
765707,,,0.0
770010,,,0.0
772139,ことがてにはないにちって,ja,1.0
778190,,,0.0
784115,,,0.0
790252,Eko Eko Azarak,eu,0.3973
794424,,,0.0
796284,,,0.0
797659,,,0.0
799600,,,0.0
804330,,,0.0
810760,,,0.0
814951,,,0.0
818793,,,0.0
825691,,,0.0
829361,M,en,0.556
833677,,,0.0
839347,,,0.0
845831,HE RANG,en,0.9938
849736,,,0.0
852593,,,0.0
854268,,,0.0
857250,,,0.0
862531,,,0.0
871836,,,0.0
877255,大鲨鱼,zh,1.0
879165,,,0.0
882791,,,0.0
889839,RAGTIME,en,0.8597
895499,,,0.0
900274,,,0.0
911700,新学樂の雲雷,zh-TW,0.9236
918621,LET'S STOP AT THE MORGUE,en,0.999
928397,,,0.0
932481,,,0.0
935076,マリア,ja,1.0
939823,,,0.0
942596,MOLAR,en,0.3824
946563,,,0.0
951269,,,0.0
955242,,,0.0
959993,,,0.0
965982,,,0.0
968127,,,0.0
974720,,,0.0
977634,,,0.0
977653,,,0.0
983280,,,0.0
986615,,,0.0
993921,,,0.0
996587,,,0.0
1003992,,,0.0
1012220,THREE KINGS,en,0.9913
1015416,,,0.0
1019996,,,0.0
1023262,,,0.0
1028623,,,0.0
1032152,,,0.0
1039801,,,0.0
1043848,,,0.0
1048232,,,0.0
1052849,,,0.0
1056861,,,0.0
1065769,,,0.0
1073917,,,0.0
1076692,,,0.0
1078474,,,0.0
1081790,,,0.0
1085079,,,0.0
1089838,,,0.0
1092348,,,0.0
1095565,Maataraani Mounamidhi,fi,0.2816
1099694,,,0.0
1103830,,,0.0
1108784,,,0.0
1113072,,,0.0
1117099,,,0.0
1120011,Namo Bhootatma,tl,0.505
1122220,9 24 27,en,0.01
1127143,MAMA,en,0.806
1136508,,,0.0
1141891,血の家,ja,1.0
1145846,,,0.0
1147586,,,0.0
1151565,,,0.0
1154187,,,0.0
1161738,,,0.0
1165927,,,0.0
1170057,,,0.0
1172571,,,0.0
1173781,车下的创伤,zh,1.0
1177462,,,0.0
1179996,চুরাচুরি,bn,1.0
1182750,,,0.0
1187964,,,0.0
1192386,,,0.0
1198870,,,0.0
1199661,EXCLUSION,en,0.9453
1202100,呪術廻戦,zh-TW,1.0
1205694,,,0.0
1209994,,,0.0
1216059,,,0.0
1221066,,,0.0
1225067,,,0.0
1229906,,,0.0
1231764,STASH,en,0.896
1236761,,,0.0
1240711,,,0.0
1243879,,,0.0
1246777,,,0.0
1251427,ida,mg,0.1919
1259442,,,0.0
1261861,,,0.0
1265611,,,0.0
1268401,心霊ドキュメンタリー 絶対に見てはいけない!,ja,0.9524
1272966,,,0.0
1280081,,,0.0
1281920,,,0.0
1285732,,,0.0
1288629,,,0.0
1291966,Broadcast Prohibited VTR,en,0.9803
1295750,新星曜鬼語電風通理社の学校七奇語第3卷,zh-TW,0.9964
1299043,,,0.0
1301196,,,0.0
1305606,,,0.0
1308084,,,0.0
1309905,,,0.0
1313326,,,0.0
1316590,,,0.0
1317480,,,0.0
1319195,蝶の夢,ja,0.9999
1321044,"the title text you actually see on the poster, or empty if none",en,0.9975
1321224,,,0.0
1324236,IBR A X TON,es,0.1731
1330099,,,0.0
1339336,A NIGHT,en,0.9704
1341660,,,0.0
1355282,Ade Raaga Ade Haadu,et,0.5394
1359373,,,0.0
1363600,,,0.0
1366746,,,0.0
1371850,,,0.0
1373402,SILENCE UNSEEN,en,0.9389
1376445,,,0.0
1379557,SPIDAL,en,0.2721
1380165,四谷怪談,zh-TW,1.0
1383207,,,0.0
1388434,,,0.0
1391118,TRAUMA,en,0.776
1395031,,,0.0
1396619,,,0.0
1401376,,,0.0
1411606,,,0.0
1416036,,,0.0
1422521,,,0.0
1428948,,,0.0
1433723,,,0.0
1436194,RUNAWAY VALLEY,en,0.9411
1441305,,,0.0
1450635,,,0.0
1456954,,,0.0
1458602,,,0.0
1464025,,,0.0
1468351,,,0.0
1475703,,,0.0
1481010,,,0.0
1484731,BLOOD STAB,en,0.9646
1489597,,,0.0
1494605,,,0.0
1497793,,,0.0
1503832,,,0.0
1505379,,,0.0
1509197,T,en,0.9996
1512747,,,0.0
1517731,,,0.0
1523101,大全教地のコース,ja,1.0
1531505,,,0.0
1537182,,,0.0
1542160,,,0.0
1545191,邻居,zh,1.0
1547725,,,0.0
1549019,Evil Night,en,0.9922
1552169,,,0.0
1557568,,,0.0
1562012,inosculate,en,0.7157
1565546,,,0.0
1569885,,,0.0
1573129,,,0.0
1575410,,,0.0
1580458,,,0.0
1585710,,,0.0
1590787,,,0.0
1594719,,,0.0
1598989,,,0.0
1602715,,,0.0
1605027,பத்திரகாளி,ta,1.0
1609975,,,0.0
1613258,,,0.0
1618858,NMB 48,ms,0.363
1623425,,,0.0
1630588,,,0.0
1632231,,,0.0
1636639,,,0.0
1640184,,,0.0
1646001,,,0.0
1649727,,,0.0
1654701,,,0.0
1658844,,,0.0
1661471,,,0.0
1665138,,,0.0
1668322,,,0.0
1675356,,,0.0
1680059,,,0.0
1687144,SKOTOS,lt,0.777
1690560,,,0.0
1695900,The Charybdis,en,0.9135
1700161,,,0.0
1703248,,,0.0
1707748,,,0.0
1712042,,,0.0
1715853,,,0.0
1720656,,,0.0
1722077,,,0.0
1723640,,,0.0
1730952,,,0.0
1734682,,,0.0
1739209,ROTTEN,en,0.854
17796,FREAKED,en,0.9981
26198,the keep,en,0.9999
35040,CROG,cy,0.785
53122,Chandramukhi,en,0.9624
66315,Aayiram Jenmangal,en,0.6389
85198,Frightmare,en,0.9412
99263,SCHIZOPHORENIAC,sv,0.3268
129465,HELLS,en,0.8156
166201,BOG,en,0.582
203009,BLACKWOOD EVIL,en,0.7213
240157,devadoothan,en,0.8651
254250,,,0.0
262872,COYOTE,en,0.8508
276748,,,0.0
297160,XX,en,0.5172
314364,sakthi,en,0.9178
322055,,,0.0
329134,massu,en,0.5125
336766,la leyenda de espantapajaros,es,0.9378
346986,,,0.0
361554,,,0.0
370808,,,0.0
383338,,,0.0
392193,,,0.0
398768,白い服 腹切り,ja,1.0
406269,,,0.0
415175,,,0.0
423870,Empire of Madness 2,en,0.8604
437265,,,0.0
447385,,,0.0
450515,夜半歌聲,zh-TW,1.0
457781,,,0.0
464879,CABIN28,en,0.9078
469867,,,0.0
478149,牙狼,zh,1.0
481726,,,0.0
483940,,,0.0
484627,,,0.0
490870,,,0.0
498580,Kanchana 3,en,0.6136
507489,,,0.0
513372,HOAX,es,0.8184
515627,,,0.0
522650,,,0.0
526783,我不吃若我如何刻息,zh,1.0
529139,,,0.0
531502,,,0.0
540306,,,0.0
547034,Vellinakshatram,en,0.9086
553054,,,0.0
557508,,,0.0
565441,,,0.0
567667,,,0.0
574790,,,0.0
582892,,,0.0
589635,,,0.0
597502,,,0.0
605635,,,0.0
609302,,,0.0
616347,,,0.0
626229,,,0.0
638210,彼女、お借りします,ja,1.0
641588,,,0.0
643889,,,0.0
650248,Nycto,en,0.9262
656147,,,0.0
662109,,,0.0
664748,,,0.0
669974,,,0.0
674943,,,0.0
678278,,,0.0
686086,,,0.0
690128,,,0.0
690658,,,0.0
694439,,,0.0
698826,,,0.0
713504,Blind Date,en,0.9673
719686,,,0.0
724919,,,0.0
728218,,,0.0
729631,,,0.0
733126,,,0.0
736369,,,0.0
742948,Piecesofme,de,0.5003
746661,,,0.0
749992,,,0.0
753158,,,0.0
756158,,,0.0
761953,,,0.0
763302,,,0.0
765878,,,0.0
770382,3 AM,en,0.5778
772312,,,0.0
778521,デビルクンのフィーラーード!!,ja,1.0
785097,,,0.0
790257,恐怖新聞,zh-TW,1.0
794630,,,0.0
796400,,,0.0
797924,,,0.0
799943,,,0.0
805201,,,0.0
810896,,,0.0
815279,,,0.0
819401,,,0.0
825893,,,0.0
829674,,,0.0
835786,巨蛛,zh,1.0
840603,,,0.0
846867,MAD GOD,en,0.8821
849774,,,0.0
852783,,,0.0
854328,魔試親片の悉りの合行のくるのくる,ja,1.0
857504,,,0.0
863171,TIXIE,fr,0.4181
872980,,,0.0
877600,சிண்ட்ரெலா,ta,1.0
879339,,,0.0
882965,,,0.0
889850,,,0.0
896161,,,0.0
901553,,,0.0
911708,子光のダィービッド,ja,1.0
921935,Ballabhpurer Roopkotha,en,0.8055
928782,,,0.0
932598,,,0.0
935097,,,0.0
939839,,,0.0
942888,,,0.0
947043,,,0.0
951980,,,0.0
955293,,,0.0
960424,,,0.0
966560,,,0.0
968202,,,0.0
974733,,,0.0
977635,,,0.0
977654,,,0.0
983471,,,0.0
987324,,,0.0
994082,,,0.0
996747,,,0.0
1004662,,,0.0
1012410,Teenage Ghost Girl,en,0.9794
1015505,,,0.0
1019999,,,0.0
1023716,,,0.0
1028653,,,0.0
1033095,,,0.0
1039898,,,0.0
1044115,驅魔錄2,zh-TW,1.0
1048512,,,0.0
1052857,,,0.0
1057228,Y,es,0.4911
1065934,,,0.0
1074141,花镜风月之鬼影,zh,1.0
1077097,,,0.0
1078479,,,0.0
1082344,,,0.0
1085386,,,0.0
1089959,,,0.0
1092519,,,0.0
1096076,FISHPISS,en,0.4451
1099767,,,0.0
1103867,,,0.0
1108895,,,0.0
1113573,,,0.0
1117424,,,0.0
1120062,,,0.0
1123503,BIG MILK,en,0.9962
1127560,八つ墓村,ja,1.0
1137251,GORE,en,0.3577
1141993,REPR EVE,en,0.7642
1145880,,,0.0
1148524,,,0.0
1151593,,,0.0
1155301,,,0.0
1162056,,,0.0
1166109,なまでこわすぎ!,ja,1.0
1170797,,,0.0
1172678,,,0.0
1173833,蛇与情侣,zh,1.0
1178529,絶叫怨霊 体感 肝試し,ja,1.0
1180354,พันธุ์ทอง,th,1.0
1182752,,,0.0
1189043,,,0.0
1192652,こわいおとぎばなし,ja,1.0
1198873,,,0.0
1200167,,,0.0
1202913,INSOMNIA,en,0.7451
1206152,,,0.0
1210047,Aranam,en,0.8302
1217141,,,0.0
1221574,,,0.0
1226341,怪談新耳袋 殴り込み!劇場版 東海道編,ja,1.0
1230719,,,0.0
1232099,,,0.0
1236998,都市伝説 恐怖の真相 外科医が語らない手術室の怖い話,ja,1.0
1240814,,,0.0
1244017,BUG,en,0.7917
1247181,,,0.0
1252768,quando o sangue flui,pt,0.9977
1259973,,,0.0
1262456,,,0.0
1265651,,,0.0
1269413,地獄番町 おやこ星,ja,1.0
1274134,I Live Here Now,en,0.9999
1280215,,,0.0
1282069,,,0.0
1287025,,,0.0
1289721,,,0.0
1292442,,,0.0
1295758,,,0.0
1300054,valo valo,eo,0.385
1301498,4:30,en,0.01
1305630,,,0.0
1308238,,,0.0
1310396,,,0.0
1313863,,,0.0
1316620,,,0.0
1317890,,,0.0
1319818,悪霊の午後,ja,0.999
1321049,,,0.0
1321236,,,0.0
1324818,,,0.0
1330573,,,0.0
1339480,,,0.0
1346557,,,0.0
1355307,,,0.0
1359914,,,0.0
1363688,,,0.0
1367277,,,0.0
1372620,,,0.0
1373749,,,0.0
1376681,,,0.0
1379699,,,0.0
1380585,,,0.0
1383323,Gennaro,it,0.2501
1388513,,,0.0
1393564,,,0.0
1395037,,,0.0
1397155,,,0.0
1401722,,,0.0
1411616,,,0.0
1416196,,,0.0
1422592,,,0.0
1430915,QIJE,hr,0.9798
1433843,Sodom Akne,da,0.3115
1436243,SPOOKSLAYERS,en,0.7231
1441945,,,0.0
1451499,BAD JEW,en,0.9884
1457403,TOUCAN,en,0.9404
1459576,,,0.0
1464438,,,0.0
1468451,,,0.0
1475831,,,0.0
1481630,,,0.0
1485535,,,0.0
1489860,HOMEMADE GATORADE,en,0.9086
1494779,,,0.0
1498858,,,0.0
1504291,,,0.0
1505977,,,0.0
1510207,VEX0,is,0.3474
1512881,PARASOMNIA,en,0.6194
1518779,,,0.0
1525341,,,0.0
1532737,,,0.0
1538195,,,0.0
1542478,,,0.0
1545266,,,0.0
1547879,INSETTICIDA,it,0.9067
1549709,PEE NAK,id,0.4411
1553167,,,0.0
1558100,ENEMY,en,0.787
1562272,,,0.0
1567014,,,0.0
1570005,,,0.0
1573785,,,0.0
1575519,homewreck/homesick/homegrown,en,0.9921
1580472,,,0.0
1586002,אשמתי,he,1.0
1591621,,,0.0
1595706,AN ITCH TO SCRATCH,en,0.9985
1599018,太平镇奇述,zh,1.0
1603066,禅人村の幽霊祭り,ja,1.0
1605028,,,0.0
1610201,,,0.0
1614906,,,0.0
1619416,,,0.0
1623427,,,0.0
1630590,,,0.0
1632504,贴贴变更的海场,zh,1.0
1638328,,,0.0
1641251,ghoststory,en,0.4913
1646124,TIGER'S RAMPAGE,en,0.948
1650124,,,0.0
1655042,学校の幽霊,ja,1.0
1659025,,,0.0
1662026,,,0.0
1665195,,,0.0
1668381,,,0.0
1676124,,,0.0
1681219,,,0.0
1687266,,,0.0
1691666,,,0.0
1696454,,,0.0
1700162,,,0.0
1703686,Mauviette,fr,0.9749
1707927,ആാഹലാദമ,ml,1.0
1712409,,,0.0
1715864,,,0.0
1720774,,,0.0
1722176,,,0.0
1723985,,,0.0
1731223,,,0.0
1734939,,,0.0
1739615,,,0.0
17874,LASERPLUST,de,0.2008
26587,Dread,en,0.9587
36166,DEVILMAN,en,0.4175
53459,F,en,0.935
71480,,,0.0
85646,ENTRANCE,en,0.9465
100241,"I, FRANKENSTEIN",en,0.845
134572,BLOOD RELATIONS,en,0.9942
166271,HAUNTeR,en,0.8123
211258,WAX,en,0.7337
243837,HOTEL,en,0.9323
255291,ANIM OS ITY,mg,0.2752
265067,VAMPIRE,en,0.8789
279237,Bake Jizo,en,0.9643
300143,彩虹人,zh,1.0
315708,,,0.0
322436,,,0.0
329951,فيلفيل,ar,0.9987
336809,SANGDI,tl,0.2852
347206,,,0.0
361945,,,0.0
370897,,,0.0
384197,,,0.0
392432,ENDLESS,en,0.8596
399118,Night People,en,0.9985
406275,,,0.0
418939,眼の奈想,zh,0.9997
424222,UFO,en,0.1831
438237,,,0.0
447722,,,0.0
450523,鬼殺手,zh-TW,1.0
458612,,,0.0
464890,,,0.0
469972,,,0.0
478819,,,0.0
482192,DAMSEL,en,0.807
484219,,,0.0
484644,,,0.0
491197,,,0.0
501753,,,0.0
507723,the,en,1.0
513665,Onaaigal Jakkiradhai,en,0.4351
515906,,,0.0
522987,INSIDE EVIL,en,0.9849
527132,CHUMBA,sw,0.3483
529409,,,0.0
532225,the shed,en,0.9996
541727,,,0.0
547078,,,0.0
553075,,,0.0
557513,,,0.0
565481,THE DECAYED,en,0.9939
568265,,,0.0
577214,,,0.0
582894,,,0.0
589637,,,0.0
600427,,,0.0
605802,8,en,0.01
609323,河原崎家の一族,ja,1.0
616769,,,0.0
630560,,,0.0
638988,,,0.0
642649,LEVEL,en,0.9183
644665,,,0.0
652441,,,0.0
657191,,,0.0
662509,,,0.0
665835,,,0.0
670171,,,0.0
675526,,,0.0
679785,,,0.0
687281,,,0.0
690129,,,0.0
690732,,,0.0
694441,,,0.0
699317,,,0.0
715951,,,0.0
719703,,,0.0
725836,,,0.0
728236,,,0.0
729975,,,0.0
733222,,,0.0
738043,,,0.0
743240,,,0.0
746971,,,0.0
750415,7,en,0.01
753248,活死人,zh,1.0
756673,,,0.0
762305,,,0.0
763320,,,0.0
766162,,,0.0
770491,,,0.0
773620,,,0.0
780535,,,0.0
786018,,,0.0
791038,,,0.0
795939,,,0.0
796401,,,0.0
797928,,,0.0
800137,,,0.0
806715,,,0.0
811825,,,0.0
816311,,,0.0
821418,,,0.0
826092,,,0.0
829882,,,0.0
836294,Dumbo,en,0.4321
840805,,,0.0
848239,,,0.0
849903,,,0.0
852830,Torn Hearts,en,0.9744
854400,,,0.0
857721,,,0.0
864201,,,0.0
873668,,,0.0
877621,,,0.0
881308,,,0.0
885754,,,0.0
890513,,,0.0
897791,,,0.0
904356,"日本列島
恐怖
心霊地帯",zh-TW,0.8333
911731,鬼雲人とのののの,ja,1.0
922754,,,0.0
930187,,,0.0
932914,,,0.0
935983,,,0.0
940382,,,0.0
942936,,,0.0
947532,,,0.0
952280,kalo chhaya,id,0.8202
955366,,,0.0
960498,来令道四資門塞名名,zh-TW,1.0
966661,,,0.0
970106,¥¥¥¥¥¥¥,en,0.3262
975026,,,0.0
977645,,,0.0
979203,HIRAETH,cy,0.989
983531,,,0.0
988054,ADMIRAL FLIPSID,en,0.8698
994084,,,0.0
997660,NIGHTSIREN,en,0.559
1004785,,,0.0
1013132,KINEMORTOPHOBIA,en,0.4815
1015706,,,0.0
1020266,III,en,0.3552
1023724,,,0.0
1028909,,,0.0
1033710,,,0.0
1040551,,,0.0
1045536,,,0.0
1049134,,,0.0
1053050,,,0.0
1058860,,,0.0
1065938,,,0.0
1074216,,,0.0
1077817,CENDUVERI,et,0.4124
1078492,,,0.0
1082614,BUG,en,0.7917
1085581,,,0.0
1090427,投稿怨霊映像 特選 第四夜 呪,zh-TW,0.8
1092549,,,0.0
1096879,RUN,en,0.9984
1100849,,,0.0
1103892,MIA,en,0.6976
1108898,,,0.0
1113900,,,0.0
1118185,PYRE,de,0.3307
1121020,,,0.0
1125365,,,0.0
1131282,,,0.0
1137654,,,0.0
1142325,,,0.0
1146209,戦慄怪奇ファイル コワすぎ!史上最恐の劇場版,ja,1.0
1149514,Janha Ratira Sathi,en,0.4599
1151683,WOACA,de,0.2727
1155643,,,0.0
1162791,Mamántula,es,0.9904
1166538,,,0.0
1171035,,,0.0
1173124,,,0.0
1173947,假鳳虛鸞,zh-TW,1.0
1178873,,,0.0
1180377,boonpeng iron chest,en,0.7333
1183797,人天人難,zh-TW,1.0
1189352,,,0.0
1192921,,,0.0
1198987,fed,en,0.8353
1200519,,,0.0
1203023,水戸黄門漫遊記,zh-TW,1.0
1206471,,,0.0
1211170,,,0.0
1218245,Hellhounds,en,0.8673
1221578,,,0.0
1226606,白肌の紅象,zh-TW,1.0
1230796,,,0.0
1232290,夜雨秋灯听奇谈,zh,1.0
1237783,,,0.0
1241429,Geji: The Spirit Hunter,en,0.8475
1244062,,,0.0
1249037,,,0.0
1254195,,,0.0
1260195,,,0.0
1262808,,,0.0
1265797,,,0.0
1271419,,,0.0
1275254,,,0.0
1280274,IIIV,et,0.3214
1282296,,,0.0
1287090,,,0.0
1289987,,,0.0
1292645,Kuncen,nl,0.6489
1295890,241,en,0.01
1300267,TRIP,en,0.937
1302609,,,0.0
1306112,广昌龍塔風,zh-TW,1.0
1308328,,,0.0
1310558,,,0.0
1315044,,,0.0
1316641,,,0.0
1318004,,,0.0
1320091,carton???,en,0.5129
1321057,喊屍女人,zh-TW,1.0
1321789,爆炉,zh,1.0
1325772,,,0.0
1331460,,,0.0
1339508,,,0.0
1351825,,,0.0
1356334,LA CAFETIERE,de,0.5117
1361007,,,0.0
1364407,,,0.0
1368231,,,0.0
1372634,,,0.0
1373849,,,0.0
1377314,,,0.0
1379701,,,0.0
1381143,,,0.0
1383404,,,0.0
1389239,,,0.0
1393569,,,0.0
1395083,ACID,en,0.8548
1397589,,,0.0
1408815,,,0.0
1414506,,,0.0
1417270,,,0.0
1422975,,,0.0
1431559,,,0.0
1433882,,,0.0
1436569,CORPO VIL,pt,0.6943
1443084,MORTIS,eo,0.8551
1452081,马前动,zh,1.0
1457719,,,0.0
1460145,,,0.0
1464606,GAGE,en,0.4292
1468846,sanguine,en,0.4398
1475837,,,0.0
1482573,تا راحها,ar,0.8659
1485846,TETHER,en,0.9876
1491211,,,0.0
1495253,,,0.0
1499144,,,0.0
1504640,,,0.0
1506031,CAPGRAS,lv,0.3148
1510423,,,0.0
1514422,,,0.0
1519390,,,0.0
1526203,,,0.0
1533128,,,0.0
1539159,,,0.0
1543002,PROWL,en,0.9639
1545657,,,0.0
1548135,Q,en,0.5
1550505,,,0.0
1553451,,,0.0
1558326,,,0.0
1562657,Alheio,pt,0.9953
1567813,,,0.0
1570993,,,0.0
1573818,石生,zh,1.0
1576074,,,0.0
1580992,,,0.0
1586191,,,0.0
1592560,,,0.0
1595961,,,0.0
1599367,,,0.0
1604011,,,0.0
1605744,,,0.0
1610597,,,0.0
1615788,,,0.0
1620125,,,0.0
1623446,,,0.0
1630609,,,0.0
1633391,,,0.0
1638354,,,0.0
1641286,POX,en,0.9247
1646461,,,0.0
1650210,,,0.0
1655050,,,0.0
1659078,,,0.0
1662075,,,0.0
1665409,,,0.0
1669469,,,0.0
1676459,,,0.0
1681429,BEAR TRAP,en,0.991
1688273,,,0.0
1692282,KRASNY,de,0.667
1696579,,,0.0
1701295,,,0.0
1704508,,,0.0
1708241,,,0.0
1712546,,,0.0
1715882,,,0.0
1720988,,,0.0
1722489,,,0.0
1724072,,,0.0
1731246,,,0.0
1736376,,,0.0
1740101,,,0.0
