id,lang_code,text,translated,overlap_before,overlap_after,error
3006,,,,0.0,0.0,
19205,en,CTHULHU,,1.0,1.0,
27726,en,Q,,0.0,0.0,
40351,zh-TW,淫屍戲血,Zombie Bloods,0.0,0.0,
55142,th,เคอระไชวินใก,Kerachin Bay,0.0,0.0,
73179,en,Haunted Gold,,1.0,1.0,
88780,,,,0.0,0.0,
100480,zh,食,Food,0.0,0.0,
145996,zh-TW,鬼見你,Ghost See You,0.0,0.6667,
171367,en,the jar,,1.0,1.0,
212930,en,theRitual,,0.0,0.0,
245492,en,geethanjali,,1.0,1.0,
255537,en,ASHES OF DOOM,,1.0,1.0,
266501,,,,0.0,0.0,
282443,,,,0.0,0.0,
300584,,,,0.0,0.0,
317578,ca,HAPLÓS,HAPLOS,0.0,1.0,
322530,zh-TW,情意啊動合,"Sentiment, love.",0.0,0.0,
330163,en,Gorilla,,1.0,1.0,
337029,en,FRANKENSTEIN,,1.0,1.0,
348125,,,,0.0,0.0,
361988,,,,0.0,0.0,
376094,en,Doomed Disaster,,1.0,1.0,
386396,,,,0.0,0.0,
392569,tk,Aadupuliyattam,,1.0,1.0,
399701,,,,0.0,0.0,
406591,ja,触感ハンター,Tactile Hunter,0.0,0.0,
419391,,,,0.0,0.0,
424650,,,,0.0,0.0,
440255,,,,0.0,0.0,
447724,,,,0.0,0.0,
450934,ko,목두기 비디오,Neckline video,0.0,0.5,
458716,es,Juego de Niñas,,1.0,1.0,
465996,,,,0.0,0.0,
470757,,,,0.0,0.0,
479876,en,EMMA,,1.0,1.0,
482435,,,,0.0,0.0,
484393,,,,0.0,0.0,
485751,en,AGONY,,1.0,1.0,
491564,,,,0.0,0.0,
502617,,,,0.0,0.0,
507961,,,,0.0,0.0,
514101,ar,سفير الجحيم,The Ambassador of Hell,0.0,1.0,
516182,,,,0.0,0.0,
524086,,,,0.0,0.0,
527780,,,,0.0,0.0,
529438,,,,0.0,0.0,
533565,,,,0.0,0.0,
542104,uz,Kinavalli,,1.0,1.0,
548027,,,,0.0,0.0,
553530,,,,0.0,0.0,
557932,,,,0.0,0.0,
565851,,,,0.0,0.0,
568649,,,,0.0,0.0,
578443,,,,0.0,0.0,
583016,,,,0.0,0.0,
591309,,,,0.0,0.0,
601683,,,,0.0,0.0,
606373,,,,0.0,0.0,
609374,,,,0.0,0.0,
617761,,,,0.0,0.0,
630979,,,,0.0,0.0,
639283,,,,0.0,0.0,
643213,,,,0.0,0.0,
644686,,,,0.0,0.0,
652794,,,,0.0,0.0,
657625,,,,0.0,0.0,
662521,,,,0.0,0.0,
666771,en,H.I.M.,,0.0,0.0,
670638,,,,0.0,0.0,
676285,,,,0.0,0.0,
679985,,,,0.0,0.0,
687766,,,,0.0,0.0,
690131,,,,0.0,0.0,
690799,,,,0.0,0.0,
694556,,,,0.0,0.0,
702649,,,,0.0,0.0,
717972,en,FLICK,,1.0,1.0,
720667,,,,0.0,0.0,
726025,,,,0.0,0.0,
728295,,,,0.0,0.0,
730103,zh-TW,人間蒸発,Human Steaming,0.0,0.3333,
734878,,,,0.0,0.0,
738796,,,,0.0,0.0,
743964,,,,0.0,0.0,
747005,,,,0.0,0.0,
750923,,,,0.0,0.0,
753328,,,,0.0,0.0,
757173,,,,0.0,0.0,
762655,,,,0.0,0.0,
764309,,,,0.0,0.0,
766309,,,,0.0,0.0,
770632,,,,0.0,0.0,
774559,,,,0.0,0.0,
781004,,,,0.0,0.0,
787046,,,,0.0,0.0,
791907,,,,0.0,0.0,
795952,,,,0.0,0.0,
796571,,,,0.0,0.0,
797932,,,,0.0,0.0,
800474,,,,0.0,0.0,
806892,,,,0.0,0.0,
812657,,,,0.0,0.0,
816519,,,,0.0,0.0,
821501,en,Shapeless,,1.0,1.0,
826099,,,,0.0,0.0,
830358,,,,0.0,0.0,
836519,zh-TW,恐怖新聞,Horror News,0.0,1.0,
842120,zh,腐れ女,Rotten Woman,0.0,0.3333,
848483,en,P L O V E,,0.0,0.0,
850127,en,GH5,,1.0,1.0,
853034,,,,0.0,0.0,
855302,zh,鬼魅情缘,Haunted Love,0.0,0.0,
858270,,,,0.0,0.0,
864237,,,,0.0,0.0,
874051,,,,0.0,0.0,
877832,tr,BUCKJONUN,BUCKJONUN,0.0,0.0,
881906,,,,0.0,0.0,
886218,,,,0.0,0.0,
893028,,,,0.0,0.0,
897874,,,,0.0,0.0,
904633,,,,0.0,0.0,
912163,,,,0.0,0.0,
923635,ja,シンホロラ,Shinhorola,0.0,0.0,
931099,,,,0.0,0.0,
933224,,,,0.0,0.0,
937747,,,,0.0,0.0,
940754,,,,0.0,0.0,
943003,,,,0.0,0.0,
948124,,,,0.0,0.0,
953160,ja,元市さん,Mr. Motoichi,0.0,0.0,
955672,,,,0.0,0.0,
960678,,,,0.0,0.0,
967588,,,,0.0,0.0,
970324,,,,0.0,0.0,
975078,,,,0.0,0.0,
977647,,,,0.0,0.0,
979737,,,,0.0,0.0,
983565,zh-TW,恐怖動画16,Horror Movies 16,0.2,0.4,
989253,,,,0.0,0.0,
994138,en,PARK NATURE,,0.5,0.5,
997833,,,,0.0,0.0,
1005014,,,,0.0,0.0,
1013699,,,,0.0,0.0,
1016385,,,,0.0,0.0,
1021742,,,,0.0,0.0,
1023947,,,,0.0,0.0,
1028999,,,,0.0,0.0,
1034590,en,virupaksha,,1.0,1.0,
1041478,,,,0.0,0.0,
1047810,,,,0.0,0.0,
1049324,,,,0.0,0.0,
1054022,ja,呪怨日本地図!!杉沢村の呪いを追え,Curse Japan Map!! Follow the curse of Sugisawa Village,0.0,0.7778,
1059537,en,KILL TIME,,1.0,1.0,
1067138,ja,踊るお嬢様,dancing young lady,0.0,0.5,
1074246,,,,0.0,0.0,
1078307,,,,0.0,0.0,
1078664,,,,0.0,0.0,
1082779,,,,0.0,0.0,
1085694,,,,0.0,0.0,
1090518,id,Karungaapiyam,,1.0,1.0,
1093850,,,,0.0,0.0,
1097135,,,,0.0,0.0,
1101683,sv,BiPOLARIS,,1.0,1.0,
1103985,ja,"パチンコ
女の仇討","slingshot
A Woman's Revenge",0.0,0.4,
1110645,,,,0.0,0.0,
1114142,,,,0.0,0.0,
1118367,mg,IDA,,1.0,1.0,
1121405,,,,0.0,0.0,
1125585,zh-TW,都市伝説 零子學園,Urban Legend Zero School,0.0,0.4,
1131806,,,,0.0,0.0,
1139141,,,,0.0,0.0,
1143007,zh,血を吸う笛,Blood-sucking whistle,0.0,0.25,
1146542,,,,0.0,0.0,
1149695,,,,0.0,0.0,
1151740,,,,0.0,0.0,
1157708,,,,0.0,0.0,
1162936,en,BABUSHKA,,1.0,1.0,
1166947,zh,鬼校,Ghost school,0.0,0.5,
1171300,,,,0.0,0.0,
1173168,,,,0.0,0.0,
1174247,zh-TW,鬼橋,Ghost Bridge,0.0,0.5,
1179402,en,don khamod,,1.0,1.0,
1180529,th,สูกระนางราก,Root Sugarcane,0.0,0.0,
1184925,en,MIDNIGHT OXYGEN,,1.0,1.0,
1189888,,,,0.0,0.0,
1195581,,,,0.0,0.0,
1199073,zh,魔男的蛇,The devil's snake,0.0,0.5,
1201038,,,,0.0,0.0,
1203676,,,,0.0,0.0,
1206990,,,,0.0,0.0,
1211305,,,,0.0,0.0,
1218320,,,,0.0,0.0,
1221579,,,,0.0,0.0,
1227615,,,,0.0,0.0,
1230992,,,,0.0,0.0,
1232818,en,DESINT'GRATION,,0.0,0.0,
1238437,,,,0.0,0.0,
1241689,,,,0.0,0.0,
1244831,ja,親きあな4,My Dear Friend 4,0.0,0.0,
1249052,zh-TW,京都多電マプ400年的没子,KYOTO MULTI-ELECTRIC MOP 400 YEARS AGO,0.0833,0.1667,
1255394,,,,0.0,0.0,
1260835,en,777,,1.0,1.0,
1263175,,,,0.0,0.0,
1267079,,,,0.0,0.0,
1271607,en,"the title text you actually see on the poster, or empty if none",,0.5,0.5,
1277003,,,,0.0,0.0,
1280889,,,,0.0,0.0,
1282649,,,,0.0,0.0,
1287099,,,,0.0,0.0,
1290310,,,,0.0,0.0,
1293300,,,,0.0,0.0,
1296035,en,shadow people,,1.0,1.0,
1300785,,,,0.0,0.0,
1302691,,,,0.0,0.0,
1306119,ja,人喰い鮫　女,Man-eating shark woman,0.0,0.6667,
1308382,ja,おうりりりん,Ouri Ririn,0.0,0.0,
1311483,,,,0.0,0.0,
1315058,,,,0.0,0.0,
1317033,en,DEAD FISH,,1.0,1.0,
1318016,,,,0.0,0.0,
1320176,,,,0.0,0.0,
1321069,zh,吸血鬼尖叫,vampire screams,0.0,0.5,
1321870,,,,0.0,0.0,
1326334,,,,0.0,0.0,
1333104,en,SNAKE BITE,,1.0,1.0,
1340233,en,TENTBURNER,,0.0,0.0,
1351919,,,,0.0,0.0,
1356347,,,,0.0,0.0,
1361326,,,,0.0,0.0,
1365594,,,,0.0,0.0,
1368769,or,ହନିମୁନ,,0.0,0.0,An error occurred (UnsupportedLanguagePairException) when calling the TranslateText operation: Unsupported language pair: or to en.
1372678,,,,0.0,0.0,
1374642,,,,0.0,0.0,
1377383,,,,0.0,0.0,
1379708,,,,0.0,0.0,
1381901,,,,0.0,0.0,
1383676,,,,0.0,0.0,
1389323,,,,0.0,0.0,
1393570,,,,0.0,0.0,
1395464,,,,0.0,0.0,
1398014,id,jaa mimo,Jaa MIMO,0.0,0.0,
1410067,,,,0.0,0.0,
1414507,pt,CHUVA,,1.0,1.0,
1417605,,,,0.0,0.0,
1424738,,,,0.0,0.0,
1432204,,,,0.0,0.0,
1434208,,,,0.0,0.0,
1436678,,,,0.0,0.0,
1443311,,,,0.0,0.0,
1452443,ja,白馬百物言：みんな效れだいいんだ,"Hakuba Hyakmonogyo: Everyone works, it's fine",0.0,0.0,
1457768,,,,0.0,0.0,
1460221,,,,0.0,0.0,
1464715,tr,anatta,,1.0,1.0,
1468983,,,,0.0,0.0,
1475943,,,,0.0,0.0,
1483306,,,,0.0,0.0,
1486442,,,,0.0,0.0,
1492155,,,,0.0,0.0,
1495444,,,,0.0,0.0,
1499297,,,,0.0,0.0,
1504654,,,,0.0,0.0,
1506848,,,,0.0,0.0,
1510606,,,,0.0,0.0,
1515590,en,MADONNA NON GRATA,,1.0,1.0,
1519482,no,BARDENSRA,,1.0,1.0,
1526650,en,Mudborn,,1.0,1.0,
1534873,fr,L'OUVERTURE,,1.0,1.0,
1539577,,,,0.0,0.0,
1543356,,,,0.0,0.0,
1545985,,,,0.0,0.0,
1548140,en,Q,,0.0,0.0,
1550772,,,,0.0,0.0,
1553496,,,,0.0,0.0,
1558386,,,,0.0,0.0,
1563145,,,,0.0,0.0,
1568165,,,,0.0,0.0,
1571063,,,,0.0,0.0,
1574119,zh,恐怖的鬼,Terrible ghost,0.0,0.5,
1577795,,,,0.0,0.0,
1581907,fa,شب پنجشنبه,Thursday night,0.0,1.0,
1586304,,,,0.0,0.0,
1593094,,,,0.0,0.0,
1596328,,,,0.0,0.0,
1600449,,,,0.0,0.0,
1604118,,,,0.0,0.0,
1606966,,,,0.0,0.0,
1610761,,,,0.0,0.0,
1615800,en,TRANSFORMATION,,1.0,1.0,
1620810,en,IF I FLINCH I DIE,,1.0,1.0,
1624511,,,,0.0,0.0,
1630858,,,,0.0,0.0,
1633413,,,,0.0,0.0,
1638902,,,,0.0,0.0,
1642649,,,,0.0,0.0,
1647795,,,,0.0,0.0,
1651069,,,,0.0,0.0,
1655224,,,,0.0,0.0,
1659112,,,,0.0,0.0,
1662415,en,SEPTICEMIA,,1.0,1.0,
1666010,,,,0.0,0.0,
1671319,,,,0.0,0.0,
1678298,en,the waiter,,1.0,1.0,
1684132,,,,0.0,0.0,
1689484,,,,0.0,0.0,
1692531,,,,0.0,0.0,
1699043,,,,0.0,0.0,
1701304,,,,0.0,0.0,
1705345,,,,0.0,0.0,
1708324,,,,0.0,0.0,
1713161,pt,Mácula,,1.0,1.0,
1716508,,,,0.0,0.0,
1721011,,,,0.0,0.0,
1722502,en,Dishti Bomma,,1.0,1.0,
1725794,,,,0.0,0.0,
1732268,,,,0.0,0.0,
1736769,,,,0.0,0.0,
1740656,,,,0.0,0.0,
9095,en,Mary Reilly,,1.0,1.0,
20015,vi,KM31,KM31,0.0,0.0,
28454,en,CTHULHU MANSION,,1.0,1.0,
40368,en,NIGHTMARE,,1.0,1.0,
56328,en,2002,,1.0,1.0,
77483,en,Dunderland,,1.0,1.0,
88784,,,,0.0,0.0,
106569,zh,鬼,spook,0.0,0.0,
151022,ja,雷りスト,Lightning Strike,0.0,0.0,
174838,,,,0.0,0.0,
227992,en,Necronomica,,1.0,1.0,
246548,,,,0.0,0.0,
256030,en,MUCK,,1.0,1.0,
266539,ja,仮面ライダーアマゾン,Kamen Rider Amazon,0.0,0.6,
283419,ja,地獄の島,Hell's Island,0.0,0.6667,
301992,en,PRISON PIT,,0.5,0.5,
317712,ja,さよならの・イー,Goodbye Yi,0.0,0.0,
324021,ja,姫路城の物語,The story of Himeji Castle,0.0,0.8,
330291,,,,0.0,0.0,
337085,en,E2TRANGED,,0.0,0.0,
352675,en,pakalpooram,,1.0,1.0,
363164,,,,0.0,0.0,
377409,en,Killer,,1.0,1.0,
387063,,,,0.0,0.0,
392595,,,,0.0,0.0,
400342,,,,0.0,0.0,
409330,,,,0.0,0.0,
420674,,,,0.0,0.0,
426063,en,nosferatu,,1.0,1.0,
440444,en,PIERCING,,1.0,1.0,
447726,,,,0.0,0.0,
451331,,,,0.0,0.0,
458971,,,,0.0,0.0,
466088,,,,0.0,0.0,
473729,,,,0.0,0.0,
480002,,,,0.0,0.0,
482531,,,,0.0,0.0,
484394,,,,0.0,0.0,
485789,te,భాగమ్మతీ,Bhagammati,0.0,0.0,
493198,,,,0.0,0.0,
502755,,,,0.0,0.0,
508385,,,,0.0,0.0,
514233,,,,0.0,0.0,
516327,,,,0.0,0.0,
524138,,,,0.0,0.0,
528146,en,Aathma Bandhana,,1.0,1.0,
529717,,,,0.0,0.0,
534161,zh-TW,單身男女,Single Male Female,0.0,0.0,
542274,en,Abhisaarike,,1.0,1.0,
548784,zh,天皆女子,Tenminai girls,0.0,0.0,
553880,,,,0.0,0.0,
558510,,,,0.0,0.0,
566025,,,,0.0,0.0,
569329,,,,0.0,0.0,
578469,,,,0.0,0.0,
584466,en,"the title text you actually see on the poster, or empty if none",,0.0,0.0,
592912,,,,0.0,0.0,
603431,,,,0.0,0.0,
606519,,,,0.0,0.0,
611636,en,stucco,,1.0,1.0,
617935,,,,0.0,0.0,
632259,en,RETCH,,1.0,1.0,
639495,en,CHLOROFORMED,,1.0,1.0,
643375,,,,0.0,0.0,
647156,,,,0.0,0.0,
652823,,,,0.0,0.0,
657877,,,,0.0,0.0,
663016,,,,0.0,0.0,
667098,,,,0.0,0.0,
671078,,,,0.0,0.0,
676291,,,,0.0,0.0,
680094,,,,0.0,0.0,
687794,,,,0.0,0.0,
690135,,,,0.0,0.0,
691155,,,,0.0,0.0,
694951,,,,0.0,0.0,
705279,,,,0.0,0.0,
718859,,,,0.0,0.0,
721139,,,,0.0,0.0,
726031,,,,0.0,0.0,
728308,,,,0.0,0.0,
730375,ja,静かな怪しい午後に,"On a quiet, suspicious afternoon",0.0,0.0,
735012,,,,0.0,0.0,
739591,,,,0.0,0.0,
744447,,,,0.0,0.0,
747521,,,,0.0,0.0,
751365,,,,0.0,0.0,
753337,,,,0.0,0.0,
757854,,,,0.0,0.0,
762660,,,,0.0,0.0,
764794,,,,0.0,0.0,
767152,en,Stiff,,1.0,1.0,
770973,,,,0.0,0.0,
774629,,,,0.0,0.0,
782214,,,,0.0,0.0,
787760,,,,0.0,0.0,
791908,,,,0.0,0.0,
795962,ja,ゾンミちゃん,Zommi-chan,0.0,0.1429,
797006,,,,0.0,0.0,
797937,,,,0.0,0.0,
800984,en,BUSSY,,1.0,1.0,
809570,,,,0.0,0.0,
812694,,,,0.0,0.0,
817170,,,,0.0,0.0,
822821,fr,Breus Reuces,Breus Reuces,0.0,0.0,
826863,,,,0.0,0.0,
831012,,,,0.0,0.0,
836525,,,,0.0,0.0,
843290,,,,0.0,0.0,
849046,,,,0.0,0.0,
850236,en,chuzhal,,1.0,1.0,
853688,,,,0.0,0.0,
855472,,,,0.0,0.0,
859659,,,,0.0,0.0,
865949,,,,0.0,0.0,
874995,,,,0.0,0.0,
878720,,,,0.0,0.0,
882186,,,,0.0,0.0,
886638,,,,0.0,0.0,
893335,,,,0.0,0.0,
898348,,,,0.0,0.0,
906200,,,,0.0,0.0,
912650,en,MORTUS,,0.0,0.0,
926070,,,,0.0,0.0,
931317,,,,0.0,0.0,
933246,,,,0.0,0.0,
938133,lt,N°·°·°,N°·°·°,0.0,0.0,
940972,,,,0.0,0.0,
943034,,,,0.0,0.0,
949909,id,Kuntilanak 3,,1.0,1.0,
953714,,,,0.0,0.0,
955715,,,,0.0,0.0,
961652,,,,0.0,0.0,
967810,,,,0.0,0.0,
972988,,,,0.0,0.0,
976532,,,,0.0,0.0,
977648,,,,0.0,0.0,
980677,,,,0.0,0.0,
983581,ja,恐怖の東京ビデオ17,Tokyo Fright Video 17,0.2,0.4,
991544,,,,0.0,0.0,
994633,,,,0.0,0.0,
999287,,,,0.0,0.0,
1005559,,,,0.0,0.0,
1013854,en,ALANA,,1.0,1.0,
1017030,,,,0.0,0.0,
1021798,,,,0.0,0.0,
1024207,,,,0.0,0.0,
1029683,,,,0.0,0.0,
1034771,,,,0.0,0.0,
1041554,,,,0.0,0.0,
1048107,,,,0.0,0.0,
1049608,ja,恐怖の東京ビデオ21,Tokyo of Fear video 21,0.2,0.6,
1054285,ja,修羅の国,Shura,0.0,0.5,
1060195,,,,0.0,0.0,
1067509,,,,0.0,0.0,
1074249,,,,0.0,0.0,
1078317,,,,0.0,0.0,
1079740,,,,0.0,0.0,
1083022,,,,0.0,0.0,
1086046,ja,腐った幽霊,Rotten Ghosts,0.0,0.3333,
1091407,en,Blood Lust,,1.0,1.0,
1094113,,,,0.0,0.0,
1097612,zh,新本米之三姑,The Three Moons of New Honmae,0.0,0.3333,
1101703,zh,新开心鬼,New happy ghost,0.0,0.0,
1105435,en,MEAT,,1.0,1.0,
1110649,,,,0.0,0.0,
1114750,de,NIEMAND,,1.0,1.0,
1118857,,,,0.0,0.0,
1121432,en,Phoenix,,1.0,1.0,
1125649,,,,0.0,0.0,
1133248,,,,0.0,0.0,
1140480,zh-TW,電机思人,The Electrical Thinker,0.0,0.0,
1143697,,,,0.0,0.0,
1146575,et,PAKULTANAHJAWA,PAKULTANAHJAWA,0.0,0.0,
1149701,,,,0.0,0.0,
1151937,,,,0.0,0.0,
1158484,en,TREES,,1.0,1.0,
1163427,en,JOHNNY ANTHOJOHNNY,,1.0,1.0,
1167764,,,,0.0,0.0,
1171889,,,,0.0,0.0,
1173275,,,,0.0,0.0,
1174342,zh,热情,zest,0.0,0.0,
1179549,th,เทพเจ้าแห่งความตาย,God of Death,0.0,0.75,
1180756,en,krai thong,,1.0,1.0,
1185377,,,,0.0,0.0,
1190772,,,,0.0,0.0,
1196070,,,,0.0,0.0,
1199122,ja,恐怖実話 呪い,Horror true story curse,0.0,0.25,
1201188,,,,0.0,0.0,
1204029,,,,0.0,0.0,
1206993,,,,0.0,0.0,
1211899,,,,0.0,0.0,
1219673,,,,0.0,0.0,
1222617,,,,0.0,0.0,
1227630,,,,0.0,0.0,
1231045,en,OTIS,,0.3333,0.3333,
1233557,,,,0.0,0.0,
1238742,,,,0.0,0.0,
1242176,,,,0.0,0.0,
1245162,,,,0.0,0.0,
1249591,zh-TW,恐怖心霊動画 怨霊,Horror Snape Cartoon Complaints,0.0,0.0,
1255452,ja,毒劇!呪いの心霊スポット極楽,Poison drama! Cursed Ghost Spot Paradise,0.0,0.0,
1261094,,,,0.0,0.0,
1263426,zh,天地正义,Heaven and Earth Justice,0.0,0.6,
1267153,,,,0.0,0.0,
1272300,en,FORECLOSURE 2,,1.0,1.0,
1277901,,,,0.0,0.0,
1281250,,,,0.0,0.0,
1284281,,,,0.0,0.0,
1287123,,,,0.0,0.0,
1290430,,,,0.0,0.0,
1293317,en,CREATURE,,1.0,1.0,
1296590,,,,0.0,0.0,
1300942,,,,0.0,0.0,
1304559,es,Columnas de Sangre,,1.0,1.0,
1306511,,,,0.0,0.0,
1308384,,,,0.0,0.0,
1312549,,,,0.0,0.0,
1315445,zh,画皮,Painted skin,0.0,1.0,
1317072,,,,0.0,0.0,
1318113,,,,0.0,0.0,
1320348,,,,0.0,0.0,
1321070,,,,0.0,0.0,
1322696,,,,0.0,0.0,
1327426,,,,0.0,0.0,
1334664,en,PHENOMENON,,1.0,1.0,
1341041,zh-TW,"鬼片
靈異","Ghostbusters
Spiritual",0.0,0.0,
1352257,,,,0.0,0.0,
1356353,,,,0.0,0.0,
1361397,,,,0.0,0.0,
1365751,,,,0.0,0.0,
1368953,,,,0.0,0.0,
1372692,,,,0.0,0.0,
1375238,,,,0.0,0.0,
1377690,zh-TW,首無島,The first island,0.0,0.5,
1379716,,,,0.0,0.0,
1382321,,,,0.0,0.0,
1385721,,,,0.0,0.0,
1389968,,,,0.0,0.0,
1393895,,,,0.0,0.0,
1395614,,,,0.0,0.0,
1398734,,,,0.0,0.0,
1410549,,,,0.0,0.0,
1414671,,,,0.0,0.0,
1418444,,,,0.0,0.0,
1424826,zh-TW,東京惡靈旅館,Tokyo Malachi Ryokan,0.0,0.3333,
1432516,en,"Goke, Bodysnatcher from Hell",,0.25,0.25,
1434418,,,,0.0,0.0,
1438780,,,,0.0,0.0,
1444302,pt,Podres Alegorias,,1.0,1.0,
1453271,,,,0.0,0.0,
1457820,en,convalescent,,1.0,1.0,
1460589,,,,0.0,0.0,
1464992,,,,0.0,0.0,
1471061,en,Khel,,1.0,1.0,
1478029,zh,"蛇
神","snakes
gods",0.0,0.0,
1483428,,,,0.0,0.0,
1487210,,,,0.0,0.0,
1492635,,,,0.0,0.0,
1495718,es,BALJJEO,,1.0,1.0,
1499799,,,,0.0,0.0,
1504677,,,,0.0,0.0,
1506946,,,,0.0,0.0,
1510609,,,,0.0,0.0,
1516591,,,,0.0,0.0,
1520017,,,,0.0,0.0,
1529067,,,,0.0,0.0,
1535813,,,,0.0,0.0,
1540162,,,,0.0,0.0,
1544051,,,,0.0,0.0,
1546574,,,,0.0,0.0,
1548141,en,Q,,0.0,0.0,
1550778,,,,0.0,0.0,
1553741,,,,0.0,0.0,
1558468,en,Shambhala,,1.0,1.0,
1563653,,,,0.0,0.0,
1568448,zh,鬼泣海岸,Devil May Cry Coast,0.0,0.5,
1571171,,,,0.0,0.0,
1574634,,,,0.0,0.0,
1579014,,,,0.0,0.0,
1582037,,,,0.0,0.0,
1586421,,,,0.0,0.0,
1593740,en,COOKIE CUTTER,,1.0,1.0,
1598383,en,Aphorisms of the Circus,,1.0,1.0,
1601123,en,Attrition,,1.0,1.0,
1604555,,,,0.0,0.0,
1607008,,,,0.0,0.0,
1610847,fr,GONFLESH,INFLESH,0.0,0.0,
1616160,en,Scorching,,1.0,1.0,
1621268,,,,0.0,0.0,
1624513,,,,0.0,0.0,
1630859,,,,0.0,0.0,
1633457,,,,0.0,0.0,
1639192,,,,0.0,0.0,
1642656,,,,0.0,0.0,
1648343,,,,0.0,0.0,
1651331,,,,0.0,0.0,
1656117,,,,0.0,0.0,
1659315,,,,0.0,0.0,
1662480,,,,0.0,0.0,
1666912,en,AVOIDANT ATTACHMENT,,1.0,1.0,
1671363,,,,0.0,0.0,
1678301,,,,0.0,0.0,
1685843,,,,0.0,0.0,
1689911,,,,0.0,0.0,
1692539,,,,0.0,0.0,
1699061,,,,0.0,0.0,
1701314,,,,0.0,0.0,
1706830,,,,0.0,0.0,
1708493,,,,0.0,0.0,
1713418,,,,0.0,0.0,
1718361,en,DOOM,,1.0,1.0,
1721262,,,,0.0,0.0,
1722702,en,DEVOUR,,1.0,1.0,
1727347,,,,0.0,0.0,
1732440,zh,僵尸国度,Zombieland,0.0,0.0,
1737111,,,,0.0,0.0,
1742312,,,,0.0,0.0,
9669,en,RING,,0.0,0.0,
20215,en,BOO,,1.0,1.0,
28780,en,the deathmaster,,1.0,1.0,
47957,en,MADMAN,,1.0,1.0,
56915,en,BLOWN,,1.0,1.0,
79624,,,,0.0,0.0,
90063,en,VAMPIRES IN HAVANA,,1.0,1.0,
123107,en,Hellbenders,,1.0,1.0,
152357,id,Kana Kanmani,,1.0,1.0,
194759,en,Reel Horror,,1.0,1.0,
233203,zh-TW,女衛刀,Women's Guard Knife,0.0,0.0,
250417,en,CLAY,,1.0,1.0,
257567,ja,消えた７日間,7 days that disappeared,0.0,0.0,
269588,vi,km31,KM31,0.0,0.0,
285981,,,,0.0,0.0,
306951,,,,0.0,0.0,
317873,no,DTM,DTM,0.0,0.0,
327568,,,,0.0,0.0,
330425,en,Kanchana 2,,1.0,1.0,
343041,,,,0.0,0.0,
353127,,,,0.0,0.0,
369452,en,SQUID,,0.5,0.5,
377787,,,,0.0,0.0,
387737,ja,マリアの胃袋,Maria's Stomach,0.0,1.0,
394860,en,GRIMEWAVE,,0.3333,0.3333,
401560,,,,0.0,0.0,
411279,,,,0.0,0.0,
421197,de,phinfathan,phinfathan,0.0,0.0,
426293,,,,0.0,0.0,
443151,,,,0.0,0.0,
447728,,,,0.0,0.0,
452250,en,Sivalinga,,1.0,1.0,
459856,,,,0.0,0.0,
466266,,,,0.0,0.0,
473786,,,,0.0,0.0,
480406,pt,AÇÚCAR,,1.0,1.0,
482919,zh-TW,匿名電話,Anonymous phone,0.0,0.5,
484396,,,,0.0,0.0,
486515,,,,0.0,0.0,
494445,en,BLOODRAPE,,1.0,1.0,
505330,,,,0.0,0.0,
508388,,,,0.0,0.0,
514277,tl,MARA,,1.0,1.0,
517226,,,,0.0,0.0,
524432,,,,0.0,0.0,
528325,,,,0.0,0.0,
530253,,,,0.0,0.0,
534478,,,,0.0,0.0,
542580,en,13 INVESTIGATION,,1.0,1.0,
549707,,,,0.0,0.0,
555455,,,,0.0,0.0,
558899,,,,0.0,0.0,
566325,,,,0.0,0.0,
570453,,,,0.0,0.0,
578897,,,,0.0,0.0,
584682,en,Daydream,,1.0,1.0,
592989,,,,0.0,0.0,
603644,,,,0.0,0.0,
607137,en,momo,,1.0,1.0,
612811,zh-TW,凌遲——一張歷史照片的回聲,Lateness — A Recollection of a Historical Photo,0.0,0.4,
622488,ja,魚克のキタロ　大外魚戦争,Uokatsu no Kitaro Great Outfish War,0.0,0.5714,
634171,,,,0.0,0.0,
639571,,,,0.0,0.0,
643377,,,,0.0,0.0,
648473,,,,0.0,0.0,
653355,,,,0.0,0.0,
657891,,,,0.0,0.0,
664049,sl,JASU,,1.0,1.0,
667459,,,,0.0,0.0,
672043,,,,0.0,0.0,
676292,,,,0.0,0.0,
680793,,,,0.0,0.0,
687859,,,,0.0,0.0,
690136,,,,0.0,0.0,
691223,,,,0.0,0.0,
695256,,,,0.0,0.0,
706199,,,,0.0,0.0,
719276,,,,0.0,0.0,
722635,,,,0.0,0.0,
726062,,,,0.0,0.0,
728872,,,,0.0,0.0,
730627,,,,0.0,0.0,
735504,,,,0.0,0.0,
741592,cy,cyst,,1.0,1.0,
745047,,,,0.0,0.0,
747923,,,,0.0,0.0,
751401,,,,0.0,0.0,
753726,,,,0.0,0.0,
758547,,,,0.0,0.0,
762741,,,,0.0,0.0,
764923,ja,知たくのあって学校雲堂,School Undo,0.0,0.0,
767243,nl,OPTICA,,1.0,1.0,
771266,,,,0.0,0.0,
775381,,,,0.0,0.0,
782575,,,,0.0,0.0,
788376,,,,0.0,0.0,
792505,,,,0.0,0.0,
795987,,,,0.0,0.0,
797047,,,,0.0,0.0,
798823,,,,0.0,0.0,
801527,,,,0.0,0.0,
809703,,,,0.0,0.0,
812822,en,FEAST OF BURDEN,,1.0,1.0,
817514,,,,0.0,0.0,
823491,en,OUT OF DARKNESS,,1.0,1.0,
827797,,,,0.0,0.0,
831186,en,REPUGNANT MUTILATION,,1.0,1.0,
836795,,,,0.0,0.0,
843784,,,,0.0,0.0,
849268,,,,0.0,0.0,
850372,en,S,,0.0,0.0,
853979,,,,0.0,0.0,
856091,,,,0.0,0.0,
860458,en,HOMUNCULUS,,0.0,0.0,
868551,,,,0.0,0.0,
875137,,,,0.0,0.0,
878844,,,,0.0,0.0,
882218,en,WOLFUP,,0.0,0.0,
887924,,,,0.0,0.0,
893439,,,,0.0,0.0,
899123,,,,0.0,0.0,
910807,pl,FURT,FURRY,0.0,0.0,
917791,,,,0.0,0.0,
926074,,,,0.0,0.0,
931325,,,,0.0,0.0,
934630,,,,0.0,0.0,
938251,,,,0.0,0.0,
941189,es,HAB,HAB,0.0,0.0,
943600,,,,0.0,0.0,
950778,,,,0.0,0.0,
954439,,,,0.0,0.0,
958590,,,,0.0,0.0,
963824,,,,0.0,0.0,
967814,,,,0.0,0.0,
973120,,,,0.0,0.0,
977500,,,,0.0,0.0,
977649,,,,0.0,0.0,
980702,,,,0.0,0.0,
985615,,,,0.0,0.0,
991825,,,,0.0,0.0,
994640,,,,0.0,0.0,
999981,,,,0.0,0.0,
1006930,,,,0.0,0.0,
1013870,en,KIDS VS ALIENS,,1.0,1.0,
1017612,ja,知らない世界のミステリアスな恋,Mysterious Love in an Unknown World,0.0,0.375,
1022680,,,,0.0,0.0,
1027409,,,,0.0,0.0,
1029686,,,,0.0,0.0,
1035936,,,,0.0,0.0,
1042720,en,SYMPATHY FOR THE DEVIL,,1.0,1.0,
1048140,,,,0.0,0.0,
1049935,zh-TW,東京残酷映像23,Tokyo Brutal Image 23,0.2,0.4,
1054626,en,the bhootnii,,1.0,1.0,
1061032,,,,0.0,0.0,
1068425,,,,0.0,0.0,
1074648,,,,0.0,0.0,
1078318,,,,0.0,0.0,
1079928,,,,0.0,0.0,
1083771,ja,江戸 女犯 責め 絵巻,Edo Female Criminals Emaki,0.0,0.1429,
1086851,,,,0.0,0.0,
1091669,,,,0.0,0.0,
1094206,,,,0.0,0.0,
1098173,,,,0.0,0.0,
1102006,,,,0.0,0.0,
1106982,,,,0.0,0.0,
1111255,,,,0.0,0.0,
1115700,,,,0.0,0.0,
1118899,en,Liminal,,0.5,0.5,
1121583,,,,0.0,0.0,
1126010,,,,0.0,0.0,
1134427,,,,0.0,0.0,
1140766,,,,0.0,0.0,
1144719,ja,おかむろさん,Okamuro-san,0.0,1.0,
1146740,,,,0.0,0.0,
1150649,zh,访客,visitors,0.0,0.0,
1151960,zh-TW,鬼殺,Ghostkilling,0.0,0.0,
1159534,,,,0.0,0.0,
1164853,ta,அங்காரகன்,Ankaragan,0.0,0.0,
1168088,,,,0.0,0.0,
1172010,,,,0.0,0.0,
1173424,,,,0.0,0.0,
1174494,,,,0.0,0.0,
1179729,tl,Pi Kaew Nang Hong,,1.0,1.0,
1180853,es,Autorretrato,,1.0,1.0,
1185950,,,,0.0,0.0,
1190953,en,MASSAGER WITHINISTER,,0.0,0.0,
1198050,ja,木霊の森,Forest of Ju Ling,0.0,0.0,
1199364,,,,0.0,0.0,
1201198,,,,0.0,0.0,
1204908,zh,新解釈・番町皿屋敷,Bancho Sarayashiki,0.0,0.1429,
1207227,,,,0.0,0.0,
1213180,,,,0.0,0.0,
1220252,,,,0.0,0.0,
1223546,,,,0.0,0.0,
1228784,,,,0.0,0.0,
1231268,ja,東京外登マプ1　日本の㤀年の新婗にってかるさが郷,Tokyo Gaito Mapu 1: Karusagato in the New Year of the Japanese Rat,0.0,0.2727,
1234069,,,,0.0,0.0,
1239395,,,,0.0,0.0,
1242644,,,,0.0,0.0,
1245342,,,,0.0,0.0,
1249600,zh-TW,恐怖心霊動画8 闇編,Horror Snape Movie 8,0.0,0.0,
1256281,,,,0.0,0.0,
1261260,,,,0.0,0.0,
1263600,,,,0.0,0.0,
1267268,,,,0.0,0.0,
1272407,,,,0.0,0.0,
1278048,,,,0.0,0.0,
1281266,,,,0.0,0.0,
1284304,,,,0.0,0.0,
1287381,,,,0.0,0.0,
1290458,,,,0.0,0.0,
1293320,,,,0.0,0.0,
1296798,,,,0.0,0.0,
1301061,zh,她的秘密,Her secrets,0.0,0.3333,
1304736,,,,0.0,0.0,
1306693,,,,0.0,0.0,
1308975,,,,0.0,0.0,
1312584,,,,0.0,0.0,
1315466,en,NIGHT/TIME,,1.0,1.0,
1317084,,,,0.0,0.0,
1318153,ja,この京の失失くるのに,Even though this Kyoto is lost,0.0,0.0,
1320527,,,,0.0,0.0,
1321163,,,,0.0,0.0,
1324082,,,,0.0,0.0,
1328157,en,ACID CORPSE,,1.0,1.0,
1338346,it,ZANNI,,1.0,1.0,
1341178,,,,0.0,0.0,
1352962,en,kalinga,,1.0,1.0,
1358137,,,,0.0,0.0,
1361515,,,,0.0,0.0,
1365835,,,,0.0,0.0,
1369828,en,MOTHER,,1.0,1.0,
1372908,,,,0.0,0.0,
1375389,zh,蛋女人,egg woman,0.0,0.5,
1377705,zh,白正鬼,White demon,0.0,0.6667,
1379731,,,,0.0,0.0,
1382556,,,,0.0,0.0,
1385756,hr,DESPOT,,1.0,1.0,
1390069,en,DEATHFARM,,1.0,1.0,
1393905,,,,0.0,0.0,
1395668,en,LOONS,,1.0,1.0,
1398742,,,,0.0,0.0,
1411152,,,,0.0,0.0,
1414677,,,,0.0,0.0,
1419440,,,,0.0,0.0,
1426110,en,PRESENCE,,1.0,1.0,
1432538,,,,0.0,0.0,
1435183,,,,0.0,0.0,
1439425,,,,0.0,0.0,
1445218,,,,0.0,0.0,
1453411,,,,0.0,0.0,
1457859,,,,0.0,0.0,
1462822,en,DEATH SENTENCE,,0.6667,0.6667,
1465774,,,,0.0,0.0,
1472341,,,,0.0,0.0,
1478574,,,,0.0,0.0,
1483633,,,,0.0,0.0,
1487691,en,SHEMALEficent,,1.0,1.0,
1492769,,,,0.0,0.0,
1496388,,,,0.0,0.0,
1499962,,,,0.0,0.0,
1504708,ja,音乐ののるのるのる,Music no Ruru Ruru,0.0,0.0,
1507156,,,,0.0,0.0,
1510954,en,NUCLEAR DEATH UNAUVE IN TEXAS,,0.8,0.8,
1516629,en,"the title text you actually see on the poster, or empty if none",,0.0,0.0,
1520273,,,,0.0,0.0,
1529179,,,,0.0,0.0,
1535897,,,,0.0,0.0,
1540888,en,BUZZKILL,,1.0,1.0,
1544159,,,,0.0,0.0,
1546823,,,,0.0,0.0,
1548162,en,Q,,0.0,0.0,
1550863,,,,0.0,0.0,
1554997,es,LUSGO FUSCO,THEN FUSCO,0.2,0.2,
1560522,,,,0.0,0.0,
1564099,,,,0.0,0.0,
1568478,,,,0.0,0.0,
1571925,,,,0.0,0.0,
1575003,,,,0.0,0.0,
1579519,,,,0.0,0.0,
1582280,,,,0.0,0.0,
1586465,,,,0.0,0.0,
1594487,,,,0.0,0.0,
1598484,,,,0.0,0.0,
1601242,,,,0.0,0.0,
1604634,ja,幽霊湖の花嫁,The Bride of the Haunted Lake,0.0,0.8,
1608681,en,Q,,0.0,0.0,
1611879,en,AMMO˙,,0.0,0.0,
1616563,,,,0.0,0.0,
1621287,,,,0.0,0.0,
1625172,,,,0.0,0.0,
1630862,,,,0.0,0.0,
1633730,,,,0.0,0.0,
1639324,,,,0.0,0.0,
1643779,,,,0.0,0.0,
1649255,,,,0.0,0.0,
1651542,en,MCKENZIE,,1.0,1.0,
1656958,,,,0.0,0.0,
1660343,en,Ghostfluencer,,1.0,1.0,
1663122,,,,0.0,0.0,
1667813,,,,0.0,0.0,
1671598,en,ONLY IN DREAMS,,1.0,1.0,
1678353,,,,0.0,0.0,
1686347,en,in your,,0.6667,0.6667,
1689919,en,WRAITH,,1.0,1.0,
1693703,en,suture,,1.0,1.0,
1699088,,,,0.0,0.0,
1701323,en,RIP,,0.0,0.0,
1706847,en,YOU,,1.0,1.0,
1709191,ja,伝染る物語 心霊少女,Contagious Monogatari: Psychic Girl,0.0,0.6,
1714149,,,,0.0,0.0,
1719450,,,,0.0,0.0,
1721286,,,,0.0,0.0,
1722717,en,GORE,,1.0,1.0,
1729035,,,,0.0,0.0,
1732619,es,LA TARDE DE LOS MUERTOS VIVOS,,0.75,0.75,
1737197,,,,0.0,0.0,
1742507,,,,0.0,0.0,
13742,en,SHEITAN,,0.0,0.0,
21797,cy,WIG,,0.5,0.5,
30405,,,,0.0,0.0,
48581,en,the sandman,,1.0,1.0,
57812,en,51,,1.0,1.0,
81990,zh-TW,电話女會,Telephone Women's Club,0.0,0.0,
90338,en,Fiend,,1.0,1.0,
126830,en,Arachne,,0.0,0.0,
152810,en,Moonnamathoral,,1.0,1.0,
194809,en,anandhabhadram,,0.0,0.0,
235348,zh,百年拷问,One Hundred Years of Torture,0.0,0.5,
250574,en,CREEP,,1.0,1.0,
259512,,,,0.0,0.0,
270294,,,,0.0,0.0,
287279,,,,0.0,0.0,
308037,en,vanadevatha,,1.0,1.0,
318931,,,,0.0,0.0,
328091,,,,0.0,0.0,
333866,,,,0.0,0.0,
343886,,,,0.0,0.0,
353484,,,,0.0,0.0,
369819,,,,0.0,0.0,
378020,,,,0.0,0.0,
388994,en,Ayla,,1.0,1.0,
396493,en,CREEP 2,,1.0,1.0,
401714,,,,0.0,0.0,
412102,en,Nenjam Marappathillai,,1.0,1.0,
422406,ja,裕の言言のてはないにないなあんのに,Yutaka's words aren't there,0.0,0.0,
431109,en,INHUMANWICH!,,1.0,1.0,
443538,,,,0.0,0.0,
448194,en,PYEWACKET,,1.0,1.0,
452472,fr,INSOMNIE,INSOMNIA,0.0,1.0,
462652,,,,0.0,0.0,
467882,,,,0.0,0.0,
475899,,,,0.0,0.0,
480463,en,V,,0.0,0.0,
483178,,,,0.0,0.0,
484499,,,,0.0,0.0,
487857,,,,0.0,0.0,
496292,en,Umbilical Glue,,1.0,1.0,
505695,,,,0.0,0.0,
508495,,,,0.0,0.0,
514591,,,,0.0,0.0,
517419,,,,0.0,0.0,
524537,,,,0.0,0.0,
528470,,,,0.0,0.0,
530571,eu,asoko no seki,,1.0,1.0,
535562,,,,0.0,0.0,
543802,,,,0.0,0.0,
550300,de,elfen lied,,0.6667,0.6667,
555694,en,meat,,0.5,0.5,
559934,,,,0.0,0.0,
566417,,,,0.0,0.0,
571931,,,,0.0,0.0,
580806,,,,0.0,0.0,
586727,,,,0.0,0.0,
593676,,,,0.0,0.0,
603943,,,,0.0,0.0,
607740,,,,0.0,0.0,
613506,,,,0.0,0.0,
623520,en,Z,,0.0,0.0,
634341,,,,0.0,0.0,
639730,,,,0.0,0.0,
643393,,,,0.0,0.0,
648957,,,,0.0,0.0,
653537,,,,0.0,0.0,
659756,,,,0.0,0.0,
664483,,,,0.0,0.0,
668184,,,,0.0,0.0,
673850,,,,0.0,0.0,
676297,,,,0.0,0.0,
681198,,,,0.0,0.0,
689918,ja,呪いのワンピース,The Curse of One Piece,0.0,0.6667,
690137,,,,0.0,0.0,
693582,,,,0.0,0.0,
696138,,,,0.0,0.0,
707786,,,,0.0,0.0,
719279,,,,0.0,0.0,
723531,,,,0.0,0.0,
726239,en,DEAD,,1.0,1.0,
728876,,,,0.0,0.0,
731803,,,,0.0,0.0,
735514,,,,0.0,0.0,
741808,,,,0.0,0.0,
745282,en,PREY,,1.0,1.0,
748694,,,,0.0,0.0,
751418,,,,0.0,0.0,
754758,,,,0.0,0.0,
759753,,,,0.0,0.0,
762826,,,,0.0,0.0,
765190,,,,0.0,0.0,
769303,,,,0.0,0.0,
771390,pt,NOITE MACABRA,MACABRE NIGHT,0.0,1.0,
775857,,,,0.0,0.0,
782676,,,,0.0,0.0,
789581,,,,0.0,0.0,
792672,,,,0.0,0.0,
796010,,,,0.0,0.0,
797425,,,,0.0,0.0,
799177,,,,0.0,0.0,
802870,,,,0.0,0.0,
809962,,,,0.0,0.0,
812983,,,,0.0,0.0,
817814,,,,0.0,0.0,
825344,,,,0.0,0.0,
828143,,,,0.0,0.0,
832543,,,,0.0,0.0,
838353,en,DETEKTIVE THUMB AND THE INFINITY HOUSE,,1.0,1.0,
843898,en,SHE CAME FROM THE WOODS,,1.0,1.0,
849273,,,,0.0,0.0,
850539,,,,0.0,0.0,
854113,,,,0.0,0.0,
856613,,,,0.0,0.0,
861418,,,,0.0,0.0,
870531,,,,0.0,0.0,
875522,ja,"夜
の
彼
方
へ","nights
of
him
Square
till",0.0,0.0,
878853,,,,0.0,0.0,
882502,,,,0.0,0.0,
888827,,,,0.0,0.0,
893955,en,vanam,,1.0,1.0,
899298,en,Undying,,1.0,1.0,
911354,zh,红魂の鬼物,Demon from Red Soul,0.0,0.5,
918045,en,6,,0.0,0.0,
926370,,,,0.0,0.0,
931341,,,,0.0,0.0,
934698,,,,0.0,0.0,
938671,,,,0.0,0.0,
942236,,,,0.0,0.0,
945423,et,Induvadana,,1.0,1.0,
950823,,,,0.0,0.0,
955066,,,,0.0,0.0,
959233,,,,0.0,0.0,
964181,,,,0.0,0.0,
967816,,,,0.0,0.0,
973970,,,,0.0,0.0,
977630,,,,0.0,0.0,
977650,,,,0.0,0.0,
982305,,,,0.0,0.0,
985814,,,,0.0,0.0,
992286,,,,0.0,0.0,
995593,en,no_title_on_poster,,0.0,0.0,
1001297,,,,0.0,0.0,
1008870,,,,0.0,0.0,
1015327,,,,0.0,0.0,
1017732,en,DEBRIS,,1.0,1.0,
1023184,,,,0.0,0.0,
1027629,,,,0.0,0.0,
1031828,zh-TW,藍薔薇悲劇,Blue Rose Tragedy,0.0,0.4286,
1038711,,,,0.0,0.0,
1042835,,,,0.0,0.0,
1048149,,,,0.0,0.0,
1049946,ja,恐怖の東京ビデオ25,Tokyo of Fear video 25,0.2,0.6,
1054958,,,,0.0,0.0,
1063055,,,,0.0,0.0,
1068449,en,CLONE,,0.0,0.0,
1076001,,,,0.0,0.0,
1078453,,,,0.0,0.0,
1080732,ja,怨み,grudge,0.0,0.0,
1083816,en,HAUNTED,,1.0,1.0,
1087767,,,,0.0,0.0,
1091671,,,,0.0,0.0,
1094329,,,,0.0,0.0,
1099116,id,Kandhei Akhire Luha,,1.0,1.0,
1103383,,,,0.0,0.0,
1108429,,,,0.0,0.0,
1112558,,,,0.0,0.0,
1116457,,,,0.0,0.0,
1119244,zh-TW,"地
縛
少
年","Land
Bondage
less
year",0.0,0.0,
1121697,,,,0.0,0.0,
1126310,,,,0.0,0.0,
1135482,,,,0.0,0.0,
1141302,,,,0.0,0.0,
1145277,ja,ドキュメント超怖い話IV 沖縄,Documents: Super Scary Stories IV: Okinawa,0.0,0.8,
1147023,,,,0.0,0.0,
1150696,zh-TW,現代怪奇百物語 肆之章,Chapter of Modern Strange Tales,0.0,0.0,
1153403,,,,0.0,0.0,
1159875,,,,0.0,0.0,
1165206,zh-TW,東京残酷映像18,Tokyo Brutal Images 18,0.2,0.4,
1169449,,,,0.0,0.0,
1172388,en,L4,,0.0,0.0,
1173434,zh,直怒怒,Naofury,0.0,0.0,
1176999,,,,0.0,0.0,
1179790,th,เทพธิดาสบายทอง,Golden Goddess,0.0,0.6667,
1181746,,,,0.0,0.0,
1185980,,,,0.0,0.0,
1192020,ja,雲の際なり2　怪和夫の怪際なり,Kumo no Tokinari 2: Kai Kazuo's Mysterious Edge,0.0,0.0,
1198084,pt,Amofinado,,1.0,1.0,
1199569,,,,0.0,0.0,
1201202,,,,0.0,0.0,
1204910,,,,0.0,0.0,
1208355,,,,0.0,0.0,
1214905,sq,TRINL,TRILL,0.0,0.0,
1220993,ja,ネイブメアーリドアスタ,Navemearide Asta,0.0,0.0,
1224602,,,,0.0,0.0,
1229212,,,,0.0,0.0,
1231306,en,BLOOD PIZZA,,1.0,1.0,
1234070,,,,0.0,0.0,
1239602,,,,0.0,0.0,
1242905,ja,霊感ツアーズ,Inspiration Tours,0.0,0.5,
1246382,,,,0.0,0.0,
1249950,ja,科天の静画の全表,Complete list of still paintings by Katen,0.0,0.0,
1256728,en,SHORT SHITS,,1.0,1.0,
1261582,,,,0.0,0.0,
1263634,,,,0.0,0.0,
1267318,,,,0.0,0.0,
1272803,,,,0.0,0.0,
1279271,,,,0.0,0.0,
1281720,,,,0.0,0.0,
1284321,,,,0.0,0.0,
1287440,,,,0.0,0.0,
1290683,,,,0.0,0.0,
1294687,,,,0.0,0.0,
1298306,ilo,TASMOGOR,,1.0,1.0,
1301068,zh,宵夜怨曲,Late Night Grudge,0.0,0.25,
1304868,zh,九命女,Nine Myojo,0.0,0.2,
1307267,,,,0.0,0.0,
1309467,,,,0.0,0.0,
1313105,,,,0.0,0.0,
1316334,,,,0.0,0.0,
1317282,ja,雪の中の女,Woman in the Snow,0.0,0.25,
1319040,en,CEASE TO EXIST,,1.0,1.0,
1320762,en,SNOT,,1.0,1.0,
1321187,,,,0.0,0.0,
1324108,,,,0.0,0.0,
1328527,,,,0.0,0.0,
1338366,,,,0.0,0.0,
1341396,,,,0.0,0.0,
1353235,,,,0.0,0.0,
1358152,,,,0.0,0.0,
1362905,,,,0.0,0.0,
1365853,,,,0.0,0.0,
1370491,,,,0.0,0.0,
1373004,,,,0.0,0.0,
1376048,,,,0.0,0.0,
1377755,,,,0.0,0.0,
1379737,,,,0.0,0.0,
1382950,ms,MAHA MUNJIYA,,0.5,0.5,
1387485,ja,"""おりがはにがにくるのにのに""",“Even though origa comes to niga”,0.0,0.0,
1390168,,,,0.0,0.0,
1394239,,,,0.0,0.0,
1395945,,,,0.0,0.0,
1399316,,,,0.0,0.0,
1411165,,,,0.0,0.0,
1415513,,,,0.0,0.0,
1420249,,,,0.0,0.0,
1427968,,,,0.0,0.0,
1433461,,,,0.0,0.0,
1435731,la,GothicA,,1.0,1.0,
1440321,,,,0.0,0.0,
1445379,,,,0.0,0.0,
1454100,,,,0.0,0.0,
1458309,,,,0.0,0.0,
1462984,,,,0.0,0.0,
1466920,,,,0.0,0.0,
1474972,,,,0.0,0.0,
1478593,,,,0.0,0.0,
1484291,fr,DERRIERE SES YEUX,,0.5,0.5,
1489275,,,,0.0,0.0,
1493908,,,,0.0,0.0,
1496656,,,,0.0,0.0,
1499964,,,,0.0,0.0,
1504899,,,,0.0,0.0,
1508311,,,,0.0,0.0,
1511035,,,,0.0,0.0,
1517272,,,,0.0,0.0,
1522620,,,,0.0,0.0,
1530814,,,,0.0,0.0,
1536407,,,,0.0,0.0,
1541593,en,FANTOMA,,1.0,1.0,
1544291,,,,0.0,0.0,
1546959,fr,Bia,,1.0,1.0,
1548166,en,Q,,0.0,0.0,
1551775,,,,0.0,0.0,
1556452,,,,0.0,0.0,
1560573,,,,0.0,0.0,
1565248,,,,0.0,0.0,
1568579,,,,0.0,0.0,
1573074,en,rabbit rabbit run,,1.0,1.0,
1575401,,,,0.0,0.0,
1579759,,,,0.0,0.0,
1583363,,,,0.0,0.0,
1586663,ilo,Kamaro2,,1.0,1.0,
1594591,en,kanimangalam kovilakam,,1.0,1.0,
1598648,,,,0.0,0.0,
1602163,,,,0.0,0.0,
1604798,,,,0.0,0.0,
1609285,,,,0.0,0.0,
1612432,,,,0.0,0.0,
1616669,en,THE SHED 2,,0.5,0.5,
1621299,,,,0.0,0.0,
1625531,,,,0.0,0.0,
1631706,,,,0.0,0.0,
1636048,,,,0.0,0.0,
1639928,,,,0.0,0.0,
1644269,,,,0.0,0.0,
1649588,,,,0.0,0.0,
1653057,,,,0.0,0.0,
1657261,,,,0.0,0.0,
1660738,,,,0.0,0.0,
1663914,,,,0.0,0.0,
1667911,en,S D O N E R,,0.0,0.0,
1673365,,,,0.0,0.0,
1679260,,,,0.0,0.0,
1686571,,,,0.0,0.0,
1690141,,,,0.0,0.0,
1695481,,,,0.0,0.0,
1699637,,,,0.0,0.0,
1701856,,,,0.0,0.0,
1707590,,,,0.0,0.0,
1711214,en,M,,0.0,0.0,
1715221,,,,0.0,0.0,
1720065,,,,0.0,0.0,
1721495,,,,0.0,0.0,
1723316,,,,0.0,0.0,
1730756,zh-TW,武品幻怪誤詳,Wushin Fantasy Misinformation,0.0,0.0,
1732979,,,,0.0,0.0,
1737996,,,,0.0,0.0,
14157,en,impulse,,1.0,1.0,
22033,en,of the cry banshee,,1.0,1.0,
31116,id,ZAAT,,1.0,1.0,
48636,tr,NEKROmantik 2,,1.0,1.0,
57961,en,SLASHERS,,1.0,1.0,
83172,en,Slithis,,0.25,0.25,
94545,en,the bushwhacker,,1.0,1.0,
128519,,,,0.0,0.0,
161160,,,,0.0,0.0,
200402,en,prema katha chirram,,0.6667,0.6667,
237449,en,4,,0.0,0.0,
250883,tl,nak,,1.0,1.0,
260704,zh,生死,Life and death,0.0,0.0,
270478,et,konthayum poonoolum,,1.0,1.0,
287311,,,,0.0,0.0,
308259,,,,0.0,0.0,
319178,ja,怪談お化け屋敷,Ghost story haunted house,0.0,0.4,
328141,,,,0.0,0.0,
335650,en,impurity,,1.0,1.0,
344161,,,,0.0,0.0,
354506,en,pulse,,1.0,1.0,
370067,en,Vidayutham,,1.0,1.0,
381283,en,mother!,,1.0,1.0,
390674,ja,女性・腹切り 輝ける死,"A Woman's Hungry, Shining Death",0.0,0.25,
396550,en,SICKHOU,,0.0,0.0,
402721,en,Lollipop,,1.0,1.0,
412333,en,BLD̄M̄,,0.0,0.0,
422947,zh,雪女,Yuki no onna,0.0,0.0,
432916,zh-TW,假面騎士鎧武,Masked Knight Armor,0.0,0.0,
444483,,,,0.0,0.0,
450157,zh,都市灵异传 心灵工厂,Urban Spirituality Transmission Mind Factory,0.0,0.4,
452900,,,,0.0,0.0,
463532,en,Raktharakshassu 3D,,1.0,1.0,
468014,en,mythily veendum varunnu,,1.0,1.0,
476524,de,ST PU,ST PU,0.0,0.0,
480529,de,popstars,,1.0,1.0,
483417,ja,光の闇,Darkness of Light,0.0,0.4,
484561,,,,0.0,0.0,
488513,,,,0.0,0.0,
497908,,,,0.0,0.0,
506952,en,RAYDON,,1.0,1.0,
510552,,,,0.0,0.0,
515376,,,,0.0,0.0,
517425,,,,0.0,0.0,
525490,en,SHADOWLAND,,1.0,1.0,
529087,zh,道士下山,The Taoist Descended the Mountain,0.0,0.5,
530670,,,,0.0,0.0,
536026,en,308,,0.0,0.0,
544711,,,,0.0,0.0,
552344,,,,0.0,0.0,
556463,,,,0.0,0.0,
563197,,,,0.0,0.0,
566627,,,,0.0,0.0,
572600,,,,0.0,0.0,
581235,,,,0.0,0.0,
588856,,,,0.0,0.0,
594274,,,,0.0,0.0,
604350,,,,0.0,0.0,
609080,,,,0.0,0.0,
613515,,,,0.0,0.0,
625213,en,THE FACELESS MAN,,1.0,1.0,
635040,,,,0.0,0.0,
640291,,,,0.0,0.0,
643395,,,,0.0,0.0,
649219,,,,0.0,0.0,
655046,,,,0.0,0.0,
659822,gd,VI,,1.0,1.0,
664527,,,,0.0,0.0,
668385,,,,0.0,0.0,
674382,,,,0.0,0.0,
676299,,,,0.0,0.0,
684478,,,,0.0,0.0,
690122,,,,0.0,0.0,
690138,,,,0.0,0.0,
693840,,,,0.0,0.0,
697402,en,ZOMBIE ATTACK,,1.0,1.0,
708591,en,8cho,,1.0,1.0,
719280,,,,0.0,0.0,
724774,,,,0.0,0.0,
726333,,,,0.0,0.0,
729565,en,the tiller,,1.0,1.0,
732136,,,,0.0,0.0,
735951,,,,0.0,0.0,
742327,,,,0.0,0.0,
745328,,,,0.0,0.0,
749380,,,,0.0,0.0,
752819,en,BLOOD BATH,,1.0,1.0,
754777,,,,0.0,0.0,
761055,,,,0.0,0.0,
762838,,,,0.0,0.0,
765193,,,,0.0,0.0,
769804,,,,0.0,0.0,
771550,,,,0.0,0.0,
777177,,,,0.0,0.0,
783963,,,,0.0,0.0,
789859,de,SIE,SHE,0.0,0.0,
794325,,,,0.0,0.0,
796057,,,,0.0,0.0,
797582,,,,0.0,0.0,
799364,,,,0.0,0.0,
802969,,,,0.0,0.0,
810470,,,,0.0,0.0,
813313,zh,大章鱼,Big octopus,0.0,1.0,
818442,,,,0.0,0.0,
825351,,,,0.0,0.0,
828651,,,,0.0,0.0,
833454,,,,0.0,0.0,
838474,id,HITAM,,1.0,1.0,
844386,,,,0.0,0.0,
849585,,,,0.0,0.0,
851731,en,kumari,,1.0,1.0,
854169,,,,0.0,0.0,
857006,,,,0.0,0.0,
861886,,,,0.0,0.0,
871132,,,,0.0,0.0,
876158,,,,0.0,0.0,
878900,,,,0.0,0.0,
882530,,,,0.0,0.0,
889676,,,,0.0,0.0,
895218,,,,0.0,0.0,
899675,,,,0.0,0.0,
911361,,,,0.0,0.0,
918489,,,,0.0,0.0,
927409,,,,0.0,0.0,
931652,,,,0.0,0.0,
934812,,,,0.0,0.0,
939231,,,,0.0,0.0,
942364,,,,0.0,0.0,
945920,en,SIX,,1.0,1.0,
950950,zh,祝农里牛,Shukunori beef,0.0,0.0,
955204,,,,0.0,0.0,
959595,,,,0.0,0.0,
965847,,,,0.0,0.0,
967823,,,,0.0,0.0,
973978,,,,0.0,0.0,
977633,,,,0.0,0.0,
977651,,,,0.0,0.0,
982462,,,,0.0,0.0,
986398,,,,0.0,0.0,
993299,en,E,,0.0,0.0,
996425,,,,0.0,0.0,
1003471,,,,0.0,0.0,
1011999,,,,0.0,0.0,
1015370,,,,0.0,0.0,
1018190,,,,0.0,0.0,
1023253,ja,闇から届く恐怖の物語,A horror story that arrives from the dark,0.0,0.4286,
1028617,,,,0.0,0.0,
1031898,,,,0.0,0.0,
1039200,,,,0.0,0.0,
1043814,,,,0.0,0.0,
1048156,,,,0.0,0.0,
1051809,,,,0.0,0.0,
1056607,zh,心霊4,Psychic 4,0.0,0.0,
1065374,,,,0.0,0.0,
1071644,,,,0.0,0.0,
1076352,,,,0.0,0.0,
1078470,,,,0.0,0.0,
1080942,,,,0.0,0.0,
1084089,en,INNER CIRCLE,,0.6667,0.6667,
1088798,en,EVIL NIGHT,,1.0,1.0,
1092006,,,,0.0,0.0,
1095001,,,,0.0,0.0,
1099206,,,,0.0,0.0,
1103509,ja,バイオハザード 名作劇場,Resident Evil Masterpiece Theater,0.0,1.0,
1108447,,,,0.0,0.0,
1112723,,,,0.0,0.0,
1116481,,,,0.0,0.0,
1119249,,,,0.0,0.0,
1122140,,,,0.0,0.0,
1126316,,,,0.0,0.0,
1136043,,,,0.0,0.0,
1141754,,,,0.0,0.0,
1145501,,,,0.0,0.0,
1147348,,,,0.0,0.0,
1151479,,,,0.0,0.0,
1153628,,,,0.0,0.0,
1159987,,,,0.0,0.0,
1165396,zh-TW,東京残酷警察19,Tokyo Brute Police 19,0.2,0.4,
1169957,id,kowabana,kowabana,0.125,0.125,
1172414,,,,0.0,0.0,
1173609,zh,玉房鬼,Tamabusa Oni,0.0,0.0,
1177018,,,,0.0,0.0,
1179922,,,,0.0,0.0,
1182169,,,,0.0,0.0,
1185988,,,,0.0,0.0,
1192385,,,,0.0,0.0,
1198378,,,,0.0,0.0,
1199584,,,,0.0,0.0,
1201979,,,,0.0,0.0,
1205084,,,,0.0,0.0,
1208397,,,,0.0,0.0,
1215044,zh-TW,體驗誘惑,Experience the temptation,0.0,0.0,
1221032,,,,0.0,0.0,
1224917,,,,0.0,0.0,
1229799,,,,0.0,0.0,
1231585,,,,0.0,0.0,
1235608,,,,0.0,0.0,
1240095,,,,0.0,0.0,
1243795,,,,0.0,0.0,
1246416,,,,0.0,0.0,
1250785,,,,0.0,0.0,
1256805,,,,0.0,0.0,
1261644,,,,0.0,0.0,
1265218,,,,0.0,0.0,
1267448,zh-TW,児童館,Kindokan,0.0,0.0,
1272868,,,,0.0,0.0,
1279626,,,,0.0,0.0,
1281861,,,,0.0,0.0,
1285310,,,,0.0,0.0,
1287465,,,,0.0,0.0,
1291594,en,BEEZER,,0.0,0.0,
1295287,,,,0.0,0.0,
1299002,,,,0.0,0.0,
1301110,,,,0.0,0.0,
1305094,,,,0.0,0.0,
1307747,,,,0.0,0.0,
1309625,,,,0.0,0.0,
1313186,,,,0.0,0.0,
1316525,sv,VORE,,1.0,1.0,
1317336,,,,0.0,0.0,
1319093,zh,墓头力子女,Children of the Tomb,0.0,0.0,
1320806,,,,0.0,0.0,
1321209,,,,0.0,0.0,
1324219,,,,0.0,0.0,
1329017,en,BILL,,1.0,1.0,
1339296,,,,0.0,0.0,
1341570,,,,0.0,0.0,
1354878,it,ILLUMINATI CASTRATI,,1.0,1.0,
1358668,,,,0.0,0.0,
1363027,,,,0.0,0.0,
1366342,,,,0.0,0.0,
1371770,en,All Your Dreams,,1.0,1.0,
1373173,en,Cold Hands,,1.0,1.0,
1376404,en,t R E t,,0.0,0.0,
1378417,,,,0.0,0.0,
1379745,,,,0.0,0.0,
1383197,en,DIMPLE3,,0.0,0.0,
1387560,,,,0.0,0.0,
1390497,,,,0.0,0.0,
1394336,,,,0.0,0.0,
1396391,,,,0.0,0.0,
1400029,,,,0.0,0.0,
1411588,,,,0.0,0.0,
1415656,,,,0.0,0.0,
1421764,ja,勝江さん、東京に現る,Katsue shows up in Tokyo,0.0,0.6,
1428003,,,,0.0,0.0,
1433466,,,,0.0,0.0,
1436013,,,,0.0,0.0,
1440790,,,,0.0,0.0,
1449064,,,,0.0,0.0,
1456370,,,,0.0,0.0,
1458387,,,,0.0,0.0,
1463102,,,,0.0,0.0,
1468167,,,,0.0,0.0,
1475678,,,,0.0,0.0,
1479922,,,,0.0,0.0,
1484387,,,,0.0,0.0,
1489389,en,ROSARIO,,1.0,1.0,
1494164,,,,0.0,0.0,
1497764,,,,0.0,0.0,
1499969,,,,0.0,0.0,
1505147,en,MS. KANVIN,,0.5,0.5,
1508830,,,,0.0,0.0,
1512454,en,q,,0.0,0.0,
1517538,en,Q,,0.0,0.0,
1523040,,,,0.0,0.0,
1531439,,,,0.0,0.0,
1536741,,,,0.0,0.0,
1542067,,,,0.0,0.0,
1544418,,,,0.0,0.0,
1547508,,,,0.0,0.0,
1548185,en,Q,,0.0,0.0,
1551952,,,,0.0,0.0,
1556596,,,,0.0,0.0,
1560756,,,,0.0,0.0,
1565265,,,,0.0,0.0,
1569675,,,,0.0,0.0,
1573115,en,VerdlyA,,0.0,0.0,
1575406,,,,0.0,0.0,
1580287,es,AHORA ES MÍA,,1.0,1.0,
1583524,,,,0.0,0.0,
1586983,,,,0.0,0.0,
1594701,,,,0.0,0.0,
1598758,,,,0.0,0.0,
1602300,,,,0.0,0.0,
1605020,zh,鬼院关院,Ki-in Sekiin,0.0,0.0,
1609610,af,grot,,1.0,1.0,
1612973,,,,0.0,0.0,
1618042,,,,0.0,0.0,
1621834,,,,0.0,0.0,
1625898,,,,0.0,0.0,
1632131,,,,0.0,0.0,
1636595,,,,0.0,0.0,
1639958,en,Spiders on my Lashline,,1.0,1.0,
1645739,,,,0.0,0.0,
1649704,,,,0.0,0.0,
1654587,,,,0.0,0.0,
1657426,,,,0.0,0.0,
1661127,,,,0.0,0.0,
1664087,,,,0.0,0.0,
1668141,en,HAUNT,,1.0,1.0,
1674304,,,,0.0,0.0,
1679631,,,,0.0,0.0,
1686582,,,,0.0,0.0,
1690554,,,,0.0,0.0,
1695874,,,,0.0,0.0,
1700155,,,,0.0,0.0,
1702585,,,,0.0,0.0,
1707658,,,,0.0,0.0,
1711400,pt,NADA,,1.0,1.0,
1715255,,,,0.0,0.0,
1720185,ja,江戸の町の七不思議,The Seven Wonders of Edo,0.0,0.7143,
1721760,,,,0.0,0.0,
1723487,en,RIPS,,1.0,1.0,
1730762,en,SKIN DEEP,,0.0,0.0,
1733718,en,LETHE,,1.0,1.0,
1738124,,,,0.0,0.0,
17212,en,PATRICK,,1.0,1.0,
26178,en,RAZORBACK,,1.0,1.0,
31232,,,,0.0,0.0,
51248,en,11-11-11,,1.0,1.0,
65599,en,THE WOMAN,,1.0,1.0,
83519,en,WITCHCRAFT,,1.0,1.0,
98084,en,MARABUNTA,,0.0,0.0,
129096,,,,0.0,0.0,
163617,,,,0.0,0.0,
201343,,,,0.0,0.0,
239815,,,,0.0,0.0,
253477,en,TORTURE CHAMBER,,1.0,1.0,
262600,de,OXID,OXIDE,0.0,0.0,
276488,en,LET US PAY,,0.6667,0.6667,
290795,gl,MALIGNO,,1.0,1.0,
312831,en,THE HALLOW,,1.0,1.0,
321738,ko,천동,Cheondong,0.0,1.0,
328963,,,,0.0,0.0,
336048,,,,0.0,0.0,
346364,en,IT,,1.0,1.0,
355156,,,,0.0,0.0,
370311,,,,0.0,0.0,
382290,en,M・Y・F・A・C・E,,0.0,0.0,
391529,qu,JADO,JADO,0.0,0.0,
396818,,,,0.0,0.0,
403654,,,,0.0,0.0,
413951,ja,顔のない男,Man without a face,0.0,0.3333,
423344,zh,魔子　　　　,Mako,0.0,0.0,
434325,,,,0.0,0.0,
446904,,,,0.0,0.0,
450512,zh-TW,午夜怪談,Midnight Monster Talk,0.0,0.25,
453638,,,,0.0,0.0,
464261,ja,天国と地獄,heaven and hell,0.0,1.0,
468496,,,,0.0,0.0,
476855,,,,0.0,0.0,
481125,,,,0.0,0.0,
483608,,,,0.0,0.0,
484563,,,,0.0,0.0,
488930,,,,0.0,0.0,
498062,en,LUZ,,1.0,1.0,
507040,,,,0.0,0.0,
512270,en,Shadow,,1.0,1.0,
515531,,,,0.0,0.0,
521634,,,,0.0,0.0,
526677,,,,0.0,0.0,
529122,,,,0.0,0.0,
530943,,,,0.0,0.0,
539714,,,,0.0,0.0,
546711,,,,0.0,0.0,
552843,,,,0.0,0.0,
557486,,,,0.0,0.0,
565440,,,,0.0,0.0,
566804,,,,0.0,0.0,
574127,,,,0.0,0.0,
582600,,,,0.0,0.0,
588858,,,,0.0,0.0,
595379,,,,0.0,0.0,
604519,,,,0.0,0.0,
609245,,,,0.0,0.0,
616185,zh,松堂珠之阻道之阻,Matsudō Tamara's Obstruction of the Road,0.0,0.3333,
626028,,,,0.0,0.0,
637020,,,,0.0,0.0,
640605,,,,0.0,0.0,
643400,,,,0.0,0.0,
649274,zh,血鳄王,Blood Crocodile King,0.0,0.3333,
655435,en,FEEL,,1.0,1.0,
662065,,,,0.0,0.0,
664530,,,,0.0,0.0,
668462,,,,0.0,0.0,
674853,,,,0.0,0.0,
677431,,,,0.0,0.0,
685826,,,,0.0,0.0,
690127,,,,0.0,0.0,
690583,,,,0.0,0.0,
694435,,,,0.0,0.0,
698649,,,,0.0,0.0,
712286,,,,0.0,0.0,
719384,,,,0.0,0.0,
724789,,,,0.0,0.0,
727251,,,,0.0,0.0,
729630,,,,0.0,0.0,
732945,,,,0.0,0.0,
736189,cy,DWM,DWM,0.0,0.0,
742899,,,,0.0,0.0,
746520,,,,0.0,0.0,
749416,,,,0.0,0.0,
753147,,,,0.0,0.0,
755804,,,,0.0,0.0,
761837,,,,0.0,0.0,
763278,,,,0.0,0.0,
765707,,,,0.0,0.0,
770010,,,,0.0,0.0,
772139,ja,ことがてにはないにちって,"By the way, there is nothing",0.0,0.0,
778190,,,,0.0,0.0,
784115,,,,0.0,0.0,
790252,eu,Eko Eko Azarak,,1.0,1.0,
794424,,,,0.0,0.0,
796284,,,,0.0,0.0,
797659,,,,0.0,0.0,
799600,,,,0.0,0.0,
804330,,,,0.0,0.0,
810760,,,,0.0,0.0,
814951,,,,0.0,0.0,
818793,,,,0.0,0.0,
825691,,,,0.0,0.0,
829361,en,M,,0.0,0.0,
833677,,,,0.0,0.0,
839347,,,,0.0,0.0,
845831,en,HE RANG,,1.0,1.0,
849736,,,,0.0,0.0,
852593,,,,0.0,0.0,
854268,,,,0.0,0.0,
857250,,,,0.0,0.0,
862531,,,,0.0,0.0,
871836,,,,0.0,0.0,
877255,zh,大鲨鱼,Big shark,0.0,1.0,
879165,,,,0.0,0.0,
882791,,,,0.0,0.0,
889839,en,RAGTIME,,1.0,1.0,
895499,,,,0.0,0.0,
900274,,,,0.0,0.0,
911700,zh-TW,新学樂の雲雷,The Clouds of Modern Music,0.0,0.0,
918621,en,LET'S STOP AT THE MORGUE,,1.0,1.0,
928397,,,,0.0,0.0,
932481,,,,0.0,0.0,
935076,ja,マリア,Maria,0.0,0.3333,
939823,,,,0.0,0.0,
942596,en,MOLAR,,1.0,1.0,
946563,,,,0.0,0.0,
951269,,,,0.0,0.0,
955242,,,,0.0,0.0,
959993,,,,0.0,0.0,
965982,,,,0.0,0.0,
968127,,,,0.0,0.0,
974720,,,,0.0,0.0,
977634,,,,0.0,0.0,
977653,,,,0.0,0.0,
983280,,,,0.0,0.0,
986615,,,,0.0,0.0,
993921,,,,0.0,0.0,
996587,,,,0.0,0.0,
1003992,,,,0.0,0.0,
1012220,en,THREE KINGS,,1.0,1.0,
1015416,,,,0.0,0.0,
1019996,,,,0.0,0.0,
1023262,,,,0.0,0.0,
1028623,,,,0.0,0.0,
1032152,,,,0.0,0.0,
1039801,,,,0.0,0.0,
1043848,,,,0.0,0.0,
1048232,,,,0.0,0.0,
1052849,,,,0.0,0.0,
1056861,,,,0.0,0.0,
1065769,,,,0.0,0.0,
1073917,,,,0.0,0.0,
1076692,,,,0.0,0.0,
1078474,,,,0.0,0.0,
1081790,,,,0.0,0.0,
1085079,,,,0.0,0.0,
1089838,,,,0.0,0.0,
1092348,,,,0.0,0.0,
1095565,fi,Maataraani Mounamidhi,,1.0,1.0,
1099694,,,,0.0,0.0,
1103830,,,,0.0,0.0,
1108784,,,,0.0,0.0,
1113072,,,,0.0,0.0,
1117099,,,,0.0,0.0,
1120011,tl,Namo Bhootatma,,1.0,1.0,
1122220,en,9 24 27,,0.0,0.0,
1127143,en,MAMA,,1.0,1.0,
1136508,,,,0.0,0.0,
1141891,ja,血の家,House of Blood,0.0,0.5,
1145846,,,,0.0,0.0,
1147586,,,,0.0,0.0,
1151565,,,,0.0,0.0,
1154187,,,,0.0,0.0,
1161738,,,,0.0,0.0,
1165927,,,,0.0,0.0,
1170057,,,,0.0,0.0,
1172571,,,,0.0,0.0,
1173781,zh,车下的创伤,Trauma under the car,0.0,1.0,
1177462,,,,0.0,0.0,
1179996,bn,চুরাচুরি,burglary,0.0,0.0,
1182750,,,,0.0,0.0,
1187964,,,,0.0,0.0,
1192386,,,,0.0,0.0,
1198870,,,,0.0,0.0,
1199661,en,EXCLUSION,,0.0,0.0,
1202100,zh-TW,呪術廻戦,Taekwondo,0.0,0.0,
1205694,,,,0.0,0.0,
1209994,,,,0.0,0.0,
1216059,,,,0.0,0.0,
1221066,,,,0.0,0.0,
1225067,,,,0.0,0.0,
1229906,,,,0.0,0.0,
1231764,en,STASH,,1.0,1.0,
1236761,,,,0.0,0.0,
1240711,,,,0.0,0.0,
1243879,,,,0.0,0.0,
1246777,,,,0.0,0.0,
1251427,mg,ida,,0.0,0.0,An error occurred (UnsupportedLanguagePairException) when calling the TranslateText operation: Unsupported language pair: mg to en.
1259442,,,,0.0,0.0,
1261861,,,,0.0,0.0,
1265611,,,,0.0,0.0,
1268401,ja,心霊ドキュメンタリー 絶対に見てはいけない!,You should never watch a psychic documentary!,0.0,0.375,
1272966,,,,0.0,0.0,
1280081,,,,0.0,0.0,
1281920,,,,0.0,0.0,
1285732,,,,0.0,0.0,
1288629,,,,0.0,0.0,
1291966,en,Broadcast Prohibited VTR,,0.2,0.2,
1295750,zh-TW,新星曜鬼語電風通理社の学校七奇語第3卷,The Seven Wonders of the School of the New Star Obsession and Ghostbusters Volume 3,0.0,0.5,
1299043,,,,0.0,0.0,
1301196,,,,0.0,0.0,
1305606,,,,0.0,0.0,
1308084,,,,0.0,0.0,
1309905,,,,0.0,0.0,
1313326,,,,0.0,0.0,
1316590,,,,0.0,0.0,
1317480,,,,0.0,0.0,
1319195,ja,蝶の夢,A butterfly's dream,0.0,0.0,
1321044,en,"the title text you actually see on the poster, or empty if none",,0.1667,0.1667,
1321224,,,,0.0,0.0,
1324236,es,IBR A X TON,IBR TO X TON,0.0,0.0,
1330099,,,,0.0,0.0,
1339336,en,A NIGHT,,0.3333,0.3333,
1341660,,,,0.0,0.0,
1355282,et,Ade Raaga Ade Haadu,,1.0,1.0,
1359373,,,,0.0,0.0,
1363600,,,,0.0,0.0,
1366746,,,,0.0,0.0,
1371850,,,,0.0,0.0,
1373402,en,SILENCE UNSEEN,,1.0,1.0,
1376445,,,,0.0,0.0,
1379557,en,SPIDAL,,1.0,1.0,
1380165,zh-TW,四谷怪談,Yotanya Freak Talk,0.0,0.0,
1383207,,,,0.0,0.0,
1388434,,,,0.0,0.0,
1391118,en,TRAUMA,,1.0,1.0,
1395031,,,,0.0,0.0,
1396619,,,,0.0,0.0,
1401376,,,,0.0,0.0,
1411606,,,,0.0,0.0,
1416036,,,,0.0,0.0,
1422521,,,,0.0,0.0,
1428948,,,,0.0,0.0,
1433723,,,,0.0,0.0,
1436194,en,RUNAWAY VALLEY,,1.0,1.0,
1441305,,,,0.0,0.0,
1450635,,,,0.0,0.0,
1456954,,,,0.0,0.0,
1458602,,,,0.0,0.0,
1464025,,,,0.0,0.0,
1468351,,,,0.0,0.0,
1475703,,,,0.0,0.0,
1481010,,,,0.0,0.0,
1484731,en,BLOOD STAB,,1.0,1.0,
1489597,,,,0.0,0.0,
1494605,,,,0.0,0.0,
1497793,,,,0.0,0.0,
1503832,,,,0.0,0.0,
1505379,,,,0.0,0.0,
1509197,en,T,,0.0,0.0,
1512747,,,,0.0,0.0,
1517731,,,,0.0,0.0,
1523101,ja,大全教地のコース,Courses in Daizen Kyōji,0.0,0.0,
1531505,,,,0.0,0.0,
1537182,,,,0.0,0.0,
1542160,,,,0.0,0.0,
1545191,zh,邻居,neighbour,0.0,0.0,
1547725,,,,0.0,0.0,
1549019,en,Evil Night,,1.0,1.0,
1552169,,,,0.0,0.0,
1557568,,,,0.0,0.0,
1562012,en,inosculate,,1.0,1.0,
1565546,,,,0.0,0.0,
1569885,,,,0.0,0.0,
1573129,,,,0.0,0.0,
1575410,,,,0.0,0.0,
1580458,,,,0.0,0.0,
1585710,,,,0.0,0.0,
1590787,,,,0.0,0.0,
1594719,,,,0.0,0.0,
1598989,,,,0.0,0.0,
1602715,,,,0.0,0.0,
1605027,ta,பத்திரகாளி,Journalist,0.0,0.0,
1609975,,,,0.0,0.0,
1613258,,,,0.0,0.0,
1618858,ms,NMB 48,NMB 48,0.0,0.0,
1623425,,,,0.0,0.0,
1630588,,,,0.0,0.0,
1632231,,,,0.0,0.0,
1636639,,,,0.0,0.0,
1640184,,,,0.0,0.0,
1646001,,,,0.0,0.0,
1649727,,,,0.0,0.0,
1654701,,,,0.0,0.0,
1658844,,,,0.0,0.0,
1661471,,,,0.0,0.0,
1665138,,,,0.0,0.0,
1668322,,,,0.0,0.0,
1675356,,,,0.0,0.0,
1680059,,,,0.0,0.0,
1687144,lt,SKOTOS,,1.0,1.0,
1690560,,,,0.0,0.0,
1695900,en,The Charybdis,,1.0,1.0,
1700161,,,,0.0,0.0,
1703248,,,,0.0,0.0,
1707748,,,,0.0,0.0,
1712042,,,,0.0,0.0,
1715853,,,,0.0,0.0,
1720656,,,,0.0,0.0,
1722077,,,,0.0,0.0,
1723640,,,,0.0,0.0,
1730952,,,,0.0,0.0,
1734682,,,,0.0,0.0,
1739209,en,ROTTEN,,1.0,1.0,
17796,en,FREAKED,,1.0,1.0,
26198,en,the keep,,1.0,1.0,
35040,cy,CROG,HANG UP,0.0,0.0,
53122,en,Chandramukhi,,1.0,1.0,
66315,en,Aayiram Jenmangal,,1.0,1.0,
85198,en,Frightmare,,1.0,1.0,
99263,sv,SCHIZOPHORENIAC,SCHIZOPHORENIAC,0.0,0.0,
129465,en,HELLS,,1.0,1.0,
166201,en,BOG,,1.0,1.0,
203009,en,BLACKWOOD EVIL,,1.0,1.0,
240157,en,devadoothan,,1.0,1.0,
254250,,,,0.0,0.0,
262872,en,COYOTE,,1.0,1.0,
276748,,,,0.0,0.0,
297160,en,XX,,1.0,1.0,
314364,en,sakthi,,1.0,1.0,
322055,,,,0.0,0.0,
329134,en,massu,,0.3333,0.3333,
336766,es,la leyenda de espantapajaros,The Legend of Scarecrow,0.0,1.0,
346986,,,,0.0,0.0,
361554,,,,0.0,0.0,
370808,,,,0.0,0.0,
383338,,,,0.0,0.0,
392193,,,,0.0,0.0,
398768,ja,白い服 腹切り,White clothes cut in the stomach,0.0,0.3333,
406269,,,,0.0,0.0,
415175,,,,0.0,0.0,
423870,en,Empire of Madness 2,,1.0,1.0,
437265,,,,0.0,0.0,
447385,,,,0.0,0.0,
450515,zh-TW,夜半歌聲,Midnight Singing,0.0,0.0,
457781,,,,0.0,0.0,
464879,en,CABIN28,,0.0,0.0,
469867,,,,0.0,0.0,
478149,zh,牙狼,Garo,0.0,0.25,
481726,,,,0.0,0.0,
483940,,,,0.0,0.0,
484627,,,,0.0,0.0,
490870,,,,0.0,0.0,
498580,en,Kanchana 3,,1.0,1.0,
507489,,,,0.0,0.0,
513372,es,HOAX,,1.0,1.0,
515627,,,,0.0,0.0,
522650,,,,0.0,0.0,
526783,zh,我不吃若我如何刻息,If I don't eat it if I take a break,0.0,0.0,
529139,,,,0.0,0.0,
531502,,,,0.0,0.0,
540306,,,,0.0,0.0,
547034,en,Vellinakshatram,,1.0,1.0,
553054,,,,0.0,0.0,
557508,,,,0.0,0.0,
565441,,,,0.0,0.0,
567667,,,,0.0,0.0,
574790,,,,0.0,0.0,
582892,,,,0.0,0.0,
589635,,,,0.0,0.0,
597502,,,,0.0,0.0,
605635,,,,0.0,0.0,
609302,,,,0.0,0.0,
616347,,,,0.0,0.0,
626229,,,,0.0,0.0,
638210,ja,彼女、お借りします,I'll borrow her,0.0,0.0,
641588,,,,0.0,0.0,
643889,,,,0.0,0.0,
650248,en,Nycto,,1.0,1.0,
656147,,,,0.0,0.0,
662109,,,,0.0,0.0,
664748,,,,0.0,0.0,
669974,,,,0.0,0.0,
674943,,,,0.0,0.0,
678278,,,,0.0,0.0,
686086,,,,0.0,0.0,
690128,,,,0.0,0.0,
690658,,,,0.0,0.0,
694439,,,,0.0,0.0,
698826,,,,0.0,0.0,
713504,en,Blind Date,,1.0,1.0,
719686,,,,0.0,0.0,
724919,,,,0.0,0.0,
728218,,,,0.0,0.0,
729631,,,,0.0,0.0,
733126,,,,0.0,0.0,
736369,,,,0.0,0.0,
742948,de,Piecesofme,Piecesofme,0.0,0.0,
746661,,,,0.0,0.0,
749992,,,,0.0,0.0,
753158,,,,0.0,0.0,
756158,,,,0.0,0.0,
761953,,,,0.0,0.0,
763302,,,,0.0,0.0,
765878,,,,0.0,0.0,
770382,en,3 AM,,1.0,1.0,
772312,,,,0.0,0.0,
778521,ja,デビルクンのフィーラーード!!,Devilkun's Feelard!!,0.0,0.0,
785097,,,,0.0,0.0,
790257,zh-TW,恐怖新聞,Horror News,0.0,1.0,
794630,,,,0.0,0.0,
796400,,,,0.0,0.0,
797924,,,,0.0,0.0,
799943,,,,0.0,0.0,
805201,,,,0.0,0.0,
810896,,,,0.0,0.0,
815279,,,,0.0,0.0,
819401,,,,0.0,0.0,
825893,,,,0.0,0.0,
829674,,,,0.0,0.0,
835786,zh,巨蛛,Giant Spider,0.0,1.0,
840603,,,,0.0,0.0,
846867,en,MAD GOD,,1.0,1.0,
849774,,,,0.0,0.0,
852783,,,,0.0,0.0,
854328,ja,魔試親片の悉りの合行のくるのくる,Magical Test: Kuru no Kuru: Katana no Shitsutsugō,0.0,0.0,
857504,,,,0.0,0.0,
863171,fr,TIXIE,,1.0,1.0,
872980,,,,0.0,0.0,
877600,ta,சிண்ட்ரெலா,Cinderella,0.0,1.0,
879339,,,,0.0,0.0,
882965,,,,0.0,0.0,
889850,,,,0.0,0.0,
896161,,,,0.0,0.0,
901553,,,,0.0,0.0,
911708,ja,子光のダィービッド,Child Hikaru's David,0.0,0.3333,
921935,en,Ballabhpurer Roopkotha,,1.0,1.0,
928782,,,,0.0,0.0,
932598,,,,0.0,0.0,
935097,,,,0.0,0.0,
939839,,,,0.0,0.0,
942888,,,,0.0,0.0,
947043,,,,0.0,0.0,
951980,,,,0.0,0.0,
955293,,,,0.0,0.0,
960424,,,,0.0,0.0,
966560,,,,0.0,0.0,
968202,,,,0.0,0.0,
974733,,,,0.0,0.0,
977635,,,,0.0,0.0,
977654,,,,0.0,0.0,
983471,,,,0.0,0.0,
987324,,,,0.0,0.0,
994082,,,,0.0,0.0,
996747,,,,0.0,0.0,
1004662,,,,0.0,0.0,
1012410,en,Teenage Ghost Girl,,1.0,1.0,
1015505,,,,0.0,0.0,
1019999,,,,0.0,0.0,
1023716,,,,0.0,0.0,
1028653,,,,0.0,0.0,
1033095,,,,0.0,0.0,
1039898,,,,0.0,0.0,
1044115,zh-TW,驅魔錄2,Exorcism 2,0.0,0.3333,
1048512,,,,0.0,0.0,
1052857,,,,0.0,0.0,
1057228,es,Y,AND,0.0,0.0,
1065934,,,,0.0,0.0,
1074141,zh,花镜风月之鬼影,Kagami: The Ghost of Fugetsu,0.0,0.2222,
1077097,,,,0.0,0.0,
1078479,,,,0.0,0.0,
1082344,,,,0.0,0.0,
1085386,,,,0.0,0.0,
1089959,,,,0.0,0.0,
1092519,,,,0.0,0.0,
1096076,en,FISHPISS,,0.0,0.0,
1099767,,,,0.0,0.0,
1103867,,,,0.0,0.0,
1108895,,,,0.0,0.0,
1113573,,,,0.0,0.0,
1117424,,,,0.0,0.0,
1120062,,,,0.0,0.0,
1123503,en,BIG MILK,,1.0,1.0,
1127560,ja,八つ墓村,Eight Graves Village,0.0,0.0,
1137251,en,GORE,,1.0,1.0,
1141993,en,REPR EVE,,0.0,0.0,
1145880,,,,0.0,0.0,
1148524,,,,0.0,0.0,
1151593,,,,0.0,0.0,
1155301,,,,0.0,0.0,
1162056,,,,0.0,0.0,
1166109,ja,なまでこわすぎ!,what a scare!,0.0,0.0,
1170797,,,,0.0,0.0,
1172678,,,,0.0,0.0,
1173833,zh,蛇与情侣,Snakes and couples,0.0,0.25,
1178529,ja,絶叫怨霊 体感 肝試し,Scream Reirei: Experience the Liver Test,0.0,0.0,
1180354,th,พันธุ์ทอง,Gold varieties,0.0,0.0,
1182752,,,,0.0,0.0,
1189043,,,,0.0,0.0,
1192652,ja,こわいおとぎばなし,scary fairy tale,0.0,0.5,
1198873,,,,0.0,0.0,
1200167,,,,0.0,0.0,
1202913,en,INSOMNIA,,1.0,1.0,
1206152,,,,0.0,0.0,
1210047,en,Aranam,,1.0,1.0,
1217141,,,,0.0,0.0,
1221574,,,,0.0,0.0,
1226341,ja,怪談新耳袋 殴り込み!劇場版 東海道編,Ghost Story: New Earbag Strike! Tokaido: The Movie,0.0,0.0,
1230719,,,,0.0,0.0,
1232099,,,,0.0,0.0,
1236998,ja,都市伝説 恐怖の真相 外科医が語らない手術室の怖い話,"Urban legends, the truth of fear, scary stories about operating rooms that surgeons don't tell",0.0,0.4545,
1240814,,,,0.0,0.0,
1244017,en,BUG,,1.0,1.0,
1247181,,,,0.0,0.0,
1252768,pt,quando o sangue flui,When does the blood flow,0.0,0.75,
1259973,,,,0.0,0.0,
1262456,,,,0.0,0.0,
1265651,,,,0.0,0.0,
1269413,ja,地獄番町 おやこ星,Jigokubancho Oyakohoshi,0.0,0.0,
1274134,en,I Live Here Now,,1.0,1.0,
1280215,,,,0.0,0.0,
1282069,,,,0.0,0.0,
1287025,,,,0.0,0.0,
1289721,,,,0.0,0.0,
1292442,,,,0.0,0.0,
1295758,,,,0.0,0.0,
1300054,eo,valo valo,,1.0,1.0,
1301498,en,4:30,,1.0,1.0,
1305630,,,,0.0,0.0,
1308238,,,,0.0,0.0,
1310396,,,,0.0,0.0,
1313863,,,,0.0,0.0,
1316620,,,,0.0,0.0,
1317890,,,,0.0,0.0,
1319818,ja,悪霊の午後,Afternoon of Evil Spirits,0.0,0.8,
1321049,,,,0.0,0.0,
1321236,,,,0.0,0.0,
1324818,,,,0.0,0.0,
1330573,,,,0.0,0.0,
1339480,,,,0.0,0.0,
1346557,,,,0.0,0.0,
1355307,,,,0.0,0.0,
1359914,,,,0.0,0.0,
1363688,,,,0.0,0.0,
1367277,,,,0.0,0.0,
1372620,,,,0.0,0.0,
1373749,,,,0.0,0.0,
1376681,,,,0.0,0.0,
1379699,,,,0.0,0.0,
1380585,,,,0.0,0.0,
1383323,it,Gennaro,,1.0,1.0,
1388513,,,,0.0,0.0,
1393564,,,,0.0,0.0,
1395037,,,,0.0,0.0,
1397155,,,,0.0,0.0,
1401722,,,,0.0,0.0,
1411616,,,,0.0,0.0,
1416196,,,,0.0,0.0,
1422592,,,,0.0,0.0,
1430915,hr,QIJE,,1.0,1.0,
1433843,da,Sodom Akne,,1.0,1.0,
1436243,en,SPOOKSLAYERS,,1.0,1.0,
1441945,,,,0.0,0.0,
1451499,en,BAD JEW,,1.0,1.0,
1457403,en,TOUCAN,,1.0,1.0,
1459576,,,,0.0,0.0,
1464438,,,,0.0,0.0,
1468451,,,,0.0,0.0,
1475831,,,,0.0,0.0,
1481630,,,,0.0,0.0,
1485535,,,,0.0,0.0,
1489860,en,HOMEMADE GATORADE,,1.0,1.0,
1494779,,,,0.0,0.0,
1498858,,,,0.0,0.0,
1504291,,,,0.0,0.0,
1505977,,,,0.0,0.0,
1510207,is,VEX0,VEX0,0.0,0.0,
1512881,en,PARASOMNIA,,1.0,1.0,
1518779,,,,0.0,0.0,
1525341,,,,0.0,0.0,
1532737,,,,0.0,0.0,
1538195,,,,0.0,0.0,
1542478,,,,0.0,0.0,
1545266,,,,0.0,0.0,
1547879,it,INSETTICIDA,,1.0,1.0,
1549709,id,PEE NAK,,1.0,1.0,
1553167,,,,0.0,0.0,
1558100,en,ENEMY,,1.0,1.0,
1562272,,,,0.0,0.0,
1567014,,,,0.0,0.0,
1570005,,,,0.0,0.0,
1573785,,,,0.0,0.0,
1575519,en,homewreck/homesick/homegrown,,1.0,1.0,
1580472,,,,0.0,0.0,
1586002,he,אשמתי,My fault,0.0,1.0,
1591621,,,,0.0,0.0,
1595706,en,AN ITCH TO SCRATCH,,1.0,1.0,
1599018,zh,太平镇奇述,The Mysteries of Taiping,0.0,0.25,
1603066,ja,禅人村の幽霊祭り,Zen Village Ghost Festival,0.0,0.6,
1605028,,,,0.0,0.0,
1610201,,,,0.0,0.0,
1614906,,,,0.0,0.0,
1619416,,,,0.0,0.0,
1623427,,,,0.0,0.0,
1630590,,,,0.0,0.0,
1632504,zh,贴贴变更的海场,Seaside that has been posted and changed,0.0,0.0,
1638328,,,,0.0,0.0,
1641251,en,ghoststory,,1.0,1.0,
1646124,en,TIGER'S RAMPAGE,,1.0,1.0,
1650124,,,,0.0,0.0,
1655042,ja,学校の幽霊,School ghosts,0.0,0.0,
1659025,,,,0.0,0.0,
1662026,,,,0.0,0.0,
1665195,,,,0.0,0.0,
1668381,,,,0.0,0.0,
1676124,,,,0.0,0.0,
1681219,,,,0.0,0.0,
1687266,,,,0.0,0.0,
1691666,,,,0.0,0.0,
1696454,,,,0.0,0.0,
1700162,,,,0.0,0.0,
1703686,fr,Mauviette,,1.0,1.0,
1707927,ml,ആാഹലാദമ,Ahaladama,0.0,0.0,
1712409,,,,0.0,0.0,
1715864,,,,0.0,0.0,
1720774,,,,0.0,0.0,
1722176,,,,0.0,0.0,
1723985,,,,0.0,0.0,
1731223,,,,0.0,0.0,
1734939,,,,0.0,0.0,
1739615,,,,0.0,0.0,
17874,de,LASERPLUST,LASERPLUST,0.0,0.0,
26587,en,Dread,,1.0,1.0,
36166,en,DEVILMAN,,1.0,1.0,
53459,en,F,,0.0,0.0,
71480,,,,0.0,0.0,
85646,en,ENTRANCE,,1.0,1.0,
100241,en,"I, FRANKENSTEIN",,1.0,1.0,
134572,en,BLOOD RELATIONS,,1.0,1.0,
166271,en,HAUNTeR,,1.0,1.0,
211258,en,WAX,,1.0,1.0,
243837,en,HOTEL,,1.0,1.0,
255291,mg,ANIM OS ITY,ANIM OS ITY,0.0,0.0,
265067,en,VAMPIRE,,1.0,1.0,
279237,en,Bake Jizo,,1.0,1.0,
300143,zh,彩虹人,The Rainbow Man,0.0,1.0,
315708,,,,0.0,0.0,
322436,,,,0.0,0.0,
329951,ar,فيلفيل,Vellville,0.0,0.0,
336809,tl,SANGDI,SANGDI,0.0,0.0,
347206,,,,0.0,0.0,
361945,,,,0.0,0.0,
370897,,,,0.0,0.0,
384197,,,,0.0,0.0,
392432,en,ENDLESS,,1.0,1.0,
399118,en,Night People,,1.0,1.0,
406275,,,,0.0,0.0,
418939,zh,眼の奈想,Eye of the Eye,0.0,0.6667,
424222,en,UFO,,0.25,0.25,
438237,,,,0.0,0.0,
447722,,,,0.0,0.0,
450523,zh-TW,鬼殺手,Ghostkiller,0.0,0.0,
458612,,,,0.0,0.0,
464890,,,,0.0,0.0,
469972,,,,0.0,0.0,
478819,,,,0.0,0.0,
482192,en,DAMSEL,,0.0,0.0,
484219,,,,0.0,0.0,
484644,,,,0.0,0.0,
491197,,,,0.0,0.0,
501753,,,,0.0,0.0,
507723,en,the,,0.0,0.0,
513665,en,Onaaigal Jakkiradhai,,1.0,1.0,
515906,,,,0.0,0.0,
522987,en,INSIDE EVIL,,1.0,1.0,
527132,sw,CHUMBA,ROOM,0.0,0.0,
529409,,,,0.0,0.0,
532225,en,the shed,,1.0,1.0,
541727,,,,0.0,0.0,
547078,,,,0.0,0.0,
553075,,,,0.0,0.0,
557513,,,,0.0,0.0,
565481,en,THE DECAYED,,1.0,1.0,
568265,,,,0.0,0.0,
577214,,,,0.0,0.0,
582894,,,,0.0,0.0,
589637,,,,0.0,0.0,
600427,,,,0.0,0.0,
605802,en,8,,0.0,0.0,
609323,ja,河原崎家の一族,Kawarasaki family,0.0,1.0,
616769,,,,0.0,0.0,
630560,,,,0.0,0.0,
638988,,,,0.0,0.0,
642649,en,LEVEL,,1.0,1.0,
644665,,,,0.0,0.0,
652441,,,,0.0,0.0,
657191,,,,0.0,0.0,
662509,,,,0.0,0.0,
665835,,,,0.0,0.0,
670171,,,,0.0,0.0,
675526,,,,0.0,0.0,
679785,,,,0.0,0.0,
687281,,,,0.0,0.0,
690129,,,,0.0,0.0,
690732,,,,0.0,0.0,
694441,,,,0.0,0.0,
699317,,,,0.0,0.0,
715951,,,,0.0,0.0,
719703,,,,0.0,0.0,
725836,,,,0.0,0.0,
728236,,,,0.0,0.0,
729975,,,,0.0,0.0,
733222,,,,0.0,0.0,
738043,,,,0.0,0.0,
743240,,,,0.0,0.0,
746971,,,,0.0,0.0,
750415,en,7,,0.0,0.0,
753248,zh,活死人,The Living Dead,0.0,0.6667,
756673,,,,0.0,0.0,
762305,,,,0.0,0.0,
763320,,,,0.0,0.0,
766162,,,,0.0,0.0,
770491,,,,0.0,0.0,
773620,,,,0.0,0.0,
780535,,,,0.0,0.0,
786018,,,,0.0,0.0,
791038,,,,0.0,0.0,
795939,,,,0.0,0.0,
796401,,,,0.0,0.0,
797928,,,,0.0,0.0,
800137,,,,0.0,0.0,
806715,,,,0.0,0.0,
811825,,,,0.0,0.0,
816311,,,,0.0,0.0,
821418,,,,0.0,0.0,
826092,,,,0.0,0.0,
829882,,,,0.0,0.0,
836294,en,Dumbo,,0.0,0.0,
840805,,,,0.0,0.0,
848239,,,,0.0,0.0,
849903,,,,0.0,0.0,
852830,en,Torn Hearts,,1.0,1.0,
854400,,,,0.0,0.0,
857721,,,,0.0,0.0,
864201,,,,0.0,0.0,
873668,,,,0.0,0.0,
877621,,,,0.0,0.0,
881308,,,,0.0,0.0,
885754,,,,0.0,0.0,
890513,,,,0.0,0.0,
897791,,,,0.0,0.0,
904356,zh-TW,"日本列島
恐怖
心霊地帯","Japanese islands
terrors
Heart of the Earth",0.0,0.2,
911731,ja,鬼雲人とのののの,Of the one with Kiun,0.0,0.0,
922754,,,,0.0,0.0,
930187,,,,0.0,0.0,
932914,,,,0.0,0.0,
935983,,,,0.0,0.0,
940382,,,,0.0,0.0,
942936,,,,0.0,0.0,
947532,,,,0.0,0.0,
952280,id,kalo chhaya,,1.0,1.0,
955366,,,,0.0,0.0,
960498,zh-TW,来令道四資門塞名名,The name of the four main traffic jams on the Lanning Road,0.0,0.0,
966661,,,,0.0,0.0,
970106,en,¥¥¥¥¥¥¥,,0.0,0.0,
975026,,,,0.0,0.0,
977645,,,,0.0,0.0,
979203,cy,HIRAETH,,1.0,1.0,
983531,,,,0.0,0.0,
988054,en,ADMIRAL FLIPSID,,0.5,0.5,
994084,,,,0.0,0.0,
997660,en,NIGHTSIREN,,1.0,1.0,
1004785,,,,0.0,0.0,
1013132,en,KINEMORTOPHOBIA,,1.0,1.0,
1015706,,,,0.0,0.0,
1020266,en,III,,1.0,1.0,
1023724,,,,0.0,0.0,
1028909,,,,0.0,0.0,
1033710,,,,0.0,0.0,
1040551,,,,0.0,0.0,
1045536,,,,0.0,0.0,
1049134,,,,0.0,0.0,
1053050,,,,0.0,0.0,
1058860,,,,0.0,0.0,
1065938,,,,0.0,0.0,
1074216,,,,0.0,0.0,
1077817,et,CENDUVERI,CENDUVERI,0.0,0.0,
1078492,,,,0.0,0.0,
1082614,en,BUG,,1.0,1.0,
1085581,,,,0.0,0.0,
1090427,zh-TW,投稿怨霊映像 特選 第四夜 呪,Submission of Grievance Image Selection Fourth Night,0.0,0.0,
1092549,,,,0.0,0.0,
1096879,en,RUN,,1.0,1.0,
1100849,,,,0.0,0.0,
1103892,en,MIA,,1.0,1.0,
1108898,,,,0.0,0.0,
1113900,,,,0.0,0.0,
1118185,de,PYRE,,1.0,1.0,
1121020,,,,0.0,0.0,
1125365,,,,0.0,0.0,
1131282,,,,0.0,0.0,
1137654,,,,0.0,0.0,
1142325,,,,0.0,0.0,
1146209,ja,戦慄怪奇ファイル コワすぎ!史上最恐の劇場版,Senki Kaiki File is so scary! The Scariest Movie in History,0.0,0.0,
1149514,en,Janha Ratira Sathi,,1.0,1.0,
1151683,de,WOACA,,1.0,1.0,
1155643,,,,0.0,0.0,
1162791,es,Mamántula,,1.0,1.0,
1166538,,,,0.0,0.0,
1171035,,,,0.0,0.0,
1173124,,,,0.0,0.0,
1173947,zh-TW,假鳳虛鸞,False Fung Hui Luan,0.0,0.0,
1178873,,,,0.0,0.0,
1180377,en,boonpeng iron chest,,1.0,1.0,
1183797,zh-TW,人天人難,"Man, man, man, man, man",0.0,0.0,
1189352,,,,0.0,0.0,
1192921,,,,0.0,0.0,
1198987,en,fed,,1.0,1.0,
1200519,,,,0.0,0.0,
1203023,zh-TW,水戸黄門漫遊記,Mito Huangmon Wandering Notes,0.0,0.2,
1206471,,,,0.0,0.0,
1211170,,,,0.0,0.0,
1218245,en,Hellhounds,,1.0,1.0,
1221578,,,,0.0,0.0,
1226606,zh-TW,白肌の紅象,White-skinned red elephant,0.0,0.25,
1230796,,,,0.0,0.0,
1232290,zh,夜雨秋灯听奇谈,"Listen to strange stories at night, rain, autumn lights",0.0,0.625,
1237783,,,,0.0,0.0,
1241429,en,Geji: The Spirit Hunter,,1.0,1.0,
1244062,,,,0.0,0.0,
1249037,,,,0.0,0.0,
1254195,,,,0.0,0.0,
1260195,,,,0.0,0.0,
1262808,,,,0.0,0.0,
1265797,,,,0.0,0.0,
1271419,,,,0.0,0.0,
1275254,,,,0.0,0.0,
1280274,et,IIIV,IIIV,0.0,0.0,
1282296,,,,0.0,0.0,
1287090,,,,0.0,0.0,
1289987,,,,0.0,0.0,
1292645,nl,Kuncen,,1.0,1.0,
1295890,en,241,,1.0,1.0,
1300267,en,TRIP,,1.0,1.0,
1302609,,,,0.0,0.0,
1306112,zh-TW,广昌龍塔風,GUANGCHANG DRAGON TOWER WIND,0.0,0.0,
1308328,,,,0.0,0.0,
1310558,,,,0.0,0.0,
1315044,,,,0.0,0.0,
1316641,,,,0.0,0.0,
1318004,,,,0.0,0.0,
1320091,en,carton???,,1.0,1.0,
1321057,zh-TW,喊屍女人,Dead Woman,0.0,0.1667,
1321789,zh,爆炉,Bakudake,0.0,0.0,
1325772,,,,0.0,0.0,
1331460,,,,0.0,0.0,
1339508,,,,0.0,0.0,
1351825,,,,0.0,0.0,
1356334,de,LA CAFETIERE,LA CAFETIERE,0.0,0.0,
1361007,,,,0.0,0.0,
1364407,,,,0.0,0.0,
1368231,,,,0.0,0.0,
1372634,,,,0.0,0.0,
1373849,,,,0.0,0.0,
1377314,,,,0.0,0.0,
1379701,,,,0.0,0.0,
1381143,,,,0.0,0.0,
1383404,,,,0.0,0.0,
1389239,,,,0.0,0.0,
1393569,,,,0.0,0.0,
1395083,en,ACID,,1.0,1.0,
1397589,,,,0.0,0.0,
1408815,,,,0.0,0.0,
1414506,,,,0.0,0.0,
1417270,,,,0.0,0.0,
1422975,,,,0.0,0.0,
1431559,,,,0.0,0.0,
1433882,,,,0.0,0.0,
1436569,pt,CORPO VIL,,1.0,1.0,
1443084,eo,MORTIS,,1.0,1.0,
1452081,zh,马前动,Move the horse forward,0.0,0.0,
1457719,,,,0.0,0.0,
1460145,,,,0.0,0.0,
1464606,en,GAGE,,1.0,1.0,
1468846,en,sanguine,,0.0,0.0,
1475837,,,,0.0,0.0,
1482573,ar,تا راحها,She's gone,0.0,0.0,
1485846,en,TETHER,,1.0,1.0,
1491211,,,,0.0,0.0,
1495253,,,,0.0,0.0,
1499144,,,,0.0,0.0,
1504640,,,,0.0,0.0,
1506031,lv,CAPGRAS,,1.0,1.0,
1510423,,,,0.0,0.0,
1514422,,,,0.0,0.0,
1519390,,,,0.0,0.0,
1526203,,,,0.0,0.0,
1533128,,,,0.0,0.0,
1539159,,,,0.0,0.0,
1543002,en,PROWL,,1.0,1.0,
1545657,,,,0.0,0.0,
1548135,en,Q,,0.0,0.0,
1550505,,,,0.0,0.0,
1553451,,,,0.0,0.0,
1558326,,,,0.0,0.0,
1562657,pt,Alheio,,1.0,1.0,
1567813,,,,0.0,0.0,
1570993,,,,0.0,0.0,
1573818,zh,石生,Ishibu,0.0,0.0,
1576074,,,,0.0,0.0,
1580992,,,,0.0,0.0,
1586191,,,,0.0,0.0,
1592560,,,,0.0,0.0,
1595961,,,,0.0,0.0,
1599367,,,,0.0,0.0,
1604011,,,,0.0,0.0,
1605744,,,,0.0,0.0,
1610597,,,,0.0,0.0,
1615788,,,,0.0,0.0,
1620125,,,,0.0,0.0,
1623446,,,,0.0,0.0,
1630609,,,,0.0,0.0,
1633391,,,,0.0,0.0,
1638354,,,,0.0,0.0,
1641286,en,POX,,1.0,1.0,
1646461,,,,0.0,0.0,
1650210,,,,0.0,0.0,
1655050,,,,0.0,0.0,
1659078,,,,0.0,0.0,
1662075,,,,0.0,0.0,
1665409,,,,0.0,0.0,
1669469,,,,0.0,0.0,
1676459,,,,0.0,0.0,
1681429,en,BEAR TRAP,,1.0,1.0,
1688273,,,,0.0,0.0,
1692282,de,KRASNY,,1.0,1.0,
1696579,,,,0.0,0.0,
1701295,,,,0.0,0.0,
1704508,,,,0.0,0.0,
1708241,,,,0.0,0.0,
1712546,,,,0.0,0.0,
1715882,,,,0.0,0.0,
1720988,,,,0.0,0.0,
1722489,,,,0.0,0.0,
1724072,,,,0.0,0.0,
1731246,,,,0.0,0.0,
1736376,,,,0.0,0.0,
1740101,,,,0.0,0.0,
