id,title,model,text_you_read,verdict,reason,error
80809,Perry Mason Returns,us.amazon.nova-pro-v1:0,PERRY MASON MOVIE COLLECTION DOUBLE FEATURE 1,mismatch,the title on the poster is different from the catalog title,
85755,Perry Mason: The Case of the Heartbroken Bride,us.amazon.nova-pro-v1:0,the case of the heartbroken bride,match,the title on the poster matches the cataloged title,
89463,Perry Mason: The Case of the Sinister Spirit,us.amazon.nova-pro-v1:0,the case of the sinister spirit,match,the title on the poster matches the catalog entry,
95400,Perry Mason: The Case of the Reckless Romeo,us.amazon.nova-pro-v1:0,the case of the reckless romeo,match,the title on the poster matches the cataloged title,
97073,Perry Mason: The Case of the Skin-Deep Scandal,us.amazon.nova-pro-v1:0,the case of the skin deep scandal,match,matches cataloged title,
128019,Skånska mord - Hurvamorden,us.amazon.nova-pro-v1:0,skånska mord,match,matches cataloged title,
128020,Skånska mord - Yngsjömordet,us.amazon.nova-pro-v1:0,SKANSK MORD,mismatch,the title on the poster is different from the catalog title,
144686,The Lift,us.amazon.nova-pro-v1:0,REEL TALENT,mismatch,the text on the poster does not match the cataloged film title,
153730,Scary True Stories,us.amazon.nova-pro-v1:0,SCARY TRUE STORIES,match,the title text on the poster matches the cataloged film name,
174219,"The Hazards of Helen: Episode13, The Escape on the Fast Freight",us.amazon.nova-pro-v1:0,the hazards of helen,match,the title on the poster matches the catalog entry,
174220,The Hazards of Helen Ep26: The Wild Engine,us.amazon.nova-pro-v1:0,the hazards of helen,match,the title on the poster matches the catalog listing,
186514,Blake of Scotland Yard,us.amazon.nova-pro-v1:0,BLAKE OF SCOTLAND YARD,match,the title text on the poster matches the catalog listing,
219252,Yotsuya Ghost Story Part 1,us.amazon.nova-pro-v1:0,四谷怪談,match,the title text matches the catalog entry,
219253,Yotsuya Ghost Story Part 2,us.amazon.nova-pro-v1:0,四谷怪談,mismatch,the title on the poster is not 'Yotsuya Ghost Story Part 2',
225577,Perry Mason: The Case of the Murdered Madam,us.amazon.nova-pro-v1:0,the case of the sinister spirit,mismatch,the title on the poster does not match the cataloged film title,
226675,Perry Mason: The Case of the Grimacing Governor,us.amazon.nova-pro-v1:0,THE CASE OF THE GRIMACING GOVERNOR,match,matches cataloged title,
226679,Perry Mason: The Case of the Jealous Jokester,us.amazon.nova-pro-v1:0,the case of the jealous jokester,match,the title on the poster matches the catalog listing,
226686,Perry Mason: The Case of the Notorious Nun,us.amazon.nova-pro-v1:0,the case of the notorious nun,match,the title on the poster matches the cataloged film title,
228257,Perry Mason: The Case of the Fatal Framing,us.amazon.nova-pro-v1:0,the case of the fatal framing,match,the title on the poster matches the cataloged title,
229088,Perry Mason: The Case of the Poisoned Pen,us.amazon.nova-pro-v1:0,the case of the poisoned pen,match,the title on the poster matches the cataloged title,
229102,Perry Mason: The Case of the Desperate Deception,us.amazon.nova-pro-v1:0,the case of the desperate deception,match,the title on the poster matches the catalog listing,
240333,Blake of Scotland Yard,us.amazon.nova-pro-v1:0,BLAKE OF SCOTLAND YARD,match,the title text on the poster matches the catalog listing,
246953,The Open Track,us.amazon.nova-pro-v1:0,HELEN GIBSON SILENT SERIAL QUEEN,no_title_on_poster,The text on the poster does not match the catalog title 'The Open Track'.,
251282,Mad God: Part 1,us.amazon.nova-pro-v1:0,MAD GOD,mismatch,"the catalog title includes "": Part 1"" which is not on the poster",
270496,The Wrong Train Order,us.amazon.nova-pro-v1:0,HELEN GIBSON SILENT SERIAL QUEEN,mismatch,the title on the poster does not match the cataloged film title,
270500,The Governor's Special,us.amazon.nova-pro-v1:0,HELEN GIBSON SILENT SERIAL QUEEN,mismatch,the title on the poster does not match the cataloged film title,
274105,Stabbing at Leia's 22nd Birthday,us.amazon.nova-pro-v1:0,Stabbing at Leia's 22nd Birthday,match,The title text on the poster matches the catalog listing exactly.,
300154,The Leap from the Water Tower,us.amazon.nova-pro-v1:0,the hazards of helen,mismatch,the title on the poster does not match the cataloged film title,
303480,鬼掩眼,us.amazon.nova-pro-v1:0,鬼掩眼,match,the title text matches the catalog listing,
320889,Alphamann: Amok,us.amazon.nova-pro-v1:0,ALPHAMANN,mismatch,"the title on the poster is 'ALPHAMANN', not 'Alphamann: Amok'",
323508,Angels Die Slowly,us.amazon.nova-pro-v1:0,angels die slowly,match,the title text on the poster matches the cataloged movie name,
344001,M Is for Malnutrition,us.amazon.nova-pro-v1:0,the abcs of death,mismatch,the title on the poster does not match the cataloged film title,
353154,Scary True Stories: Night Two,us.amazon.nova-pro-v1:0,SCARY TRUE STORIES,mismatch,the poster shows a different subtitle than the catalog,
353893,Perfect Alibi,us.amazon.nova-pro-v1:0,REEL TALENT,mismatch,the text on the poster does not match the cataloged film title,
378362,Mad God: Part 2,us.amazon.nova-pro-v1:0,MAD GOD,mismatch,the title on the poster does not match the cataloged title,
379100,M is for Merry Christmas,us.amazon.nova-pro-v1:0,the abcs of death,mismatch,the title on the poster does not match the cataloged film title,
379599,Obsessed,us.amazon.nova-pro-v1:0,,no_title_on_poster,no legible title text found on the poster,
395328,Alphamann: Die Selbstmörderin,us.amazon.nova-pro-v1:0,ALPHAMANN,mismatch,the title on the poster does not match the cataloged title,
408054,M is for Marble,us.amazon.nova-pro-v1:0,ABCs of Death,mismatch,the title text on the poster does not match the cataloged film title,
408055,M is for Messiah,us.amazon.nova-pro-v1:0,the abcs of death,mismatch,the title on the poster does not match the cataloged film title,
431873,The Painting of Horror,us.amazon.nova-pro-v1:0,the painting of horror!,match,the title on the poster matches the catalog listing,
432055,The Kind of Meat You Can't Buy at the Store,us.amazon.nova-pro-v1:0,the kind of meat you can't buy in the store!,mismatch,the title on the poster is different from the catalog listing,
439994,Charles Augustus Milverton,us.amazon.nova-pro-v1:0,the further adventures of sherlock holmes,mismatch,the title on the poster does not match the cataloged film title,
453803,Doctor Mabuse,us.amazon.nova-pro-v1:0,the doctor mabuse collection,match,the title on the poster matches the catalog entry,
453836,Doctor Mabuse: Etiopomar,us.amazon.nova-pro-v1:0,the doctor mabuse collection,mismatch,the title on the poster does not match the catalog listing,
502613,M Is for Manure,us.amazon.nova-pro-v1:0,ABCs of Death,mismatch,the title on the poster is different from the cataloged title,
534671,Run to Delirium,us.amazon.nova-pro-v1:0,RUN TO DELIRIUM,match,the title text on the poster matches the catalog listing,
534676,Run to Delirium,us.amazon.nova-pro-v1:0,RUN TO DELIRIUM,match,the title text on the poster matches the catalog listing,
542208,The Saint: The Brazilian Connection,us.amazon.nova-pro-v1:0,the saint,mismatch,the title on the poster does not match the cataloged title,
551407,Inner Depravity,us.amazon.nova-pro-v1:0,Inner Depravity,match,the title text matches the catalog listing,
551409,Inner Depravity 2,us.amazon.nova-pro-v1:0,Remy Couture's INNER DEPRAVITY,mismatch,the title on the poster is different from the catalog title,
565446,The Teenage Frankenstein,us.amazon.nova-pro-v1:0,,no_title_on_poster,no title text present on the poster,
565457,The Teenage Frankenstein Meets the Teenage Werewolf,us.amazon.nova-pro-v1:0,,no_title_on_poster,no title text present on the poster,
568407,Mad God: Part 3,us.amazon.nova-pro-v1:0,MAD GOD,mismatch,the title on the poster does not match the cataloged title,
620251,Kamen Rider BiBiBi no Bibill Geiz,us.amazon.nova-pro-v1:0,カメンライダーバィビビのビビルゲイズ,match,the title on the poster matches the cataloged film title,
645023,Dr. Hikojiro,us.amazon.nova-pro-v1:0,ヒコジろー,match,the title text matches the catalog entry,
647164,Dr. Hikojiro 2,us.amazon.nova-pro-v1:0,ヒコジロー,match,the title text matches the catalog entry,
672288,Identity V STAGE Episode 1 [What to draw] Side:H,us.amazon.nova-pro-v1:0,IdentityV STAGE,mismatch,the title on the poster is different from the catalog listing,
672290,Identity V STAGE Episode 1 [What to draw] Side:S,us.amazon.nova-pro-v1:0,Identity V STAGE,match,the title on the poster matches the catalog entry,
685554,Day of Chaos: The Visual Effects of 'Dredd',us.amazon.nova-pro-v1:0,Dredd 3D,mismatch,"the title on the poster is 'Dredd 3D', not 'Day of Chaos: The Visual Effects of 'Dredd''",
685555,Mega City Masters: 35 Years of Judge Dredd,us.amazon.nova-pro-v1:0,DRED 3D,mismatch,the title on the poster does not match the cataloged film title,
685646,Visions of 'The Happening',us.amazon.nova-pro-v1:0,the happening,mismatch,"the title on the poster is 'the happening', not 'visions of 'the happening'",
685649,The Happening: A Day for Night,us.amazon.nova-pro-v1:0,the happening,mismatch,the catalog title does not match the title on the poster,
690746,Kamen Rider BiBiBi no BibillGeiz,us.amazon.nova-pro-v1:0,カメンライダービビビのビビルゲイズ,match,the title text on the poster matches the cataloged film title,
705698,The Saint: Fear in Fun Park,us.amazon.nova-pro-v1:0,the saint,mismatch,the title on the poster does not match the cataloged film title,
732231,Castle Ghosts of England,us.amazon.nova-pro-v1:0,Castle Ghosts,mismatch,the title on the poster is more general than the cataloged title,
732232,Castle Ghosts of Ireland,us.amazon.nova-pro-v1:0,Castle Ghosts,mismatch,the title on the poster is different from the cataloged film title,
732234,Castle Ghosts of Wales,us.amazon.nova-pro-v1:0,Castle Ghosts,mismatch,the title on the poster is different from the catalog listing,
771221,Wolfsland - Kein entkommen,us.amazon.nova-pro-v1:0,WOLFSLAND,match,the title on the poster matches the cataloged title,
774330,Wolfsland - Das Kind vom Finstertor,us.amazon.nova-pro-v1:0,DONNERSTAGKRIMI im Ersten WOLFSLÄND,mismatch,the title on the poster does not match the cataloged title,
782719,Enemies: Against the Clock,us.amazon.nova-pro-v1:0,enemies,match,the title on the poster matches the catalog entry,
788633,Enemies: The Confession,us.amazon.nova-pro-v1:0,enemies,mismatch,"the catalog title is 'Enemies: The Confession', but the poster only shows 'enemies'",
790737,The Second Stain,us.amazon.nova-pro-v1:0,the further adventures of sherlock holmes,mismatch,the title on the poster does not match the cataloged film title,
790739,The Red Circle,us.amazon.nova-pro-v1:0,The FURTHER Adventures of SHERLOCK HOLMES,mismatch,the title on the poster does not match the cataloged film title,
790742,The Six Napoleons,us.amazon.nova-pro-v1:0,The FURTHER Adventures of SHERLOCK HOLMES,mismatch,the title on the poster does not match the cataloged film title,
791027,The Greek Interpreter,us.amazon.nova-pro-v1:0,The FURTHER Adventures of SHERLOCK HOLMES,mismatch,the title on the poster does not match the cataloged film title,
810161,Live Bait,us.amazon.nova-pro-v1:0,BITE SIZE HALLOWEEN,mismatch,the title on the poster does not match the cataloged film title,
831541,Der Masuren-Krimi - Fryderyks Erbe,us.amazon.nova-pro-v1:0,MASUREN KRIMI,mismatch,the title on the poster differs from the cataloged title,
832749,Tales of the Bizarre: Christmas Eve Special,us.amazon.nova-pro-v1:0,怪談の館,mismatch,the title text on the poster does not match the cataloged film title,
832874,Ring,us.amazon.nova-pro-v1:0,RING,match,the title text on the poster matches the catalog listing,
833559,Der Masuren-Krimi - Fangschuss,us.amazon.nova-pro-v1:0,MASUREN KRIMI,mismatch,the title on the poster does not exactly match the cataloged title,
835457,Vine Trailer,us.amazon.nova-pro-v1:0,,,,"HTTPSConnectionPool(host='image.tmdb.org', port=443): Read timed out."
838630,VINE,us.amazon.nova-pro-v1:0,VINE,match,The title 'VINE' is clearly visible on the poster.,
840503,Ring,us.amazon.nova-pro-v1:0,RING,match,the title text on the poster matches the catalog listing,
876269,Aylesbury Dead,us.amazon.nova-pro-v1:0,DEAD,mismatch,"the title on the poster is 'DEAD', not 'Aylesbury Dead'",
877165,The Sick Sex Mutants From Space,us.amazon.nova-pro-v1:0,CARL J. SUKENiCK ViDeO,mismatch,the title on the poster does not match the cataloged film title,
877626,Aylesbury Dead 2,us.amazon.nova-pro-v1:0,DEAD,mismatch,"the title on the poster is 'DEAD', not 'Aylesbury Dead 2'",
889022,Among the Counterfeiters,us.amazon.nova-pro-v1:0,nick carter is coming to your cinema,mismatch,the title on the poster does not match the cataloged film title,
893555,Panzer World Galient: Chapter of the Land,us.amazon.nova-pro-v1:0,パンツァーワールドガリアン,match,the title text on the poster matches the catalog entry,
893560,Panzer World Galient: Chapter of the Sky,us.amazon.nova-pro-v1:0,パンツァーワールドガリアン,match,The title 'Panzer World Galient' matches the catalog listing.,
893563,Panzer World Galient: Crest of Iron,us.amazon.nova-pro-v1:0,パンゼル 世界のガリエン,mismatch,the title on the poster is different from the cataloged title,
918768,Sheila Scorned,us.amazon.nova-pro-v1:0,ETHERIA,mismatch,"the title on the poster is 'ETHERIA', not 'Sheila Scorned'",
919073,Home Run,us.amazon.nova-pro-v1:0,SCREEN ONE,no_title_on_poster,"The text 'SCREEN ONE' is present, but it does not match the film title 'Home Run'.",
919092,Dark City,us.amazon.nova-pro-v1:0,SCREEN ONE,no_title_on_poster,The text on the poster does not match the film title 'Dark City'.,
919335,Cowboy Kill Club,us.amazon.nova-pro-v1:0,ETHERIA,mismatch,"the title on the poster is 'ETHERIA', not 'Cowboy Kill Club'",
919471,Knockback: 1,us.amazon.nova-pro-v1:0,KNOCKBACK,match,the title text on the poster matches the catalog entry,
919476,Knockback: 2,us.amazon.nova-pro-v1:0,KNOCKBACK,mismatch,"the poster says 'KNOCKBACK', not 'Knockback: 2'",
937663,Lesbian Beasts 5000 AD,us.amazon.nova-pro-v1:0,CARL J. SUKENiCK ViDeO,mismatch,the title on the poster does not match the cataloged film title,
940617,Tales of the Bizarre: 2004 Spring Special,us.amazon.nova-pro-v1:0,第一利品剧語：大六分版,mismatch,the title text on the poster does not match the cataloged film title,
940620,Tales of the Bizarre: 2004 Fall Special,us.amazon.nova-pro-v1:0,策划現行大全部,mismatch,the title text on the poster does not match the cataloged title,
941023,Tales of the Bizarre: 2003 Fall Special,us.amazon.nova-pro-v1:0,第一利的天上的天,mismatch,the title text on the poster does not match the cataloged film title,
947319,The Death Train,us.amazon.nova-pro-v1:0,an episode in the hazards of helen series,mismatch,the title on the poster does not match the catalog listing,
947328,The Capture of Red Stanley,us.amazon.nova-pro-v1:0,an episode in the hazards of helen series,no_title_on_poster,the text on the poster does not match the cataloged film title,
947331,The Treasure Train,us.amazon.nova-pro-v1:0,an episode in the hazards of helen series,no_title_on_poster,the text on the poster is not a film title,
947332,The Mysterious Cipher,us.amazon.nova-pro-v1:0,an episode in the hazards of helen series,no_title_on_poster,the text on the poster is not a film title,
948842,The Bridge of Danger,us.amazon.nova-pro-v1:0,an episode in the hazards of helen series,no_title_on_poster,the text on the poster is not a movie title,
948844,The Human Telegram,us.amazon.nova-pro-v1:0,an episode in the hazards of helen series,no_title_on_poster,the text on the poster is not a film title,
948846,The Race for a Siding,us.amazon.nova-pro-v1:0,an episode in the hazards of helen series,no_title_on_poster,the text on the poster is not a film title,
948849,The Record Run,us.amazon.nova-pro-v1:0,an episode in the hazards of helen series,no_title_on_poster,the text on the poster is not a film title,
948851,The Trapping of 'Peeler' White,us.amazon.nova-pro-v1:0,an episode in the hazards of helen series,no_title_on_poster,the text on the poster is not a film title,
948890,The Detective's Peril,us.amazon.nova-pro-v1:0,an episode in the hazards of helen series,no_title_on_poster,the text on the poster is not a film title,
949114,The Plot at the Railroad Cut,us.amazon.nova-pro-v1:0,an episode in the hazards of helen series,no_title_on_poster,the text read is not the film title,
949127,The Girl at the Throttle,us.amazon.nova-pro-v1:0,an episode in the hazards of helen series,mismatch,the title on the poster does not match the catalog title,
949777,The Flying Freight's Captive,us.amazon.nova-pro-v1:0,an episode in the hazards of helen series,no_title_on_poster,the text on the poster is not a film title,
949822,The Black Diamond Express,us.amazon.nova-pro-v1:0,an episode in the hazards of helen series,no_title_on_poster,the text read is not the film title,
949869,The Escape on the Limited,us.amazon.nova-pro-v1:0,an episode in the hazards of helen series,no_title_on_poster,the text read does not match the film title,
949872,The Girl Telegrapher's Peril,us.amazon.nova-pro-v1:0,an episode in the hazards of helen series,no_title_on_poster,the text on the poster is not a film title,
949874,The Broken Circuit,us.amazon.nova-pro-v1:0,an episode in the hazards of helen series,no_title_on_poster,the text read does not match the cataloged film title,
950032,The Fast Mail's Danger,us.amazon.nova-pro-v1:0,an episode in the hazards of helen series,mismatch,the title on the poster does not match the cataloged film title,
950034,The Little Engineer,us.amazon.nova-pro-v1:0,an episode in the hazards of helen series,no_title_on_poster,the text read does not match the cataloged title,
950035,The Red Signal,us.amazon.nova-pro-v1:0,an episode in the hazards of helen series,no_title_on_poster,the text on the poster is not a film title,
950184,The Engineer's Peril,us.amazon.nova-pro-v1:0,an episode in the hazards of helen series,mismatch,the title on the poster does not match the cataloged film title,
950188,The Open Drawbridge,us.amazon.nova-pro-v1:0,an episode in the hazards of helen series,no_title_on_poster,the text on the poster is not a film title,
950190,The Railroad Raiders of '62,us.amazon.nova-pro-v1:0,an episode in the hazards of helen series,mismatch,the title on the poster does not match the cataloged film title,
950191,The Girl at Lone Point,us.amazon.nova-pro-v1:0,an episode in the hazards of helen series,mismatch,the title on the poster does not match the catalog listing,
950342,A Life in the Balance,us.amazon.nova-pro-v1:0,an episode in the hazards of helen series,mismatch,the title on the poster does not match the cataloged film title,
950343,The Girl on the Trestle,us.amazon.nova-pro-v1:0,an episode in the hazards of helen series,mismatch,the title on the poster does not match the cataloged film title,
950344,The Girl Engineer,us.amazon.nova-pro-v1:0,an episode in the hazards of helen series,mismatch,the title on the poster does not match the cataloged title,
950345,A Race for a Crossing,us.amazon.nova-pro-v1:0,an episode in the hazards of helen series,no_title_on_poster,the text on the poster is not a film title,
950347,The Box Car Trap,us.amazon.nova-pro-v1:0,an episode in the hazards of helen series,no_title_on_poster,the text on the poster is not a film title,
950356,The Fiend at the Throttle,us.amazon.nova-pro-v1:0,an episode in the hazards of helen series,mismatch,the title on the poster does not match the cataloged title,
950361,The Night Operator at Buxton,us.amazon.nova-pro-v1:0,an episode in the hazards of helen series,mismatch,the title on the poster does not match the cataloged film title,
950364,The Broken Train,us.amazon.nova-pro-v1:0,an episode in the hazards of helen series,mismatch,the title on the poster is different from the catalog listing,
950368,The Human Chain,us.amazon.nova-pro-v1:0,an episode in the hazards of helen series,mismatch,the title on the poster is different from the cataloged film title,
950533,Near Eternity,us.amazon.nova-pro-v1:0,an episode in the hazards of helen series,mismatch,the title on the poster does not match the cataloged film title,
950535,The Midnight Limited,us.amazon.nova-pro-v1:0,an episode in the hazards of helen series,no_title_on_poster,the text on the poster is not a film title,
950537,A Wild Ride,us.amazon.nova-pro-v1:0,an episode in the hazards of helen series,mismatch,the title on the poster does not match the cataloged film title,
950689,A Deed of Daring,us.amazon.nova-pro-v1:0,an episode in the hazards of helen series,mismatch,the title on the poster does not match the cataloged title,
951449,The Girl on the Engine,us.amazon.nova-pro-v1:0,an episode in the hazards of helen series,mismatch,the title on the poster is different from the cataloged film title,
951452,The Fate of Number One,us.amazon.nova-pro-v1:0,an episode in the hazards of helen series,mismatch,the title on the poster does not match the cataloged film title,
951453,The Substitute Fireman,us.amazon.nova-pro-v1:0,an episode in the hazards of helen series,no_title_on_poster,the text on the poster does not match the cataloged film title,
951454,The Limited's Peril,us.amazon.nova-pro-v1:0,an episode in the hazards of helen series,mismatch,the title on the poster does not match the cataloged film title,
951455,A Perilous Chance,us.amazon.nova-pro-v1:0,an episode in the hazards of helen series,mismatch,the title on the poster does not match the catalog listing,
951976,Train Order Number Forty-Five,us.amazon.nova-pro-v1:0,an episode in the hazards of helen series,mismatch,the title on the poster does not match the cataloged film title,
951979,The Broken Rail,us.amazon.nova-pro-v1:0,an episode in the hazards of helen series,mismatch,the title on the poster is different from the catalog listing,
951981,A Girl's Grit,us.amazon.nova-pro-v1:0,an episode in the hazards of helen series,mismatch,the title on the poster does not match the cataloged title 'A Girl's Grit',
951984,A Matter of Seconds,us.amazon.nova-pro-v1:0,an episode in the hazards of helen series,mismatch,the title on the poster does not match the cataloged film title,
951987,The Runaway Boxcar,us.amazon.nova-pro-v1:0,an episode in the hazards of helen series,no_title_on_poster,the text on the poster is not a film title,
952045,Anal Paprika 2: Vampire Killers,us.amazon.nova-pro-v1:0,Anal Paprika 2&3,mismatch,the title on the poster is different from the catalog listing,
952054,Anal Paprika 3: Menage-A-Death,us.amazon.nova-pro-v1:0,Anal Paprika 283,mismatch,the number is different,
952166,The Watertank Plot,us.amazon.nova-pro-v1:0,an episode in the hazards of helen series,no_title_on_poster,"the text on the poster is a series name, not a film title",
952171,A Test of Courage,us.amazon.nova-pro-v1:0,an episode in the hazards of helen series,mismatch,the title on the poster does not match the cataloged title,
952303,A Mile a Minute,us.amazon.nova-pro-v1:0,an episode in the hazards of helen series,no_title_on_poster,the text on the poster is not a film title,
952321,The Rescue of the Brakeman's Children,us.amazon.nova-pro-v1:0,an episode in the hazards of helen series,mismatch,the title on the poster does not match the cataloged film title,
952329,Danger Ahead!,us.amazon.nova-pro-v1:0,an episode in the hazards of helen series,mismatch,the title on the poster does not match the catalog listing,
952332,The Girl and the Special,us.amazon.nova-pro-v1:0,an episode in the hazards of helen series,mismatch,the text on the poster does not match the cataloged film title,
952337,The Girl on the Bridge,us.amazon.nova-pro-v1:0,an episode in the hazards of helen series,mismatch,the title on the poster does not match the cataloged film title,
952339,The Dynamite Train,us.amazon.nova-pro-v1:0,an episode in the hazards of helen series,mismatch,the title on the poster is different from the catalog listing,
952342,The Tramp Telegrapher,us.amazon.nova-pro-v1:0,an episode in the hazards of helen series,mismatch,the title on the poster does not match the cataloged film title,
952404,Crossed Wires,us.amazon.nova-pro-v1:0,an episode in the hazards of helen series,mismatch,the title on the poster does not match the catalog listing,
952405,A Boy at the Throttle,us.amazon.nova-pro-v1:0,an episode in the hazards of helen series,mismatch,the title on the poster does not match the cataloged film title,
952416,The Broken Brake,us.amazon.nova-pro-v1:0,HELEN GIBSON SILENT SERIAL QUEEN,no_title_on_poster,The text on the poster does not match the catalog title 'The Broken Brake'.,
952642,At the Risk of Her Life,us.amazon.nova-pro-v1:0,an episode in the hazards of helen series,mismatch,the title on the poster does not match the cataloged film title,
952645,When Seconds Count,us.amazon.nova-pro-v1:0,an episode in the hazards of helen series,no_title_on_poster,the text on the poster is not a film title,
952651,The Haunted Station,us.amazon.nova-pro-v1:0,an episode in the hazards of helen series,mismatch,the title on the poster does not match the cataloged film title,
952659,Tapped Wires,us.amazon.nova-pro-v1:0,an episode in the hazards of helen series,no_title_on_poster,the text on the poster is not a film title,
952664,The Broken Wire,us.amazon.nova-pro-v1:0,an episode in the hazards of helen series,mismatch,the title on the poster does not match the cataloged film title,
952666,The Peril of the Rails,us.amazon.nova-pro-v1:0,an episode in the hazards of helen series,mismatch,the title on the poster does not match the cataloged film title,
952668,The Perilous Swing,us.amazon.nova-pro-v1:0,an episode in the hazards of helen series,mismatch,the title on the poster does not match the cataloged film title,
952670,The Switchman's Story,us.amazon.nova-pro-v1:0,an episode in the hazards of helen series,mismatch,the title on the poster does not match the cataloged film title,
952673,The Girl Telegrapher's Nerve,us.amazon.nova-pro-v1:0,an episode in the hazards of helen series,mismatch,the title on the poster does not match the cataloged film title,
952686,A Race for a Life,us.amazon.nova-pro-v1:0,an episode in the hazards of helen series,mismatch,the title on the poster does not match the cataloged title,
952873,The Girl Who Dared,us.amazon.nova-pro-v1:0,an episode in the hazards of helen series,mismatch,the title on the poster does not match the cataloged film title,
953119,The Trail of Danger,us.amazon.nova-pro-v1:0,an episode in the hazards of helen series,mismatch,the title on the poster does not match the cataloged film title,
953125,The Spiked Switch,us.amazon.nova-pro-v1:0,an episode in the hazards of helen series,no_title_on_poster,the text on the poster does not match the cataloged film title,
953127,A Race Through the Air,us.amazon.nova-pro-v1:0,an episode in the hazards of helen series,mismatch,the title on the poster does not match the cataloged title,
953128,The Engineer's Honor,us.amazon.nova-pro-v1:0,an episode in the hazards of helen series,mismatch,the title on the poster does not match the cataloged film title,
953617,To Save the Road,us.amazon.nova-pro-v1:0,an episode in the hazards of helen series,mismatch,the title on the poster does not match the cataloged film title,
953623,The Broken Brake,us.amazon.nova-pro-v1:0,an episode in the hazards of helen series,no_title_on_poster,the text on the poster is not a film title,
953923,A Mystery of the Rails,us.amazon.nova-pro-v1:0,an episode in the hazards of helen series,mismatch,the title on the poster does not match the cataloged title,
953925,Hurled Through the Drawbridge,us.amazon.nova-pro-v1:0,an episode in the hazards of helen series,no_title_on_poster,the text on the poster is not the film title,
953996,With the Aid of the Wrecker,us.amazon.nova-pro-v1:0,an episode in the hazards of helen series,mismatch,the title on the poster does not match the cataloged title,
953998,At Danger's Call,us.amazon.nova-pro-v1:0,an episode in the hazards of helen series,mismatch,the title on the poster does not match the cataloged film title,
953999,The Secret of the Box Car,us.amazon.nova-pro-v1:0,an episode in the hazards of helen series,mismatch,the title on the poster does not match the cataloged film title,
954001,Ablaze on the Rails,us.amazon.nova-pro-v1:0,an episode in the hazards of helen series,mismatch,the title on the poster does not match the cataloged title,
954002,The Hoodoo of Division B,us.amazon.nova-pro-v1:0,an episode in the hazards of helen series,mismatch,the title on the poster does not match the cataloged title,
954005,Defying Death,us.amazon.nova-pro-v1:0,an episode in the hazards of helen series,mismatch,the title on the poster does not match the cataloged film title,
954008,The Death Swing,us.amazon.nova-pro-v1:0,an episode in the hazards of helen series,mismatch,the title on the poster does not match the cataloged film title,
954009,The Blocked Track,us.amazon.nova-pro-v1:0,an episode in the hazards of helen series,no_title_on_poster,the text on the poster does not match the cataloged film title,
954243,To Save the Special,us.amazon.nova-pro-v1:0,an episode in the hazards of helen series,mismatch,the title on the poster does not match the catalog listing,
954245,A Daring Chance,us.amazon.nova-pro-v1:0,an episode in the hazards of helen series,mismatch,the title on the poster does not match the cataloged title,
954271,The Lost Messenger,us.amazon.nova-pro-v1:0,an episode in the hazards of helen series,no_title_on_poster,the text on the poster does not match the cataloged film title,
954296,The Gate of Death,us.amazon.nova-pro-v1:0,an episode in the hazards of helen series,mismatch,the title on the poster does not match the cataloged film title,
954297,The Lone Point Mystery,us.amazon.nova-pro-v1:0,an episode in the hazards of helen series,mismatch,the title on the poster does not match the cataloged film title,
954302,The Runaway Sleeper,us.amazon.nova-pro-v1:0,an episode in the hazards of helen series,mismatch,the title on the poster does not match the cataloged film title,
954305,The Forgotten Train Order,us.amazon.nova-pro-v1:0,an episode in the hazards of helen series,no_title_on_poster,"the text on the poster is a series name, not a film title",
954310,The Trial Run,us.amazon.nova-pro-v1:0,an episode in the hazards of helen series,no_title_on_poster,the text on the poster is not a film title,
954321,The Lineman's Peril,us.amazon.nova-pro-v1:0,an episode in the hazards of helen series,mismatch,the title on the poster does not match the cataloged film title,
954727,The Vanishing Box Car,us.amazon.nova-pro-v1:0,an episode in the hazards of helen series,mismatch,the title on the poster does not match the cataloged film title,
954732,A Race with Death,us.amazon.nova-pro-v1:0,an episode in the hazards of helen series,mismatch,the title on the poster does not match the cataloged title,
954733,The Mogul Mountain Mystery,us.amazon.nova-pro-v1:0,an episode in the hazards of helen series,no_title_on_poster,the text on the poster is not a film title,
954844,The Fireman's Nemesis,us.amazon.nova-pro-v1:0,an episode in the hazards of helen series,no_title_on_poster,the text on the poster is not a film title,
954876,The Wrecked Station,us.amazon.nova-pro-v1:0,an episode in the hazards of helen series,no_title_on_poster,the text on the poster does not match the catalog title,
955116,The Railroad Claim Intrigue,us.amazon.nova-pro-v1:0,an episode in the hazards of helen series,no_title_on_poster,the text on the poster does not match the cataloged film title,
955195,The Prima Donna's Special,us.amazon.nova-pro-v1:0,an episode in the hazards of helen series,mismatch,the title on the poster does not match the cataloged film title,
955198,The Sidetracked Sleeper,us.amazon.nova-pro-v1:0,an episode in the hazards of helen series,mismatch,the title on the poster does not match the cataloged film title,
955201,The Death Siding,us.amazon.nova-pro-v1:0,an episode in the hazards of helen series,mismatch,the title on the poster does not match the cataloged film title,
971215,Biedronka Nights,us.amazon.nova-pro-v1:0,BIEDRONKA NIGHTS,match,the title text on the poster matches the catalog exactly,
971222,Biedronka Nights,us.amazon.nova-pro-v1:0,BIEDRONKA NIGHTS,match,the title text on the poster matches the catalog listing,
988409,Angels Die Slowly,us.amazon.nova-pro-v1:0,angels die slowly,match,the title text on the poster matches the cataloged movie name,
1001126,Blutbad,us.amazon.nova-pro-v1:0,BLUTBAD,match,the title text on the poster matches the catalog entry,
1001130,Blutbad 2,us.amazon.nova-pro-v1:0,BLUTBAD 1&2,mismatch,"the title on the poster is 'BLUTBAD 1&2', not 'Blutbad 2'",
1011064,The Drujes,us.amazon.nova-pro-v1:0,FOLIES PASSAGERES,mismatch,the title on the poster does not match the cataloged title 'The Drujes',
1012014,Terrore,us.amazon.nova-pro-v1:0,FOLIES PASSAGERES,mismatch,the title on the poster does not match the cataloged title 'Terrore',
1013502,Missing Millions,us.amazon.nova-pro-v1:0,nick carter is coming to your cinema,mismatch,the title on the poster does not match the cataloged film title,
1014225,The Great Opium Case,us.amazon.nova-pro-v1:0,nick carter is coming to your cinema,mismatch,the title on the poster does not match the catalog listing,
1014229,The Crimson Clue,us.amazon.nova-pro-v1:0,nick carter is coming to your cinema,mismatch,the title on the poster does not match the cataloged film title,
1014230,"$100,000 Kiss",us.amazon.nova-pro-v1:0,nick carter is coming to your cinema,mismatch,the title on the poster does not match the cataloged film title,
1014243,The Diamond Trail,us.amazon.nova-pro-v1:0,nick carter is coming to your cinema,mismatch,the title on the poster does not match the cataloged film title,
1014249,The Blackmailer's Bluff,us.amazon.nova-pro-v1:0,nick carter is coming to your cinema,mismatch,the title on the poster does not match the cataloged film title,
1014250,Who's Guilty?,us.amazon.nova-pro-v1:0,nick carter is coming to your cinema,mismatch,the title on the poster does not match the catalog listing,
1014251,Dodging the Law,us.amazon.nova-pro-v1:0,nick carter is coming to your cinema,mismatch,the title on the poster does not match the catalog listing,
1014252,Sealed Orders,us.amazon.nova-pro-v1:0,nick carter is coming to your cinema,mismatch,the title on the poster does not match the cataloged film title,
1014254,The Spendthrift,us.amazon.nova-pro-v1:0,nick carter is coming to your cinema,mismatch,the title on the poster does not match the cataloged film title,
1014258,Nick Carter Down East,us.amazon.nova-pro-v1:0,nick carter is coming to your cinema,mismatch,the title on the poster does not match the cataloged film title,
1029663,T is for Tickles,us.amazon.nova-pro-v1:0,the abcs of death,mismatch,the title on the poster does not match the cataloged title,
1030419,Legend of the Galactic Heroes: Die Neue These - Intrigue 1,us.amazon.nova-pro-v1:0,,,,Invalid \uXXXX escape: line 2 column 442 (char 443)
1030420,Legend of the Galactic Heroes: Die Neue These - Intrigue 2,us.amazon.nova-pro-v1:0,日百三八軍軍英雄軍軍英雄 DIE NEUE THESE,mismatch,the title on the poster does not exactly match the cataloged title,
1030422,Legend of the Galactic Heroes: Die Neue These - Intrigue 3,us.amazon.nova-pro-v1:0,"日百传英雄軍軍英雄
DIE NEUE THESE",mismatch,the title on the poster does not match the cataloged title,
1035187,Bug,us.amazon.nova-pro-v1:0,BITE SIZE HALLOWEEN,mismatch,the title on the poster is different from the catalog listing,
1035188,Incomplete,us.amazon.nova-pro-v1:0,BITE SIZE HALLOWEEN,mismatch,the catalog title does not match the title on the poster,
1059922,Stalker,us.amazon.nova-pro-v1:0,STALKER,match,the title text on the poster matches the cataloged film name,
1060618,Stalker,us.amazon.nova-pro-v1:0,STALKER,match,the title text on the poster matches the catalog entry,
1067693,Family Tradition,us.amazon.nova-pro-v1:0,4 NIGHTMARES,mismatch,the title on the poster does not match the cataloged film title,
1067700,1989: Last Hero,us.amazon.nova-pro-v1:0,4 NIGHTMARES,mismatch,the title on the poster does not match the catalog listing,
1089789,Smother,us.amazon.nova-pro-v1:0,SMOTHER,match,the title text on the poster matches the catalog listing,
1103053,Don't Look Back,us.amazon.nova-pro-v1:0,SEJER,mismatch,"The title on the poster is 'SEJER', not 'Don't Look Back'",
1103769,Calling Out For You,us.amazon.nova-pro-v1:0,SEJER,mismatch,the title on the poster does not match the cataloged title,
1105412,Black Seconds,us.amazon.nova-pro-v1:0,SEJER,mismatch,"the title on the poster is 'SEJER', not 'Black Seconds'",
1114096,The Invited,us.amazon.nova-pro-v1:0,THE INVITED,match,the title text on the poster matches the catalog listing,
1144861,The Skin,us.amazon.nova-pro-v1:0,el padrastro,mismatch,the title on the poster is different from the catalog listing,
1162006,Injured College Girl: Part 2,us.amazon.nova-pro-v1:0,L'ETUDIANTE BLESSEE,mismatch,The title on the poster is in French and does not match the English catalog title.,
1162007,Injured College Girl: Part 3,us.amazon.nova-pro-v1:0,L'ETUDIANTE BLESSEE,mismatch,The title on the poster is different from the catalog listing.,
1190422,The Knock,us.amazon.nova-pro-v1:0,the knock,match,the title on the poster matches the catalog listing,
1192817,untitled,us.amazon.nova-pro-v1:0,,no_title_on_poster,There is no visible title text on the poster.,
1227144,Tanaka to Jumonmono to Kaidan to Dai 1-kai Zenpen,us.amazon.nova-pro-v1:0,葉中と题欄物と隶説と,mismatch,the title on the poster is different from the catalog title,
1227152,Tanaka to Jumonmono to Kaidan to Dai 1-kai Kōhen,us.amazon.nova-pro-v1:0,若若の名名の類類物の際説と,mismatch,the title on the poster does not match the cataloged title,
1227154,Tanaka to Jumonmono to Kaidan to Dai 2-kai Zenpen,us.amazon.nova-pro-v1:0,藤中と题欄物と雷刊言と第2回全前,match,the title text on the poster matches the catalog entry,
1227159,Tanaka to Jumonmono to Kaidan to Dai 2-kai Kōhen,us.amazon.nova-pro-v1:0,藤中と顏欄物と隲善言と第2回名签,match,the title text on the poster matches the catalog entry,
1242989,The Plot to Kill Stalin,us.amazon.nova-pro-v1:0,PLAYHOUSE 90,no_title_on_poster,The title 'The Plot to Kill Stalin' is not present on the poster.,
1243003,The Greer Case,us.amazon.nova-pro-v1:0,playhouse 90,mismatch,the title on the poster does not match the cataloged film title,
1246156,Galaxy Special Investigation Elysion Part 1,us.amazon.nova-pro-v1:0,,,,Invalid \uXXXX escape: line 2 column 310 (char 311)
1246167,Galaxy Special Investigation Elysion Part 2,us.amazon.nova-pro-v1:0,日本上阻　エリシアン,mismatch,the title on the poster does not match the cataloged title,
1257523,Hobonichi no Kaidan: Vol 1,us.amazon.nova-pro-v1:0,日常の怪談,mismatch,the title on the poster does not match the cataloged title,
1257528,Hobonichi no Kaidan: Vol 2,us.amazon.nova-pro-v1:0,日常の怪談,mismatch,the title on the poster does not match the catalog entry,
1258187,Godspeed,us.amazon.nova-pro-v1:0,,no_title_on_poster,There is no visible title text on the poster.,
1265613,Monkeys,us.amazon.nova-pro-v1:0,Monkeys,match,the title text on the poster matches the cataloged film title,
1265625,Monkeys 2: Fight the Future,us.amazon.nova-pro-v1:0,Monkeys THE COMPLETE SAGA,mismatch,the title on the poster is different from the cataloged title,
1287595,世界奇妙物语1991年春之特别篇,us.amazon.nova-pro-v1:0,世奇妙物語,mismatch,the title text on the poster does not fully match the cataloged title,
1291362,El Padrastro,us.amazon.nova-pro-v1:0,el padrastro,match,the title on the poster matches the catalog entry,
1301109,Quiet,us.amazon.nova-pro-v1:0,QUIET,match,the title text on the poster matches the cataloged film name,
1319746,1st Annual Mystery Science Theater 3000 Summer Blockbuster Review,us.amazon.nova-pro-v1:0,the 1st and 2nd annual MST3K SUMMER BLOCKBUSTER REVIEW,mismatch,the title on the poster includes '2nd annual' which is not in the catalog title,
1319748,2nd Annual Mystery Science Theater 3000 Summer Blockbuster Review,us.amazon.nova-pro-v1:0,the 1st and 2nd annual MST3K SUMMER BLOCKBUSTER REVIEW,match,the title on the poster matches the catalog listing,
1329268,Quiet,us.amazon.nova-pro-v1:0,QUIET,match,the title text on the poster matches the cataloged film name,
1364471,Cinque Storie Inquietanti: La Parete della Stanza Accanto,us.amazon.nova-pro-v1:0,CINQUE STORIE INQUIETANTI,match,the title text on the poster matches the catalog listing,
1364473,Cinque Storie Inquietanti: Il Treno delle Cinque,us.amazon.nova-pro-v1:0,CINQUE STORIE INQUIETANTI,match,The title on the poster matches the catalog listing.,
1367993,Cinque Storie Inquietanti: Scacco Matto,us.amazon.nova-pro-v1:0,CINQUE STORIE INQUIETANTI,match,The title on the poster matches the catalog listing.,
1368011,Cinque Storie Inquietanti: La Zampa del Gatto,us.amazon.nova-pro-v1:0,CINQUE STORIE INQUIETANTI,match,the title text on the poster matches the catalog listing,
1368023,Cinque Storie Inquietanti: La Ragazza con gli Occhiali Neri,us.amazon.nova-pro-v1:0,CINQUE STORIE INQUIETANTI,match,The title text on the poster matches the catalog listing.,
1381446,Son of Pumpkinman,us.amazon.nova-pro-v1:0,PUMPKINMAN,mismatch,"The title on the poster is 'PUMPKINMAN', not 'Son of Pumpkinman'.",
1387642,Pumpkinman,us.amazon.nova-pro-v1:0,PUMPKINMAN,match,the title is clearly visible on the poster,
1390975,Pumpkinman 2,us.amazon.nova-pro-v1:0,PUMPKINMAN,mismatch,the title on the poster does not indicate it is a sequel,
1390977,Pumpkinman 4: Janet Vs. Pumpkinman,us.amazon.nova-pro-v1:0,PUMPKINMAN,mismatch,the title on the poster does not include the full catalog title,
1390980,Night of the Pumpkinmen,us.amazon.nova-pro-v1:0,PUMPKMAN,mismatch,the title on the poster does not match the cataloged title,
1395126,Gehacktes : Episode 1,us.amazon.nova-pro-v1:0,Gehacktes,match,the title text on the poster matches the catalog entry,
1395127,Gehacktes: Episode 2,us.amazon.nova-pro-v1:0,Gehacktes,mismatch,"the title on the poster is 'Gehacktes', not 'Gehacktes: Episode 2'",
1404439,Cronaca Nera: Il Portiere Distratto,us.amazon.nova-pro-v1:0,CRONACA NERA,mismatch,the title on the poster does not match the catalog entry,
1433682,Cronaca Nera: Delitti al Torraccio,us.amazon.nova-pro-v1:0,CRONACA NERA,mismatch,The title on the poster does not match the catalog title exactly.,
1435585,Invisible Psycho,us.amazon.nova-pro-v1:0,INVISIBLE PSYCHO,match,the title text on the poster matches the catalog listing,
1439974,Stabbing at Leia's 22nd Birthday,us.amazon.nova-pro-v1:0,Stabbing at Leia's 22nd Birthday,match,The title text on the poster matches the catalog listing exactly.,
1449322,Scent,us.amazon.nova-pro-v1:0,,no_title_on_poster,There is no visible title text on the poster.,
1449517,A Lenda do Homem Pássaro,us.amazon.nova-pro-v1:0,the legend of the bird man,mismatch,the title on the poster is different from the catalog title,
1449610,A Lenda do Homem Pássaro,us.amazon.nova-pro-v1:0,the legend of the bird man,mismatch,the title on the poster is different from the catalog listing,
1456954,Behind The Screen,us.amazon.nova-pro-v1:0,,no_title_on_poster,There is no visible title text on the poster.,
1457097,Tre Casi per Laura C: L'Amore Uccide,us.amazon.nova-pro-v1:0,,no_title_on_poster,no title text present on the image,
1457447,Tre Casi per Laura C: Dopo la Sentenza,us.amazon.nova-pro-v1:0,,no_title_on_poster,no title text present on the image,
1457448,Tre Casi per Laura C: Il Signore delle Anime,us.amazon.nova-pro-v1:0,,no_title_on_poster,no title text present on the image,
1460565,Rec Nights At Freddys 2,us.amazon.nova-pro-v1:0,FIVE NIGHTS AT FREDDY'S 2,mismatch,the title on the poster is different from the catalog listing,
1466771,Welcome To Fredbear's,us.amazon.nova-pro-v1:0,FIVE NIGHTS AT FREDDY'S 2,mismatch,the title on the poster is different from the catalog listing,
1477274,I.A.gua,us.amazon.nova-pro-v1:0,I.A.GUA,match,the title text on the poster matches the catalog listing,
1487435,Th,us.amazon.nova-pro-v1:0,The Test,mismatch,"the title on the poster is 'The Test', not 'Th'",
1487502,The Test,us.amazon.nova-pro-v1:0,The Test,match,The title text on the poster matches the catalog entry.,
1488271,Mission: Impossible - The Slave,us.amazon.nova-pro-v1:0,MISSION: IMPOSSIBLE,mismatch,the catalog title does not match the title on the poster,
1489213,Mission: Impossible - The Falcon,us.amazon.nova-pro-v1:0,MISSION: IMPOSSIBLE,mismatch,the catalog title includes 'The Falcon' which is not on the poster,
1493831,CAÇADA DIGITAL: O Arquivo Julita Pintuda,us.amazon.nova-pro-v1:0,CAÇADA DIGITAL: O ARQUIVO JULITA PINTUDa,match,the title text on the poster matches the catalog entry,
1493897,Digital Hunt: The Julita Pintuda File,us.amazon.nova-pro-v1:0,CAGAÇA DIGITAL: O AQUIVO JULITA PINCUDA,mismatch,the title on the poster does not match the catalog title,
1494048,The Sacrifice Part 2,us.amazon.nova-pro-v1:0,invisible psycho,mismatch,the title on the poster is different from the catalog listing,
1495049,WA.I.ter,us.amazon.nova-pro-v1:0,LA.GUA,mismatch,the title on the poster does not match the cataloged film title,
1503684,me equi,us.amazon.nova-pro-v1:0,ECOS DEL SUBSONSCIENTE,mismatch,the title text on the poster does not match the catalog listing,
1503778,Ecos del Subconsciente,us.amazon.nova-pro-v1:0,ECOS DEL SUBSONSCIENTE,match,the title text on the poster matches the cataloged film title,
1518320,The Mysterious Bond Case,us.amazon.nova-pro-v1:0,NICK CARTER IS COMING TO YOUR CINEMA,mismatch,the title on the poster does not match the cataloged film title,
1518323,A Cry at Midnight,us.amazon.nova-pro-v1:0,NICK CARTER IS COMING TO YOUR CINEMA,mismatch,the title on the poster does not match the cataloged film title,
1530218,Illusions,us.amazon.nova-pro-v1:0,ILLUSIONS,match,The title text on the poster matches the catalog listing.,
1530222,Illusions,us.amazon.nova-pro-v1:0,ILLUSIONS,match,The title 'ILLUSIONS' is clearly visible on the poster.,
1531589,Rot,us.amazon.nova-pro-v1:0,ROT,match,the title text on the poster matches the catalog entry,
1531596,A Man Explodes,us.amazon.nova-pro-v1:0,ROT,mismatch,the title on the poster does not match the cataloged title,
1532909,The Invited,us.amazon.nova-pro-v1:0,THE INVITED,match,the title on the poster matches the catalog listing,
1548140,Fake Documentary “Q”: Last Countdown,us.amazon.nova-pro-v1:0,Q,mismatch,"the title on the poster is just the letter Q, not the full title",
1548141,Fake Documentary “Q”: Film Inferno,us.amazon.nova-pro-v1:0,Q,match,the letter Q is clearly visible on the poster,
1548169,Nada,us.amazon.nova-pro-v1:0,VISION ROTA,mismatch,the title on the poster does not match the cataloged film title,
1548185,"Fake Documentary ""Q"": September 23, 2023 Live Streaming",us.amazon.nova-pro-v1:0,Q,match,the letter Q is visible on the poster,
1548192,Break Vision,us.amazon.nova-pro-v1:0,VISION ROTA,mismatch,the title on the poster is different from the catalog listing,
1550051,So Soon to Die,us.amazon.nova-pro-v1:0,PLAYHOUSE 90,no_title_on_poster,the catalog title 'So Soon to Die' does not appear on the poster,
1550066,The Star Wagon,us.amazon.nova-pro-v1:0,PLAYHOUSE 90,mismatch,the title on the poster does not match the cataloged film title,
1553822,Cria,us.amazon.nova-pro-v1:0,CRIA,match,the title text on the poster matches the catalog entry,
1553868,Cria,us.amazon.nova-pro-v1:0,CRIA,match,the title text on the poster matches the catalog listing,
1561974,To Catch A Thief 2: The Woman In Nun's Habit,us.amazon.nova-pro-v1:0,SAN BAT CUOP (SBC),mismatch,the title on the poster does not match the cataloged title,
1561982,To Catch A Thief 3: Solitary,us.amazon.nova-pro-v1:0,SAN BAT CUOP (SBC),mismatch,the title on the poster does not match the cataloged title,
1562177,28 Days Later: The Aftermath – Stage 1: Development,us.amazon.nova-pro-v1:0,28 DAYS LATER,mismatch,the title on the poster does not match the cataloged film title,
1562178,28 Days Later: The Aftermath – Stage 3: Decimation (29 to 32 Days Later),us.amazon.nova-pro-v1:0,28 DAYS LATER,mismatch,the catalog title does not match the title on the poster,
1564367,The End of the World,us.amazon.nova-pro-v1:0,the end of the world,match,the title text on the poster matches the catalog listing,
1566955,Presenting: The End of the World,us.amazon.nova-pro-v1:0,the end of the world,match,the title on the poster matches the catalog title,
1571727,Epílogo,us.amazon.nova-pro-v1:0,epílogo,match,the title text on the poster matches the catalog entry,
1575984,Necromancer: Part 1,us.amazon.nova-pro-v1:0,NECROMANCER,mismatch,the poster does not include ': Part 1',
1575988,Necromancer: Part 2,us.amazon.nova-pro-v1:0,NECROMANCER,mismatch,the poster does not indicate that this is part 2,
1591046,Mary,us.amazon.nova-pro-v1:0,MARY,match,the title text on the poster matches the cataloged film title,
1597134,Raafat Al Haggan (part 1),us.amazon.nova-pro-v1:0,الحاقان رعفت,match,matches cataloged title,
1597136,Raafat Al Haggan (part 2),us.amazon.nova-pro-v1:0,رافع الحجاج,match,matches cataloged title,
1597137,Raafat Al Haggan (part 3),us.amazon.nova-pro-v1:0,رأفت الهجان,match,the title text on the poster matches the catalog entry,
1616740,The Knock,us.amazon.nova-pro-v1:0,the knock,match,the title on the poster matches the catalog listing,
1624503,Epílogo,us.amazon.nova-pro-v1:0,epílogo,match,the title text on the poster matches the catalog entry,
1631665,Mary,us.amazon.nova-pro-v1:0,MARY,match,the title text on the poster matches the cataloged film title,
1633439,Snoozy Doo and the Night Terror,us.amazon.nova-pro-v1:0,Snoozy Doo and the Night Terror,match,The title text on the poster matches the catalog listing.,
1633481,Snoozy Doo and the Night Terror,us.amazon.nova-pro-v1:0,Snoozy Doo and the Night Terror,match,The title text on the poster matches the catalog listing.,
1666611,Test 1,us.amazon.nova-pro-v1:0,HOUBERT,mismatch,the catalog title 'Test 1' does not match the poster title 'HOUBERT',
1666915,HOUBERT,us.amazon.nova-pro-v1:0,HOUBERT,match,the title text on the poster matches the catalog entry,
1673807,Smother,us.amazon.nova-pro-v1:0,SMOTHER,match,the title text on the poster matches the catalog listing,
1700166,Pizza Party Massacre,us.amazon.nova-pro-v1:0,PIZZA PARTY MASSACRE,match,the title text on the poster matches the catalog listing,
1701287,P P M,us.amazon.nova-pro-v1:0,PIZZA PARTY MASSACRE,mismatch,the title on the poster is different from the catalog,
1709909,One Man's Trash,us.amazon.nova-pro-v1:0,ONE MAN'S TRASH,match,the title text on the poster matches the catalog listing,
1715853,The Rexburg Psycho: Origins,us.amazon.nova-pro-v1:0,,no_title_on_poster,There is no visible title text on the image.,
1715882,The Rexburg Psycho 4,us.amazon.nova-pro-v1:0,,no_title_on_poster,there is no visible title text on the image,
1729343,Judex (Episode 00): Prologue,us.amazon.nova-pro-v1:0,JUDEX,mismatch,the catalog title does not match the title on the poster,
1729345,Judex (Episode 02): The Atonement,us.amazon.nova-pro-v1:0,JUDEX,mismatch,the title on the poster does not match the catalog entry,
1729347,Judex (Episode 03): The Fantastic Dog Pack,us.amazon.nova-pro-v1:0,JUDEX,mismatch,the title on the poster does not match the catalog entry,
1729351,Judex (Episode 04): The Secret of the Tomb,us.amazon.nova-pro-v1:0,JUDEX,mismatch,the catalog title does not match the title on the poster,
1729354,Judex (Episode 05): The Tragic Mill,us.amazon.nova-pro-v1:0,JUDEX,mismatch,The catalog title does not match the title on the poster.,
1729356,Judex (Episode 06): The Licorice Kid,us.amazon.nova-pro-v1:0,JUDEX,mismatch,the title on the poster does not match the catalog entry,
1729357,Judex (Episode 07): The Woman in Black,us.amazon.nova-pro-v1:0,JUDEX,mismatch,the title on the poster does not match the catalog entry,
1729362,Judex (Episode 08): The Underground Passages of the Château-Rouge,us.amazon.nova-pro-v1:0,JUDEX,mismatch,the title on the poster does not match the catalog entry,
1729363,Judex (Episode 09): When the Child Appeared,us.amazon.nova-pro-v1:0,JUDEX,mismatch,the catalog title does not match the title on the poster,
1729365,Judex (Episode 10): Jacqueline’s Heart,us.amazon.nova-pro-v1:0,JUDEX,mismatch,the title on the poster does not match the cataloged film title,
1729366,Judex (Episode 11): The Water Sprite,us.amazon.nova-pro-v1:0,JUDEX,mismatch,the catalog title does not match the title on the poster,
1729368,Judex (Episode 12): Love’s Forgiveness,us.amazon.nova-pro-v1:0,JUDEX,mismatch,the catalog title is different from the title on the poster,
1729578,Judex (Episode 01):  Mysterious Shadow,us.amazon.nova-pro-v1:0,JUDEX,mismatch,the catalog title does not match the title on the poster,
1736276,Nasty,us.amazon.nova-pro-v1:0,danish trash vol. 1,mismatch,the title on the poster is different from the catalog title,
1736284,Blow the Shit Away,us.amazon.nova-pro-v1:0,DANISH TRASH VOL. 1,mismatch,the title on the poster does not match the catalog title,
1736292,Weedman,us.amazon.nova-pro-v1:0,DANISH TRASH VOL. 2,mismatch,the title on the poster does not match the cataloged film title,
1736299,Sult,us.amazon.nova-pro-v1:0,danish trash vol. 2,mismatch,the title on the poster does not match the cataloged title 'sult',
1736320,Pig Sty,us.amazon.nova-pro-v1:0,DANISH TRASH VOL. 2,mismatch,the title on the poster does not match the cataloged title 'Pig Sty',
1736408,One Man's Trash,us.amazon.nova-pro-v1:0,ONE MAN'S TRASH,match,the title text on the poster matches the catalog listing,
1736685,There's Something Rotten in the State of Denmark,us.amazon.nova-pro-v1:0,danish trash vol. 3,mismatch,the title on the poster does not match the catalog title,
1736717,Back from the Dead,us.amazon.nova-pro-v1:0,DANISH TRASH VOL. 3,mismatch,the title on the poster does not match the cataloged title,
1737333,Stiff,us.amazon.nova-pro-v1:0,danish trash vol. 3,mismatch,the title on the poster does not match the catalog title 'Stiff',
1743315,KNOCKER.mov,us.amazon.nova-pro-v1:0,KNOCKER.mov,match,the title text on the poster matches the catalog exactly,
1743342,DELETE,us.amazon.nova-pro-v1:0,KNOCKER.mov,mismatch,the title on the poster does not match the cataloged film title,
