id,poster_path,text_you_read
80809,/gh6uTLqzDpeBxqTLf0nWoPhhLBa.jpg,PERRY MASON MOVIE COLLECTION DOUBLE FEATURE 1
85755,/K9spdtXD5oMEK2gqJcfgQyxepF.jpg,the case of the heartbroken bride
89463,/1jhx6PXigL8IcLlDdFJEr3CbFl6.jpg,the case of the sinister spirit
95400,/e7CUI63PPIooocA8zsnVSOMIuUI.jpg,the case of the reckless romeo
97073,/K9spdtXD5oMEK2gqJcfgQyxepF.jpg,the case of the skin deep scandal
128019,/ozDrWyWDMQ71Xv9fBcneOfErt80.jpg,skånska mord
128020,/ozDrWyWDMQ71Xv9fBcneOfErt80.jpg,SKANSK MORD
144686,/1ofqFrH8tKlhPSx5dY5c6ltRWFw.jpg,REEL TALENT
153730,/8wxbAamQJQUeL0I90ApEoCiCRB9.jpg,SCARY TRUE STORIES
174219,/nC2aTVDLoHG1JBHevxn6HmSssbY.jpg,the hazards of helen
174220,/nC2aTVDLoHG1JBHevxn6HmSssbY.jpg,the hazards of helen
186514,/yLNFs0tk5sowWmUK6hg8tbIVOB6.jpg,BLAKE OF SCOTLAND YARD
219252,/iiblQC8eJ7FLovJkV77fuTfcXeu.jpg,四谷怪談
219253,/iiblQC8eJ7FLovJkV77fuTfcXeu.jpg,四谷怪談
225577,/1jhx6PXigL8IcLlDdFJEr3CbFl6.jpg,the case of the sinister spirit
226675,/nmpaPoRHtFDyUZw8KRMmiRD7zS4.jpg,THE CASE OF THE GRIMACING GOVERNOR
226679,/nmpaPoRHtFDyUZw8KRMmiRD7zS4.jpg,the case of the jealous jokester
226686,/gh6uTLqzDpeBxqTLf0nWoPhhLBa.jpg,the case of the notorious nun
228257,/e7CUI63PPIooocA8zsnVSOMIuUI.jpg,the case of the fatal framing
229088,/8wbUyxL1Ccw0Nh7J4Qv50YzAbW4.jpg,the case of the poisoned pen
229102,/8wbUyxL1Ccw0Nh7J4Qv50YzAbW4.jpg,the case of the desperate deception
240333,/yLNFs0tk5sowWmUK6hg8tbIVOB6.jpg,BLAKE OF SCOTLAND YARD
246953,/o0OW6gLAnhfZLGWe9vOsAEOKtmu.jpg,HELEN GIBSON SILENT SERIAL QUEEN
251282,/859NRz2v0OMXAXzUDtHTHtjSfhu.jpg,MAD GOD
270496,/o0OW6gLAnhfZLGWe9vOsAEOKtmu.jpg,HELEN GIBSON SILENT SERIAL QUEEN
270500,/o0OW6gLAnhfZLGWe9vOsAEOKtmu.jpg,HELEN GIBSON SILENT SERIAL QUEEN
274105,/2vxvYhpCPAuQwdj2C2IbuxTLn9g.jpg,Stabbing at Leia's 22nd Birthday
300154,/nC2aTVDLoHG1JBHevxn6HmSssbY.jpg,the hazards of helen
303480,/c1wh7SPYtgJuCoW6Meq43oUTziN.jpg,鬼掩眼
320889,/xhk1Fm4J3mK6QlkZFLYHedowePs.jpg,ALPHAMANN
323508,/dQcCtdo5uaevFCuDFgYi1hdRNIs.jpg,angels die slowly
344001,/dQED4TeHOkZ5MXV7ipMRkqkssYO.jpg,the abcs of death
353154,/8wxbAamQJQUeL0I90ApEoCiCRB9.jpg,SCARY TRUE STORIES
353893,/1ofqFrH8tKlhPSx5dY5c6ltRWFw.jpg,REEL TALENT
378362,/859NRz2v0OMXAXzUDtHTHtjSfhu.jpg,MAD GOD
379100,/dQED4TeHOkZ5MXV7ipMRkqkssYO.jpg,the abcs of death
379599,/c1wh7SPYtgJuCoW6Meq43oUTziN.jpg,
395328,/xhk1Fm4J3mK6QlkZFLYHedowePs.jpg,ALPHAMANN
408054,/7EzEoCRIFNVDwpWRt18xVg1sxrm.jpg,ABCs of Death
408055,/dQED4TeHOkZ5MXV7ipMRkqkssYO.jpg,the abcs of death
431873,/eV08QkkMyf7wzWiIbvfvG83v49A.jpg,the painting of horror!
432055,/eV08QkkMyf7wzWiIbvfvG83v49A.jpg,the kind of meat you can't buy in the store!
439994,/k2zNbRn3MYnNngCq6MTlzwmJohk.jpg,the further adventures of sherlock holmes
453803,/dwBbI5JcSrjNMhoRkdbYHCi662d.jpg,the doctor mabuse collection
453836,/dwBbI5JcSrjNMhoRkdbYHCi662d.jpg,the doctor mabuse collection
502613,/7EzEoCRIFNVDwpWRt18xVg1sxrm.jpg,ABCs of Death
534671,/o6CkXRwjQ4MJ8Lk0W5dOVTi7NEd.jpg,RUN TO DELIRIUM
534676,/o6CkXRwjQ4MJ8Lk0W5dOVTi7NEd.jpg,RUN TO DELIRIUM
542208,/gZaeQIrMzTvOOfVWUYYQpAURmWi.jpg,the saint
551407,/jVBlyoVTYQAdtMmZbe1AvMfsKbV.jpg,Inner Depravity
551409,/jVBlyoVTYQAdtMmZbe1AvMfsKbV.jpg,Remy Couture's INNER DEPRAVITY
565446,/s5SZfE3bgJsupbpc6X639u5Wxhr.jpg,
565457,/s5SZfE3bgJsupbpc6X639u5Wxhr.jpg,
568407,/859NRz2v0OMXAXzUDtHTHtjSfhu.jpg,MAD GOD
620251,/4r6IAQNONbhWth4JNR8FBsqdc6r.jpg,カメンライダーバィビビのビビルゲイズ
645023,/gPAWJI0keZ0ehAi7cMEcmK3w41u.jpg,ヒコジろー
647164,/gPAWJI0keZ0ehAi7cMEcmK3w41u.jpg,ヒコジロー
672288,/g1eghn1zTju2F330vIT8LXNdG9U.jpg,IdentityV STAGE
672290,/g1eghn1zTju2F330vIT8LXNdG9U.jpg,Identity V STAGE
685554,/nVpx5kiWMBfw2oTbYACpu5Crg3Y.jpg,Dredd 3D
685555,/nVpx5kiWMBfw2oTbYACpu5Crg3Y.jpg,DRED 3D
685646,/tn2NceEyqGXiL8Js2uWrpzWTJjz.jpg,the happening
685649,/tn2NceEyqGXiL8Js2uWrpzWTJjz.jpg,the happening
690746,/4r6IAQNONbhWth4JNR8FBsqdc6r.jpg,カメンライダービビビのビビルゲイズ
705698,/gZaeQIrMzTvOOfVWUYYQpAURmWi.jpg,the saint
732231,/xf0386kp9f547nr6HQFH8iTFPps.jpg,Castle Ghosts
732232,/xf0386kp9f547nr6HQFH8iTFPps.jpg,Castle Ghosts
732234,/xf0386kp9f547nr6HQFH8iTFPps.jpg,Castle Ghosts
771221,/5vZHIz36wxJk8TxdilD62tAy2cx.jpg,WOLFSLAND
774330,/5vZHIz36wxJk8TxdilD62tAy2cx.jpg,DONNERSTAGKRIMI im Ersten WOLFSLÄND
782719,/9FPi4tGg9KQcWxCOU3klvUWrDqV.jpg,enemies
788633,/9FPi4tGg9KQcWxCOU3klvUWrDqV.jpg,enemies
790737,/k2zNbRn3MYnNngCq6MTlzwmJohk.jpg,the further adventures of sherlock holmes
790739,/k2zNbRn3MYnNngCq6MTlzwmJohk.jpg,The FURTHER Adventures of SHERLOCK HOLMES
790742,/k2zNbRn3MYnNngCq6MTlzwmJohk.jpg,The FURTHER Adventures of SHERLOCK HOLMES
791027,/k2zNbRn3MYnNngCq6MTlzwmJohk.jpg,The FURTHER Adventures of SHERLOCK HOLMES
810161,/aZMh301lByac0yAaE2x9UojKpJV.jpg,BITE SIZE HALLOWEEN
831541,/tLmnk6nzY8GFYaojtBRPF5h8DFH.jpg,MASUREN KRIMI
832749,/1gcdPG5ZsgE0gDS4Wdoz6tGOYUm.jpg,怪談の館
832874,/vYoj67UxQB7imDDdsY0dZB70oEd.jpg,RING
833559,/tLmnk6nzY8GFYaojtBRPF5h8DFH.jpg,MASUREN KRIMI
835457,/naxozSU3q7PhEZo2o6kenaC69Bi.jpg,
838630,/naxozSU3q7PhEZo2o6kenaC69Bi.jpg,VINE
840503,/vYoj67UxQB7imDDdsY0dZB70oEd.jpg,RING
876269,/fubSpyOvmerNGmz94PFsZ5okYRZ.jpg,DEAD
877165,/s3rrTYsqjJ1YFI8bhS8ySmuGQCj.jpg,CARL J. SUKENiCK ViDeO
877626,/fubSpyOvmerNGmz94PFsZ5okYRZ.jpg,DEAD
889022,/hG7o19hHNfBDSmV9Tkj4qaPWzyp.jpg,nick carter is coming to your cinema
893555,/6FmMTO7kHXdvlIBy2SjXyddJ9tb.jpg,パンツァーワールドガリアン
893560,/6FmMTO7kHXdvlIBy2SjXyddJ9tb.jpg,パンツァーワールドガリアン
893563,/6FmMTO7kHXdvlIBy2SjXyddJ9tb.jpg,パンゼル 世界のガリエン
918768,/fXXeT0L1B2eteCwXRt8QKzzzQMD.jpg,ETHERIA
919073,/jeQhtreCmDeu4OLsAxAZxyNJ3uw.jpg,SCREEN ONE
919092,/jeQhtreCmDeu4OLsAxAZxyNJ3uw.jpg,SCREEN ONE
919335,/fXXeT0L1B2eteCwXRt8QKzzzQMD.jpg,ETHERIA
919471,/tWlrOhOGnxr1JBUoXLM9L1lRPXO.jpg,KNOCKBACK
919476,/tWlrOhOGnxr1JBUoXLM9L1lRPXO.jpg,KNOCKBACK
937663,/s3rrTYsqjJ1YFI8bhS8ySmuGQCj.jpg,CARL J. SUKENiCK ViDeO
940617,/7iF6ZmH4ffMW0jUFjZLSC9wPFUm.jpg,第一利品剧語：大六分版
940620,/7iF6ZmH4ffMW0jUFjZLSC9wPFUm.jpg,策划現行大全部
941023,/7iF6ZmH4ffMW0jUFjZLSC9wPFUm.jpg,第一利的天上的天
947319,/DMYxj1PrQTBBbFEyBdhZHxVFHX.jpg,an episode in the hazards of helen series
947328,/wtoKLMm4UvkwvcSwO3XWcs1gJuF.jpg,an episode in the hazards of helen series
947331,/wtoKLMm4UvkwvcSwO3XWcs1gJuF.jpg,an episode in the hazards of helen series
947332,/wtoKLMm4UvkwvcSwO3XWcs1gJuF.jpg,an episode in the hazards of helen series
948842,/wtoKLMm4UvkwvcSwO3XWcs1gJuF.jpg,an episode in the hazards of helen series
948844,/wtoKLMm4UvkwvcSwO3XWcs1gJuF.jpg,an episode in the hazards of helen series
948846,/wtoKLMm4UvkwvcSwO3XWcs1gJuF.jpg,an episode in the hazards of helen series
948849,/wtoKLMm4UvkwvcSwO3XWcs1gJuF.jpg,an episode in the hazards of helen series
948851,/wtoKLMm4UvkwvcSwO3XWcs1gJuF.jpg,an episode in the hazards of helen series
948890,/wtoKLMm4UvkwvcSwO3XWcs1gJuF.jpg,an episode in the hazards of helen series
949114,/DMYxj1PrQTBBbFEyBdhZHxVFHX.jpg,an episode in the hazards of helen series
949127,/DMYxj1PrQTBBbFEyBdhZHxVFHX.jpg,an episode in the hazards of helen series
949777,/eHU5Ifj3kPmAcJ0yAkSwCh3zmBZ.jpg,an episode in the hazards of helen series
949822,/eHU5Ifj3kPmAcJ0yAkSwCh3zmBZ.jpg,an episode in the hazards of helen series
949869,/eHU5Ifj3kPmAcJ0yAkSwCh3zmBZ.jpg,an episode in the hazards of helen series
949872,/eHU5Ifj3kPmAcJ0yAkSwCh3zmBZ.jpg,an episode in the hazards of helen series
949874,/eHU5Ifj3kPmAcJ0yAkSwCh3zmBZ.jpg,an episode in the hazards of helen series
950032,/eHU5Ifj3kPmAcJ0yAkSwCh3zmBZ.jpg,an episode in the hazards of helen series
950034,/eHU5Ifj3kPmAcJ0yAkSwCh3zmBZ.jpg,an episode in the hazards of helen series
950035,/nelvhFPqwYhAw8UFF81sDpFZSlD.jpg,an episode in the hazards of helen series
950184,/nelvhFPqwYhAw8UFF81sDpFZSlD.jpg,an episode in the hazards of helen series
950188,/nelvhFPqwYhAw8UFF81sDpFZSlD.jpg,an episode in the hazards of helen series
950190,/nelvhFPqwYhAw8UFF81sDpFZSlD.jpg,an episode in the hazards of helen series
950191,/nelvhFPqwYhAw8UFF81sDpFZSlD.jpg,an episode in the hazards of helen series
950342,/nelvhFPqwYhAw8UFF81sDpFZSlD.jpg,an episode in the hazards of helen series
950343,/nelvhFPqwYhAw8UFF81sDpFZSlD.jpg,an episode in the hazards of helen series
950344,/nelvhFPqwYhAw8UFF81sDpFZSlD.jpg,an episode in the hazards of helen series
950345,/nelvhFPqwYhAw8UFF81sDpFZSlD.jpg,an episode in the hazards of helen series
950347,/nelvhFPqwYhAw8UFF81sDpFZSlD.jpg,an episode in the hazards of helen series
950356,/nelvhFPqwYhAw8UFF81sDpFZSlD.jpg,an episode in the hazards of helen series
950361,/nelvhFPqwYhAw8UFF81sDpFZSlD.jpg,an episode in the hazards of helen series
950364,/nelvhFPqwYhAw8UFF81sDpFZSlD.jpg,an episode in the hazards of helen series
950368,/nelvhFPqwYhAw8UFF81sDpFZSlD.jpg,an episode in the hazards of helen series
950533,/nelvhFPqwYhAw8UFF81sDpFZSlD.jpg,an episode in the hazards of helen series
950535,/nelvhFPqwYhAw8UFF81sDpFZSlD.jpg,an episode in the hazards of helen series
950537,/nelvhFPqwYhAw8UFF81sDpFZSlD.jpg,an episode in the hazards of helen series
950689,/nelvhFPqwYhAw8UFF81sDpFZSlD.jpg,an episode in the hazards of helen series
951449,/nelvhFPqwYhAw8UFF81sDpFZSlD.jpg,an episode in the hazards of helen series
951452,/nelvhFPqwYhAw8UFF81sDpFZSlD.jpg,an episode in the hazards of helen series
951453,/nelvhFPqwYhAw8UFF81sDpFZSlD.jpg,an episode in the hazards of helen series
951454,/nelvhFPqwYhAw8UFF81sDpFZSlD.jpg,an episode in the hazards of helen series
951455,/nelvhFPqwYhAw8UFF81sDpFZSlD.jpg,an episode in the hazards of helen series
951976,/nelvhFPqwYhAw8UFF81sDpFZSlD.jpg,an episode in the hazards of helen series
951979,/nelvhFPqwYhAw8UFF81sDpFZSlD.jpg,an episode in the hazards of helen series
951981,/nelvhFPqwYhAw8UFF81sDpFZSlD.jpg,an episode in the hazards of helen series
951984,/nelvhFPqwYhAw8UFF81sDpFZSlD.jpg,an episode in the hazards of helen series
951987,/nelvhFPqwYhAw8UFF81sDpFZSlD.jpg,an episode in the hazards of helen series
952045,/hncPjNJdEPc1rydemEcjUQ71kak.jpg,Anal Paprika 2&3
952054,/hncPjNJdEPc1rydemEcjUQ71kak.jpg,Anal Paprika 283
952166,/nelvhFPqwYhAw8UFF81sDpFZSlD.jpg,an episode in the hazards of helen series
952171,/nelvhFPqwYhAw8UFF81sDpFZSlD.jpg,an episode in the hazards of helen series
952303,/nelvhFPqwYhAw8UFF81sDpFZSlD.jpg,an episode in the hazards of helen series
952321,/nelvhFPqwYhAw8UFF81sDpFZSlD.jpg,an episode in the hazards of helen series
952329,/nelvhFPqwYhAw8UFF81sDpFZSlD.jpg,an episode in the hazards of helen series
952332,/nelvhFPqwYhAw8UFF81sDpFZSlD.jpg,an episode in the hazards of helen series
952337,/nelvhFPqwYhAw8UFF81sDpFZSlD.jpg,an episode in the hazards of helen series
952339,/nelvhFPqwYhAw8UFF81sDpFZSlD.jpg,an episode in the hazards of helen series
952342,/nelvhFPqwYhAw8UFF81sDpFZSlD.jpg,an episode in the hazards of helen series
952404,/nelvhFPqwYhAw8UFF81sDpFZSlD.jpg,an episode in the hazards of helen series
952405,/nelvhFPqwYhAw8UFF81sDpFZSlD.jpg,an episode in the hazards of helen series
952416,/o0OW6gLAnhfZLGWe9vOsAEOKtmu.jpg,HELEN GIBSON SILENT SERIAL QUEEN
952642,/wtoKLMm4UvkwvcSwO3XWcs1gJuF.jpg,an episode in the hazards of helen series
952645,/wtoKLMm4UvkwvcSwO3XWcs1gJuF.jpg,an episode in the hazards of helen series
952651,/wtoKLMm4UvkwvcSwO3XWcs1gJuF.jpg,an episode in the hazards of helen series
952659,/wtoKLMm4UvkwvcSwO3XWcs1gJuF.jpg,an episode in the hazards of helen series
952664,/wtoKLMm4UvkwvcSwO3XWcs1gJuF.jpg,an episode in the hazards of helen series
952666,/wtoKLMm4UvkwvcSwO3XWcs1gJuF.jpg,an episode in the hazards of helen series
952668,/wtoKLMm4UvkwvcSwO3XWcs1gJuF.jpg,an episode in the hazards of helen series
952670,/wtoKLMm4UvkwvcSwO3XWcs1gJuF.jpg,an episode in the hazards of helen series
952673,/wtoKLMm4UvkwvcSwO3XWcs1gJuF.jpg,an episode in the hazards of helen series
952686,/wtoKLMm4UvkwvcSwO3XWcs1gJuF.jpg,an episode in the hazards of helen series
952873,/wtoKLMm4UvkwvcSwO3XWcs1gJuF.jpg,an episode in the hazards of helen series
953119,/wtoKLMm4UvkwvcSwO3XWcs1gJuF.jpg,an episode in the hazards of helen series
953125,/wtoKLMm4UvkwvcSwO3XWcs1gJuF.jpg,an episode in the hazards of helen series
953127,/wtoKLMm4UvkwvcSwO3XWcs1gJuF.jpg,an episode in the hazards of helen series
953128,/wtoKLMm4UvkwvcSwO3XWcs1gJuF.jpg,an episode in the hazards of helen series
953617,/wtoKLMm4UvkwvcSwO3XWcs1gJuF.jpg,an episode in the hazards of helen series
953623,/wtoKLMm4UvkwvcSwO3XWcs1gJuF.jpg,an episode in the hazards of helen series
953923,/wtoKLMm4UvkwvcSwO3XWcs1gJuF.jpg,an episode in the hazards of helen series
953925,/wtoKLMm4UvkwvcSwO3XWcs1gJuF.jpg,an episode in the hazards of helen series
953996,/wtoKLMm4UvkwvcSwO3XWcs1gJuF.jpg,an episode in the hazards of helen series
953998,/wtoKLMm4UvkwvcSwO3XWcs1gJuF.jpg,an episode in the hazards of helen series
953999,/wtoKLMm4UvkwvcSwO3XWcs1gJuF.jpg,an episode in the hazards of helen series
954001,/wtoKLMm4UvkwvcSwO3XWcs1gJuF.jpg,an episode in the hazards of helen series
954002,/wtoKLMm4UvkwvcSwO3XWcs1gJuF.jpg,an episode in the hazards of helen series
954005,/wtoKLMm4UvkwvcSwO3XWcs1gJuF.jpg,an episode in the hazards of helen series
954008,/wtoKLMm4UvkwvcSwO3XWcs1gJuF.jpg,an episode in the hazards of helen series
954009,/wtoKLMm4UvkwvcSwO3XWcs1gJuF.jpg,an episode in the hazards of helen series
954243,/wtoKLMm4UvkwvcSwO3XWcs1gJuF.jpg,an episode in the hazards of helen series
954245,/wtoKLMm4UvkwvcSwO3XWcs1gJuF.jpg,an episode in the hazards of helen series
954271,/wtoKLMm4UvkwvcSwO3XWcs1gJuF.jpg,an episode in the hazards of helen series
954296,/wtoKLMm4UvkwvcSwO3XWcs1gJuF.jpg,an episode in the hazards of helen series
954297,/wtoKLMm4UvkwvcSwO3XWcs1gJuF.jpg,an episode in the hazards of helen series
954302,/wtoKLMm4UvkwvcSwO3XWcs1gJuF.jpg,an episode in the hazards of helen series
954305,/wtoKLMm4UvkwvcSwO3XWcs1gJuF.jpg,an episode in the hazards of helen series
954310,/wtoKLMm4UvkwvcSwO3XWcs1gJuF.jpg,an episode in the hazards of helen series
954321,/wtoKLMm4UvkwvcSwO3XWcs1gJuF.jpg,an episode in the hazards of helen series
954727,/wtoKLMm4UvkwvcSwO3XWcs1gJuF.jpg,an episode in the hazards of helen series
954732,/wtoKLMm4UvkwvcSwO3XWcs1gJuF.jpg,an episode in the hazards of helen series
954733,/wtoKLMm4UvkwvcSwO3XWcs1gJuF.jpg,an episode in the hazards of helen series
954844,/wtoKLMm4UvkwvcSwO3XWcs1gJuF.jpg,an episode in the hazards of helen series
954876,/wtoKLMm4UvkwvcSwO3XWcs1gJuF.jpg,an episode in the hazards of helen series
955116,/wtoKLMm4UvkwvcSwO3XWcs1gJuF.jpg,an episode in the hazards of helen series
955195,/wtoKLMm4UvkwvcSwO3XWcs1gJuF.jpg,an episode in the hazards of helen series
955198,/wtoKLMm4UvkwvcSwO3XWcs1gJuF.jpg,an episode in the hazards of helen series
955201,/wtoKLMm4UvkwvcSwO3XWcs1gJuF.jpg,an episode in the hazards of helen series
971215,/p0oX1ODNeTUYgZY5rIjexUCjnR4.jpg,BIEDRONKA NIGHTS
971222,/p0oX1ODNeTUYgZY5rIjexUCjnR4.jpg,BIEDRONKA NIGHTS
988409,/dQcCtdo5uaevFCuDFgYi1hdRNIs.jpg,angels die slowly
1001126,/muUMB0kCvc1oHtOdwqFVnudhiNC.jpg,BLUTBAD
1001130,/muUMB0kCvc1oHtOdwqFVnudhiNC.jpg,BLUTBAD 1&2
1011064,/nPoTpVrFttKBxK4AYD3UqYcBGC5.jpg,FOLIES PASSAGERES
1012014,/nPoTpVrFttKBxK4AYD3UqYcBGC5.jpg,FOLIES PASSAGERES
1013502,/hG7o19hHNfBDSmV9Tkj4qaPWzyp.jpg,nick carter is coming to your cinema
1014225,/hG7o19hHNfBDSmV9Tkj4qaPWzyp.jpg,nick carter is coming to your cinema
1014229,/hG7o19hHNfBDSmV9Tkj4qaPWzyp.jpg,nick carter is coming to your cinema
1014230,/hG7o19hHNfBDSmV9Tkj4qaPWzyp.jpg,nick carter is coming to your cinema
1014243,/hG7o19hHNfBDSmV9Tkj4qaPWzyp.jpg,nick carter is coming to your cinema
1014249,/hG7o19hHNfBDSmV9Tkj4qaPWzyp.jpg,nick carter is coming to your cinema
1014250,/hG7o19hHNfBDSmV9Tkj4qaPWzyp.jpg,nick carter is coming to your cinema
1014251,/hG7o19hHNfBDSmV9Tkj4qaPWzyp.jpg,nick carter is coming to your cinema
1014252,/hG7o19hHNfBDSmV9Tkj4qaPWzyp.jpg,nick carter is coming to your cinema
1014254,/hG7o19hHNfBDSmV9Tkj4qaPWzyp.jpg,nick carter is coming to your cinema
1014258,/hG7o19hHNfBDSmV9Tkj4qaPWzyp.jpg,nick carter is coming to your cinema
1029663,/dQED4TeHOkZ5MXV7ipMRkqkssYO.jpg,the abcs of death
1030419,/brrgSFtcymZWaXl5a23GJRWdOSY.jpg,
1030420,/brrgSFtcymZWaXl5a23GJRWdOSY.jpg,日百三八軍軍英雄軍軍英雄 DIE NEUE THESE
1030422,/brrgSFtcymZWaXl5a23GJRWdOSY.jpg,"日百传英雄軍軍英雄
DIE NEUE THESE"
1035187,/aZMh301lByac0yAaE2x9UojKpJV.jpg,BITE SIZE HALLOWEEN
1035188,/aZMh301lByac0yAaE2x9UojKpJV.jpg,BITE SIZE HALLOWEEN
1059922,/35QRlrP4UfatNftOnSyh7F3Fqdm.jpg,STALKER
1060618,/35QRlrP4UfatNftOnSyh7F3Fqdm.jpg,STALKER
1067693,/yErQlMMj4pNdUCFoXFpLuxlcSFp.jpg,4 NIGHTMARES
1067700,/yErQlMMj4pNdUCFoXFpLuxlcSFp.jpg,4 NIGHTMARES
1089789,/zruA6LkA1napNGf5hcC5yII79AY.jpg,SMOTHER
1103053,/r4iZim568tLXj4g9iTPhuFptkCP.jpg,SEJER
1103769,/r4iZim568tLXj4g9iTPhuFptkCP.jpg,SEJER
1105412,/r4iZim568tLXj4g9iTPhuFptkCP.jpg,SEJER
1114096,/yPnHZXGebKJtILIzjM7pbQ4npIk.jpg,THE INVITED
1144861,/8sAJdQ0pNu9QourRfMGVydBZY4z.jpg,el padrastro
1162006,/wwTEKSr9zEhTnBgcyku5UQf5FX0.jpg,L'ETUDIANTE BLESSEE
1162007,/wwTEKSr9zEhTnBgcyku5UQf5FX0.jpg,L'ETUDIANTE BLESSEE
1190422,/ryBML83p9q3yVnlE8zgfXGgwfyF.jpg,the knock
1192817,/3OHN65WqZl7IbBbp2nW3adPxEjy.jpg,
1227144,/j4Rh9T9DbOCK7VByXcASVJ2EPc.jpg,葉中と题欄物と隶説と
1227152,/j4Rh9T9DbOCK7VByXcASVJ2EPc.jpg,若若の名名の類類物の際説と
1227154,/v8g6U0nZ0sl0my439zK0350Kqsd.jpg,藤中と题欄物と雷刊言と第2回全前
1227159,/v8g6U0nZ0sl0my439zK0350Kqsd.jpg,藤中と顏欄物と隲善言と第2回名签
1242989,/1r3j0j70pRFu4aTRrq9AcZs1eMx.jpg,PLAYHOUSE 90
1243003,/1r3j0j70pRFu4aTRrq9AcZs1eMx.jpg,playhouse 90
1246156,/v7ctpNRwZDer1M1YvPyEFxaIrWO.jpg,
1246167,/v7ctpNRwZDer1M1YvPyEFxaIrWO.jpg,日本上阻　エリシアン
1257523,/k3NB1KefCI8XYT7vHeTkBTxR3fo.jpg,日常の怪談
1257528,/k3NB1KefCI8XYT7vHeTkBTxR3fo.jpg,日常の怪談
1258187,/3SUMzHWAdR5ortvLEbn1zwawM3y.jpg,
1265613,/dpcHEyVGaqrmZkwHw1YM2kvAcE9.jpg,Monkeys
1265625,/dpcHEyVGaqrmZkwHw1YM2kvAcE9.jpg,Monkeys THE COMPLETE SAGA
1287595,/1gcdPG5ZsgE0gDS4Wdoz6tGOYUm.jpg,世奇妙物語
1291362,/8sAJdQ0pNu9QourRfMGVydBZY4z.jpg,el padrastro
1301109,/zbzzvHVu1GwTEPr0x6EvTVyYNZD.jpg,QUIET
1319746,/nIsbV8kiQP2PXNVXfCaAt2EKKY0.jpg,the 1st and 2nd annual MST3K SUMMER BLOCKBUSTER REVIEW
1319748,/nIsbV8kiQP2PXNVXfCaAt2EKKY0.jpg,the 1st and 2nd annual MST3K SUMMER BLOCKBUSTER REVIEW
1329268,/zbzzvHVu1GwTEPr0x6EvTVyYNZD.jpg,QUIET
1364471,/jteMq2mpGP0y3TcumVfxBNjej0R.jpg,CINQUE STORIE INQUIETANTI
1364473,/jteMq2mpGP0y3TcumVfxBNjej0R.jpg,CINQUE STORIE INQUIETANTI
1367993,/jteMq2mpGP0y3TcumVfxBNjej0R.jpg,CINQUE STORIE INQUIETANTI
1368011,/jteMq2mpGP0y3TcumVfxBNjej0R.jpg,CINQUE STORIE INQUIETANTI
1368023,/jteMq2mpGP0y3TcumVfxBNjej0R.jpg,CINQUE STORIE INQUIETANTI
1381446,/mFV4QzdoW8k7WAeleLVIlkQrVig.jpg,PUMPKINMAN
1387642,/mFV4QzdoW8k7WAeleLVIlkQrVig.jpg,PUMPKINMAN
1390975,/mFV4QzdoW8k7WAeleLVIlkQrVig.jpg,PUMPKINMAN
1390977,/mFV4QzdoW8k7WAeleLVIlkQrVig.jpg,PUMPKINMAN
1390980,/mFV4QzdoW8k7WAeleLVIlkQrVig.jpg,PUMPKMAN
1395126,/34bNTqRdlHyJ3sgqv2z60OvvHSB.jpg,Gehacktes
1395127,/34bNTqRdlHyJ3sgqv2z60OvvHSB.jpg,Gehacktes
1404439,/gkaQk8IvT58io5yUuXUjZZ0RbYo.jpg,CRONACA NERA
1433682,/gkaQk8IvT58io5yUuXUjZZ0RbYo.jpg,CRONACA NERA
1435585,/1UW807Jn6n2CuYyBDreJRHDmssx.jpg,INVISIBLE PSYCHO
1439974,/2vxvYhpCPAuQwdj2C2IbuxTLn9g.jpg,Stabbing at Leia's 22nd Birthday
1449322,/3XHIie6plL0SBShwQEgELpy1pf6.jpg,
1449517,/62Sqlym5Kst0uvjgIvhs5mjBFg7.jpg,the legend of the bird man
1449610,/62Sqlym5Kst0uvjgIvhs5mjBFg7.jpg,the legend of the bird man
1456954,/pap9Q63kyjpgJY60mw0bT3QjlRi.jpg,
1457097,/dQTBn0FFBBKvQgbbk55ZxI3IuTc.jpg,
1457447,/dQTBn0FFBBKvQgbbk55ZxI3IuTc.jpg,
1457448,/dQTBn0FFBBKvQgbbk55ZxI3IuTc.jpg,
1460565,/eqDiQr5Oso9FuE6rrTRijsbEBil.jpg,FIVE NIGHTS AT FREDDY'S 2
1466771,/eqDiQr5Oso9FuE6rrTRijsbEBil.jpg,FIVE NIGHTS AT FREDDY'S 2
1477274,/l61y8FC56xKSonvGjFV7IasTPyJ.jpg,I.A.GUA
1487435,/s6OMoAnkdVzrNaHelkl9SIPwySr.jpg,The Test
1487502,/s6OMoAnkdVzrNaHelkl9SIPwySr.jpg,The Test
1488271,/8LZwFRc6V33kKnSuwnKumbNHjtt.jpg,MISSION: IMPOSSIBLE
1489213,/8LZwFRc6V33kKnSuwnKumbNHjtt.jpg,MISSION: IMPOSSIBLE
1493831,/81zEdT1Hxhh80n5b2sG587HkE66.jpg,CAÇADA DIGITAL: O ARQUIVO JULITA PINTUDa
1493897,/81zEdT1Hxhh80n5b2sG587HkE66.jpg,CAGAÇA DIGITAL: O AQUIVO JULITA PINCUDA
1494048,/1UW807Jn6n2CuYyBDreJRHDmssx.jpg,invisible psycho
1495049,/l61y8FC56xKSonvGjFV7IasTPyJ.jpg,LA.GUA
1503684,/nZ3cVQpWubG5Ewzg0PGzFxd0K4V.jpg,ECOS DEL SUBSONSCIENTE
1503778,/nZ3cVQpWubG5Ewzg0PGzFxd0K4V.jpg,ECOS DEL SUBSONSCIENTE
1518320,/7QM6SHiQJLHw34ISF0eMsWikOVY.jpg,NICK CARTER IS COMING TO YOUR CINEMA
1518323,/7QM6SHiQJLHw34ISF0eMsWikOVY.jpg,NICK CARTER IS COMING TO YOUR CINEMA
1530218,/a01RmmlCawWsajeTA0ggyBhDIDs.jpg,ILLUSIONS
1530222,/a01RmmlCawWsajeTA0ggyBhDIDs.jpg,ILLUSIONS
1531589,/9AEKAFYCt1MN55vGEYRen2JWsWO.jpg,ROT
1531596,/9AEKAFYCt1MN55vGEYRen2JWsWO.jpg,ROT
1532909,/yPnHZXGebKJtILIzjM7pbQ4npIk.jpg,THE INVITED
1548140,/8kq1iVmUf7jj4dX5pYBobf92YSJ.jpg,Q
1548141,/8kq1iVmUf7jj4dX5pYBobf92YSJ.jpg,Q
1548169,/tvP9R3GrTTLS66xyeC36M3qqrmb.jpg,VISION ROTA
1548185,/8kq1iVmUf7jj4dX5pYBobf92YSJ.jpg,Q
1548192,/tvP9R3GrTTLS66xyeC36M3qqrmb.jpg,VISION ROTA
1550051,/1Ryx2w1VTU9p5LjviZu99NeyiJg.jpg,PLAYHOUSE 90
1550066,/1Ryx2w1VTU9p5LjviZu99NeyiJg.jpg,PLAYHOUSE 90
1553822,/t3w2GE5llnyH16pxdb9N0LOFaGf.jpg,CRIA
1553868,/t3w2GE5llnyH16pxdb9N0LOFaGf.jpg,CRIA
1561974,/1HQbh7sivVJjlwXAhdsPp34I06O.jpg,SAN BAT CUOP (SBC)
1561982,/1HQbh7sivVJjlwXAhdsPp34I06O.jpg,SAN BAT CUOP (SBC)
1562177,/yL9mVP9y9WnLy1mS6C7mQGHRmuz.jpg,28 DAYS LATER
1562178,/yL9mVP9y9WnLy1mS6C7mQGHRmuz.jpg,28 DAYS LATER
1564367,/2GpFLDcK9lbCyT8zczJISPcfiSK.jpg,the end of the world
1566955,/2GpFLDcK9lbCyT8zczJISPcfiSK.jpg,the end of the world
1571727,/3FhmGmbIOF73CS61FiRLsGFWgf0.jpg,epílogo
1575984,/sxs7DS5wCrelXqdsZlhRM7w29q.jpg,NECROMANCER
1575988,/sxs7DS5wCrelXqdsZlhRM7w29q.jpg,NECROMANCER
1591046,/cbGFOZIBqIoj7778cgzffbXozbp.jpg,MARY
1597134,/myW6IHeW35xLSM3m6TuiyFuZRoj.jpg,الحاقان رعفت
1597136,/myW6IHeW35xLSM3m6TuiyFuZRoj.jpg,رافع الحجاج
1597137,/myW6IHeW35xLSM3m6TuiyFuZRoj.jpg,رأفت الهجان
1616740,/ryBML83p9q3yVnlE8zgfXGgwfyF.jpg,the knock
1624503,/3FhmGmbIOF73CS61FiRLsGFWgf0.jpg,epílogo
1631665,/cbGFOZIBqIoj7778cgzffbXozbp.jpg,MARY
1633439,/9A2JojKx0EhF78auGx4PFI1gM8K.jpg,Snoozy Doo and the Night Terror
1633481,/9A2JojKx0EhF78auGx4PFI1gM8K.jpg,Snoozy Doo and the Night Terror
1666611,/c2aN7xrCseOqBISKMUbovaXmdsk.jpg,HOUBERT
1666915,/c2aN7xrCseOqBISKMUbovaXmdsk.jpg,HOUBERT
1673807,/zruA6LkA1napNGf5hcC5yII79AY.jpg,SMOTHER
1700166,/eGsurgunI1wJEORc4dHVkNgu2Wj.jpg,PIZZA PARTY MASSACRE
1701287,/eGsurgunI1wJEORc4dHVkNgu2Wj.jpg,PIZZA PARTY MASSACRE
1709909,/uW2vEHvnIBFXgsEx2yInhxG3WWW.jpg,ONE MAN'S TRASH
1715853,/okOLrQzuRkZOTXiIovqBtO0QqDN.jpg,
1715882,/okOLrQzuRkZOTXiIovqBtO0QqDN.jpg,
1729343,/pgPuwUzXBzZmZO3Qx8bpmzuiPta.jpg,JUDEX
1729345,/pgPuwUzXBzZmZO3Qx8bpmzuiPta.jpg,JUDEX
1729347,/pgPuwUzXBzZmZO3Qx8bpmzuiPta.jpg,JUDEX
1729351,/pgPuwUzXBzZmZO3Qx8bpmzuiPta.jpg,JUDEX
1729354,/pgPuwUzXBzZmZO3Qx8bpmzuiPta.jpg,JUDEX
1729356,/pgPuwUzXBzZmZO3Qx8bpmzuiPta.jpg,JUDEX
1729357,/pgPuwUzXBzZmZO3Qx8bpmzuiPta.jpg,JUDEX
1729362,/pgPuwUzXBzZmZO3Qx8bpmzuiPta.jpg,JUDEX
1729363,/pgPuwUzXBzZmZO3Qx8bpmzuiPta.jpg,JUDEX
1729365,/pgPuwUzXBzZmZO3Qx8bpmzuiPta.jpg,JUDEX
1729366,/pgPuwUzXBzZmZO3Qx8bpmzuiPta.jpg,JUDEX
1729368,/pgPuwUzXBzZmZO3Qx8bpmzuiPta.jpg,JUDEX
1729578,/pgPuwUzXBzZmZO3Qx8bpmzuiPta.jpg,JUDEX
1736276,/1mtGntTrrWL3EEg9VinfEqKMs6D.jpg,danish trash vol. 1
1736284,/1mtGntTrrWL3EEg9VinfEqKMs6D.jpg,DANISH TRASH VOL. 1
1736292,/v0jc9zgLIZPkBqTJic9Htgu6P80.jpg,DANISH TRASH VOL. 2
1736299,/v0jc9zgLIZPkBqTJic9Htgu6P80.jpg,danish trash vol. 2
1736320,/v0jc9zgLIZPkBqTJic9Htgu6P80.jpg,DANISH TRASH VOL. 2
1736408,/uW2vEHvnIBFXgsEx2yInhxG3WWW.jpg,ONE MAN'S TRASH
1736685,/cGXAVl4a6efuIzackPaLLBtiMef.jpg,danish trash vol. 3
1736717,/cGXAVl4a6efuIzackPaLLBtiMef.jpg,DANISH TRASH VOL. 3
1737333,/cGXAVl4a6efuIzackPaLLBtiMef.jpg,danish trash vol. 3
1743315,/on5W11hBYE0SiPQ3S90gOSRrpm.jpg,KNOCKER.mov
1743342,/on5W11hBYE0SiPQ3S90gOSRrpm.jpg,KNOCKER.mov
