poster_path,segment_id,segment_title,shared_text,canonical_id,canonical_title,match_score,resolution
/gh6uTLqzDpeBxqTLf0nWoPhhLBa.jpg,80809,,PERRY MASON MOVIE COLLECTION DOUBLE FEATURE 1,,,0.0,no_compilation_entry_found
/gh6uTLqzDpeBxqTLf0nWoPhhLBa.jpg,226686,,PERRY MASON MOVIE COLLECTION DOUBLE FEATURE 1,,,0.0,no_compilation_entry_found
/K9spdtXD5oMEK2gqJcfgQyxepF.jpg,85755,,the case of the heartbroken bride,85755,Perry Mason: The Case of the Heartbroken Bride,0.8485,compilation_entry_found
/K9spdtXD5oMEK2gqJcfgQyxepF.jpg,97073,,the case of the heartbroken bride,85755,Perry Mason: The Case of the Heartbroken Bride,0.8485,compilation_entry_found
/1jhx6PXigL8IcLlDdFJEr3CbFl6.jpg,89463,,the case of the sinister spirit,89463,Perry Mason: The Case of the Sinister Spirit,0.8387,compilation_entry_found
/1jhx6PXigL8IcLlDdFJEr3CbFl6.jpg,225577,,the case of the sinister spirit,89463,Perry Mason: The Case of the Sinister Spirit,0.8387,compilation_entry_found
/e7CUI63PPIooocA8zsnVSOMIuUI.jpg,95400,,the case of the reckless romeo,95400,Perry Mason: The Case of the Reckless Romeo,0.8333,compilation_entry_found
/e7CUI63PPIooocA8zsnVSOMIuUI.jpg,228257,,the case of the reckless romeo,95400,Perry Mason: The Case of the Reckless Romeo,0.8333,compilation_entry_found
/ozDrWyWDMQ71Xv9fBcneOfErt80.jpg,128019,,skånska mord,128017,Skånska mord - Esarparen,0.75,compilation_entry_found
/ozDrWyWDMQ71Xv9fBcneOfErt80.jpg,128020,,skånska mord,128017,Skånska mord - Esarparen,0.75,compilation_entry_found
/1ofqFrH8tKlhPSx5dY5c6ltRWFw.jpg,144686,,REEL TALENT,,,0.4,no_compilation_entry_found
/1ofqFrH8tKlhPSx5dY5c6ltRWFw.jpg,353893,,REEL TALENT,,,0.4,no_compilation_entry_found
/8wxbAamQJQUeL0I90ApEoCiCRB9.jpg,153730,,SCARY TRUE STORIES,153730,Scary True Stories,1.0,compilation_entry_found
/8wxbAamQJQUeL0I90ApEoCiCRB9.jpg,353154,,SCARY TRUE STORIES,153730,Scary True Stories,1.0,compilation_entry_found
/nC2aTVDLoHG1JBHevxn6HmSssbY.jpg,174219,,the hazards of helen,796487,The Hazards of Helen,1.0,compilation_entry_found
/nC2aTVDLoHG1JBHevxn6HmSssbY.jpg,174220,,the hazards of helen,796487,The Hazards of Helen,1.0,compilation_entry_found
/nC2aTVDLoHG1JBHevxn6HmSssbY.jpg,300154,,the hazards of helen,796487,The Hazards of Helen,1.0,compilation_entry_found
/yLNFs0tk5sowWmUK6hg8tbIVOB6.jpg,186514,,BLAKE OF SCOTLAND YARD,337315,Blake of Scotland Yard,1.0,compilation_entry_found
/yLNFs0tk5sowWmUK6hg8tbIVOB6.jpg,240333,,BLAKE OF SCOTLAND YARD,337315,Blake of Scotland Yard,1.0,compilation_entry_found
/iiblQC8eJ7FLovJkV77fuTfcXeu.jpg,219252,,四谷怪談,,,0.0,no_compilation_entry_found
/iiblQC8eJ7FLovJkV77fuTfcXeu.jpg,219253,,四谷怪談,,,0.0,no_compilation_entry_found
/nmpaPoRHtFDyUZw8KRMmiRD7zS4.jpg,226675,,THE CASE OF THE GRIMACING GOVERNOR,226675,Perry Mason: The Case of the Grimacing Governor,0.8529,compilation_entry_found
/nmpaPoRHtFDyUZw8KRMmiRD7zS4.jpg,226679,,THE CASE OF THE GRIMACING GOVERNOR,226675,Perry Mason: The Case of the Grimacing Governor,0.8529,compilation_entry_found
/8wbUyxL1Ccw0Nh7J4Qv50YzAbW4.jpg,229088,,the case of the poisoned pen,229088,Perry Mason: The Case of the Poisoned Pen,0.8214,compilation_entry_found
/8wbUyxL1Ccw0Nh7J4Qv50YzAbW4.jpg,229102,,the case of the poisoned pen,229088,Perry Mason: The Case of the Poisoned Pen,0.8214,compilation_entry_found
/o0OW6gLAnhfZLGWe9vOsAEOKtmu.jpg,246953,,HELEN GIBSON SILENT SERIAL QUEEN,,,0.0,no_compilation_entry_found
/o0OW6gLAnhfZLGWe9vOsAEOKtmu.jpg,270496,,HELEN GIBSON SILENT SERIAL QUEEN,,,0.0,no_compilation_entry_found
/o0OW6gLAnhfZLGWe9vOsAEOKtmu.jpg,270500,,HELEN GIBSON SILENT SERIAL QUEEN,,,0.0,no_compilation_entry_found
/o0OW6gLAnhfZLGWe9vOsAEOKtmu.jpg,952416,,HELEN GIBSON SILENT SERIAL QUEEN,,,0.0,no_compilation_entry_found
/859NRz2v0OMXAXzUDtHTHtjSfhu.jpg,251282,,MAD GOD,846867,Mad God,1.0,compilation_entry_found
/859NRz2v0OMXAXzUDtHTHtjSfhu.jpg,378362,,MAD GOD,846867,Mad God,1.0,compilation_entry_found
/859NRz2v0OMXAXzUDtHTHtjSfhu.jpg,568407,,MAD GOD,846867,Mad God,1.0,compilation_entry_found
/2vxvYhpCPAuQwdj2C2IbuxTLn9g.jpg,274105,,Stabbing at Leia's 22nd Birthday,274105,Stabbing at Leia's 22nd Birthday,1.0,compilation_entry_found
/2vxvYhpCPAuQwdj2C2IbuxTLn9g.jpg,1439974,,Stabbing at Leia's 22nd Birthday,274105,Stabbing at Leia's 22nd Birthday,1.0,compilation_entry_found
/c1wh7SPYtgJuCoW6Meq43oUTziN.jpg,303480,,鬼掩眼,,,0.0,no_compilation_entry_found
/c1wh7SPYtgJuCoW6Meq43oUTziN.jpg,379599,,鬼掩眼,,,0.0,no_compilation_entry_found
/xhk1Fm4J3mK6QlkZFLYHedowePs.jpg,320889,,ALPHAMANN,320889,Alphamann: Amok,0.8182,compilation_entry_found
/xhk1Fm4J3mK6QlkZFLYHedowePs.jpg,395328,,ALPHAMANN,320889,Alphamann: Amok,0.8182,compilation_entry_found
/dQcCtdo5uaevFCuDFgYi1hdRNIs.jpg,323508,,angels die slowly,323508,Angels Die Slowly,1.0,compilation_entry_found
/dQcCtdo5uaevFCuDFgYi1hdRNIs.jpg,988409,,angels die slowly,323508,Angels Die Slowly,1.0,compilation_entry_found
/dQED4TeHOkZ5MXV7ipMRkqkssYO.jpg,344001,,the abcs of death,87436,The ABCs of Death,1.0,compilation_entry_found
/dQED4TeHOkZ5MXV7ipMRkqkssYO.jpg,379100,,the abcs of death,87436,The ABCs of Death,1.0,compilation_entry_found
/dQED4TeHOkZ5MXV7ipMRkqkssYO.jpg,408055,,the abcs of death,87436,The ABCs of Death,1.0,compilation_entry_found
/dQED4TeHOkZ5MXV7ipMRkqkssYO.jpg,1029663,,the abcs of death,87436,The ABCs of Death,1.0,compilation_entry_found
/7EzEoCRIFNVDwpWRt18xVg1sxrm.jpg,408054,,ABCs of Death,193726,ABCs of Death 2,1.0,compilation_entry_found
/7EzEoCRIFNVDwpWRt18xVg1sxrm.jpg,502613,,ABCs of Death,193726,ABCs of Death 2,1.0,compilation_entry_found
/eV08QkkMyf7wzWiIbvfvG83v49A.jpg,431873,,the painting of horror!,431873,The Painting of Horror,1.0,compilation_entry_found
/eV08QkkMyf7wzWiIbvfvG83v49A.jpg,432055,,the painting of horror!,431873,The Painting of Horror,1.0,compilation_entry_found
/k2zNbRn3MYnNngCq6MTlzwmJohk.jpg,439994,,the further adventures of sherlock holmes,,,0.3333,no_compilation_entry_found
/k2zNbRn3MYnNngCq6MTlzwmJohk.jpg,790737,,the further adventures of sherlock holmes,,,0.3333,no_compilation_entry_found
/k2zNbRn3MYnNngCq6MTlzwmJohk.jpg,790739,,the further adventures of sherlock holmes,,,0.3333,no_compilation_entry_found
/k2zNbRn3MYnNngCq6MTlzwmJohk.jpg,790742,,the further adventures of sherlock holmes,,,0.3333,no_compilation_entry_found
/k2zNbRn3MYnNngCq6MTlzwmJohk.jpg,791027,,the further adventures of sherlock holmes,,,0.3333,no_compilation_entry_found
/dwBbI5JcSrjNMhoRkdbYHCi662d.jpg,453803,,the doctor mabuse collection,,,0.0,no_compilation_entry_found
/dwBbI5JcSrjNMhoRkdbYHCi662d.jpg,453836,,the doctor mabuse collection,,,0.0,no_compilation_entry_found
/o6CkXRwjQ4MJ8Lk0W5dOVTi7NEd.jpg,534671,,RUN TO DELIRIUM,534676,Run to Delirium,1.0,compilation_entry_found
/o6CkXRwjQ4MJ8Lk0W5dOVTi7NEd.jpg,534676,,RUN TO DELIRIUM,534676,Run to Delirium,1.0,compilation_entry_found
/gZaeQIrMzTvOOfVWUYYQpAURmWi.jpg,542208,,the saint,10003,The Saint,1.0,compilation_entry_found
/gZaeQIrMzTvOOfVWUYYQpAURmWi.jpg,705698,,the saint,10003,The Saint,1.0,compilation_entry_found
/jVBlyoVTYQAdtMmZbe1AvMfsKbV.jpg,551407,,Inner Depravity,551407,Inner Depravity,1.0,compilation_entry_found
/jVBlyoVTYQAdtMmZbe1AvMfsKbV.jpg,551409,,Inner Depravity,551407,Inner Depravity,1.0,compilation_entry_found
/s5SZfE3bgJsupbpc6X639u5Wxhr.jpg,565446,,,,,0.0,no_compilation_entry_found
/s5SZfE3bgJsupbpc6X639u5Wxhr.jpg,565457,,,,,0.0,no_compilation_entry_found
/4r6IAQNONbhWth4JNR8FBsqdc6r.jpg,620251,,カメンライダーバィビビのビビルゲイズ,,,0.0,no_compilation_entry_found
/4r6IAQNONbhWth4JNR8FBsqdc6r.jpg,690746,,カメンライダーバィビビのビビルゲイズ,,,0.0,no_compilation_entry_found
/gPAWJI0keZ0ehAi7cMEcmK3w41u.jpg,645023,,ヒコジろー,,,0.0,no_compilation_entry_found
/gPAWJI0keZ0ehAi7cMEcmK3w41u.jpg,647164,,ヒコジろー,,,0.0,no_compilation_entry_found
/g1eghn1zTju2F330vIT8LXNdG9U.jpg,672288,,IdentityV STAGE,1721906,Identity V STAGE Collection,0.7368,compilation_entry_found
/g1eghn1zTju2F330vIT8LXNdG9U.jpg,672290,,IdentityV STAGE,1721906,Identity V STAGE Collection,0.7368,compilation_entry_found
/nVpx5kiWMBfw2oTbYACpu5Crg3Y.jpg,685554,,Dredd 3D,49049,Dredd,1.0,compilation_entry_found
/nVpx5kiWMBfw2oTbYACpu5Crg3Y.jpg,685555,,Dredd 3D,49049,Dredd,1.0,compilation_entry_found
/tn2NceEyqGXiL8Js2uWrpzWTJjz.jpg,685646,,the happening,8645,The Happening,1.0,compilation_entry_found
/tn2NceEyqGXiL8Js2uWrpzWTJjz.jpg,685649,,the happening,8645,The Happening,1.0,compilation_entry_found
/xf0386kp9f547nr6HQFH8iTFPps.jpg,732231,,Castle Ghosts,732234,Castle Ghosts of Wales,0.7742,compilation_entry_found
/xf0386kp9f547nr6HQFH8iTFPps.jpg,732232,,Castle Ghosts,732234,Castle Ghosts of Wales,0.7742,compilation_entry_found
/xf0386kp9f547nr6HQFH8iTFPps.jpg,732234,,Castle Ghosts,732234,Castle Ghosts of Wales,0.7742,compilation_entry_found
/5vZHIz36wxJk8TxdilD62tAy2cx.jpg,771221,,WOLFSLAND,1051177,Wolfsland - Böses Blut,0.6923,compilation_entry_found
/5vZHIz36wxJk8TxdilD62tAy2cx.jpg,774330,,WOLFSLAND,1051177,Wolfsland - Böses Blut,0.6923,compilation_entry_found
/9FPi4tGg9KQcWxCOU3klvUWrDqV.jpg,782719,,enemies,1453197,Enemies,1.0,compilation_entry_found
/9FPi4tGg9KQcWxCOU3klvUWrDqV.jpg,788633,,enemies,1453197,Enemies,1.0,compilation_entry_found
/aZMh301lByac0yAaE2x9UojKpJV.jpg,810161,,BITE SIZE HALLOWEEN,,,0.0,no_compilation_entry_found
/aZMh301lByac0yAaE2x9UojKpJV.jpg,1035187,,BITE SIZE HALLOWEEN,,,0.0,no_compilation_entry_found
/aZMh301lByac0yAaE2x9UojKpJV.jpg,1035188,,BITE SIZE HALLOWEEN,,,0.0,no_compilation_entry_found
/tLmnk6nzY8GFYaojtBRPF5h8DFH.jpg,831541,,MASUREN KRIMI,1476635,Der Masuren-Krimi - Blutgeld,0.6857,compilation_entry_found
/tLmnk6nzY8GFYaojtBRPF5h8DFH.jpg,833559,,MASUREN KRIMI,1476635,Der Masuren-Krimi - Blutgeld,0.6857,compilation_entry_found
/1gcdPG5ZsgE0gDS4Wdoz6tGOYUm.jpg,832749,,怪談の館,,,0.0,no_compilation_entry_found
/1gcdPG5ZsgE0gDS4Wdoz6tGOYUm.jpg,1287595,,怪談の館,,,0.0,no_compilation_entry_found
/vYoj67UxQB7imDDdsY0dZB70oEd.jpg,832874,,RING,2671,Ring,1.0,compilation_entry_found
/vYoj67UxQB7imDDdsY0dZB70oEd.jpg,840503,,RING,2671,Ring,1.0,compilation_entry_found
/naxozSU3q7PhEZo2o6kenaC69Bi.jpg,835457,,,,,0.0,no_compilation_entry_found
/naxozSU3q7PhEZo2o6kenaC69Bi.jpg,838630,,,,,0.0,no_compilation_entry_found
/fubSpyOvmerNGmz94PFsZ5okYRZ.jpg,876269,,DEAD,109428,Evil Dead,0.6667,compilation_entry_found
/fubSpyOvmerNGmz94PFsZ5okYRZ.jpg,877626,,DEAD,109428,Evil Dead,0.6667,compilation_entry_found
/s3rrTYsqjJ1YFI8bhS8ySmuGQCj.jpg,877165,,CARL J. SUKENiCK ViDeO,,,0.0,no_compilation_entry_found
/s3rrTYsqjJ1YFI8bhS8ySmuGQCj.jpg,937663,,CARL J. SUKENiCK ViDeO,,,0.0,no_compilation_entry_found
/hG7o19hHNfBDSmV9Tkj4qaPWzyp.jpg,889022,,nick carter is coming to your cinema,,,0.0,no_compilation_entry_found
/hG7o19hHNfBDSmV9Tkj4qaPWzyp.jpg,1013502,,nick carter is coming to your cinema,,,0.0,no_compilation_entry_found
/hG7o19hHNfBDSmV9Tkj4qaPWzyp.jpg,1014225,,nick carter is coming to your cinema,,,0.0,no_compilation_entry_found
/hG7o19hHNfBDSmV9Tkj4qaPWzyp.jpg,1014229,,nick carter is coming to your cinema,,,0.0,no_compilation_entry_found
/hG7o19hHNfBDSmV9Tkj4qaPWzyp.jpg,1014230,,nick carter is coming to your cinema,,,0.0,no_compilation_entry_found
/hG7o19hHNfBDSmV9Tkj4qaPWzyp.jpg,1014243,,nick carter is coming to your cinema,,,0.0,no_compilation_entry_found
/hG7o19hHNfBDSmV9Tkj4qaPWzyp.jpg,1014249,,nick carter is coming to your cinema,,,0.0,no_compilation_entry_found
/hG7o19hHNfBDSmV9Tkj4qaPWzyp.jpg,1014250,,nick carter is coming to your cinema,,,0.0,no_compilation_entry_found
/hG7o19hHNfBDSmV9Tkj4qaPWzyp.jpg,1014251,,nick carter is coming to your cinema,,,0.0,no_compilation_entry_found
/hG7o19hHNfBDSmV9Tkj4qaPWzyp.jpg,1014252,,nick carter is coming to your cinema,,,0.0,no_compilation_entry_found
/hG7o19hHNfBDSmV9Tkj4qaPWzyp.jpg,1014254,,nick carter is coming to your cinema,,,0.0,no_compilation_entry_found
/hG7o19hHNfBDSmV9Tkj4qaPWzyp.jpg,1014258,,nick carter is coming to your cinema,,,0.0,no_compilation_entry_found
/6FmMTO7kHXdvlIBy2SjXyddJ9tb.jpg,893555,,パンツァーワールドガリアン,,,0.0,no_compilation_entry_found
/6FmMTO7kHXdvlIBy2SjXyddJ9tb.jpg,893560,,パンツァーワールドガリアン,,,0.0,no_compilation_entry_found
/6FmMTO7kHXdvlIBy2SjXyddJ9tb.jpg,893563,,パンツァーワールドガリアン,,,0.0,no_compilation_entry_found
/fXXeT0L1B2eteCwXRt8QKzzzQMD.jpg,918768,,ETHERIA,464329,7 from Etheria,0.7368,compilation_entry_found
/fXXeT0L1B2eteCwXRt8QKzzzQMD.jpg,919335,,ETHERIA,464329,7 from Etheria,0.7368,compilation_entry_found
/jeQhtreCmDeu4OLsAxAZxyNJ3uw.jpg,919073,,SCREEN ONE,483005,Screen Test #1,0.7,compilation_entry_found
/jeQhtreCmDeu4OLsAxAZxyNJ3uw.jpg,919092,,SCREEN ONE,483005,Screen Test #1,0.7,compilation_entry_found
/tWlrOhOGnxr1JBUoXLM9L1lRPXO.jpg,919471,,KNOCKBACK,919471,Knockback: 1,1.0,compilation_entry_found
/tWlrOhOGnxr1JBUoXLM9L1lRPXO.jpg,919476,,KNOCKBACK,919471,Knockback: 1,1.0,compilation_entry_found
/7iF6ZmH4ffMW0jUFjZLSC9wPFUm.jpg,940617,,第一利品剧語：大六分版,,,0.0,no_compilation_entry_found
/7iF6ZmH4ffMW0jUFjZLSC9wPFUm.jpg,940620,,第一利品剧語：大六分版,,,0.0,no_compilation_entry_found
/7iF6ZmH4ffMW0jUFjZLSC9wPFUm.jpg,941023,,第一利品剧語：大六分版,,,0.0,no_compilation_entry_found
/DMYxj1PrQTBBbFEyBdhZHxVFHX.jpg,947319,,an episode in the hazards of helen series,,,0.0,no_compilation_entry_found
/DMYxj1PrQTBBbFEyBdhZHxVFHX.jpg,949114,,an episode in the hazards of helen series,,,0.0,no_compilation_entry_found
/DMYxj1PrQTBBbFEyBdhZHxVFHX.jpg,949127,,an episode in the hazards of helen series,,,0.0,no_compilation_entry_found
/wtoKLMm4UvkwvcSwO3XWcs1gJuF.jpg,947328,,an episode in the hazards of helen series,,,0.0,no_compilation_entry_found
/wtoKLMm4UvkwvcSwO3XWcs1gJuF.jpg,947331,,an episode in the hazards of helen series,,,0.0,no_compilation_entry_found
/wtoKLMm4UvkwvcSwO3XWcs1gJuF.jpg,947332,,an episode in the hazards of helen series,,,0.0,no_compilation_entry_found
/wtoKLMm4UvkwvcSwO3XWcs1gJuF.jpg,948842,,an episode in the hazards of helen series,,,0.0,no_compilation_entry_found
/wtoKLMm4UvkwvcSwO3XWcs1gJuF.jpg,948844,,an episode in the hazards of helen series,,,0.0,no_compilation_entry_found
/wtoKLMm4UvkwvcSwO3XWcs1gJuF.jpg,948846,,an episode in the hazards of helen series,,,0.0,no_compilation_entry_found
/wtoKLMm4UvkwvcSwO3XWcs1gJuF.jpg,948849,,an episode in the hazards of helen series,,,0.0,no_compilation_entry_found
/wtoKLMm4UvkwvcSwO3XWcs1gJuF.jpg,948851,,an episode in the hazards of helen series,,,0.0,no_compilation_entry_found
/wtoKLMm4UvkwvcSwO3XWcs1gJuF.jpg,948890,,an episode in the hazards of helen series,,,0.0,no_compilation_entry_found
/wtoKLMm4UvkwvcSwO3XWcs1gJuF.jpg,952642,,an episode in the hazards of helen series,,,0.0,no_compilation_entry_found
/wtoKLMm4UvkwvcSwO3XWcs1gJuF.jpg,952645,,an episode in the hazards of helen series,,,0.0,no_compilation_entry_found
/wtoKLMm4UvkwvcSwO3XWcs1gJuF.jpg,952651,,an episode in the hazards of helen series,,,0.0,no_compilation_entry_found
/wtoKLMm4UvkwvcSwO3XWcs1gJuF.jpg,952659,,an episode in the hazards of helen series,,,0.0,no_compilation_entry_found
/wtoKLMm4UvkwvcSwO3XWcs1gJuF.jpg,952664,,an episode in the hazards of helen series,,,0.0,no_compilation_entry_found
/wtoKLMm4UvkwvcSwO3XWcs1gJuF.jpg,952666,,an episode in the hazards of helen series,,,0.0,no_compilation_entry_found
/wtoKLMm4UvkwvcSwO3XWcs1gJuF.jpg,952668,,an episode in the hazards of helen series,,,0.0,no_compilation_entry_found
/wtoKLMm4UvkwvcSwO3XWcs1gJuF.jpg,952670,,an episode in the hazards of helen series,,,0.0,no_compilation_entry_found
/wtoKLMm4UvkwvcSwO3XWcs1gJuF.jpg,952673,,an episode in the hazards of helen series,,,0.0,no_compilation_entry_found
/wtoKLMm4UvkwvcSwO3XWcs1gJuF.jpg,952686,,an episode in the hazards of helen series,,,0.0,no_compilation_entry_found
/wtoKLMm4UvkwvcSwO3XWcs1gJuF.jpg,952873,,an episode in the hazards of helen series,,,0.0,no_compilation_entry_found
/wtoKLMm4UvkwvcSwO3XWcs1gJuF.jpg,953119,,an episode in the hazards of helen series,,,0.0,no_compilation_entry_found
/wtoKLMm4UvkwvcSwO3XWcs1gJuF.jpg,953125,,an episode in the hazards of helen series,,,0.0,no_compilation_entry_found
/wtoKLMm4UvkwvcSwO3XWcs1gJuF.jpg,953127,,an episode in the hazards of helen series,,,0.0,no_compilation_entry_found
/wtoKLMm4UvkwvcSwO3XWcs1gJuF.jpg,953128,,an episode in the hazards of helen series,,,0.0,no_compilation_entry_found
/wtoKLMm4UvkwvcSwO3XWcs1gJuF.jpg,953617,,an episode in the hazards of helen series,,,0.0,no_compilation_entry_found
/wtoKLMm4UvkwvcSwO3XWcs1gJuF.jpg,953623,,an episode in the hazards of helen series,,,0.0,no_compilation_entry_found
/wtoKLMm4UvkwvcSwO3XWcs1gJuF.jpg,953923,,an episode in the hazards of helen series,,,0.0,no_compilation_entry_found
/wtoKLMm4UvkwvcSwO3XWcs1gJuF.jpg,953925,,an episode in the hazards of helen series,,,0.0,no_compilation_entry_found
/wtoKLMm4UvkwvcSwO3XWcs1gJuF.jpg,953996,,an episode in the hazards of helen series,,,0.0,no_compilation_entry_found
/wtoKLMm4UvkwvcSwO3XWcs1gJuF.jpg,953998,,an episode in the hazards of helen series,,,0.0,no_compilation_entry_found
/wtoKLMm4UvkwvcSwO3XWcs1gJuF.jpg,953999,,an episode in the hazards of helen series,,,0.0,no_compilation_entry_found
/wtoKLMm4UvkwvcSwO3XWcs1gJuF.jpg,954001,,an episode in the hazards of helen series,,,0.0,no_compilation_entry_found
/wtoKLMm4UvkwvcSwO3XWcs1gJuF.jpg,954002,,an episode in the hazards of helen series,,,0.0,no_compilation_entry_found
/wtoKLMm4UvkwvcSwO3XWcs1gJuF.jpg,954005,,an episode in the hazards of helen series,,,0.0,no_compilation_entry_found
/wtoKLMm4UvkwvcSwO3XWcs1gJuF.jpg,954008,,an episode in the hazards of helen series,,,0.0,no_compilation_entry_found
/wtoKLMm4UvkwvcSwO3XWcs1gJuF.jpg,954009,,an episode in the hazards of helen series,,,0.0,no_compilation_entry_found
/wtoKLMm4UvkwvcSwO3XWcs1gJuF.jpg,954243,,an episode in the hazards of helen series,,,0.0,no_compilation_entry_found
/wtoKLMm4UvkwvcSwO3XWcs1gJuF.jpg,954245,,an episode in the hazards of helen series,,,0.0,no_compilation_entry_found
/wtoKLMm4UvkwvcSwO3XWcs1gJuF.jpg,954271,,an episode in the hazards of helen series,,,0.0,no_compilation_entry_found
/wtoKLMm4UvkwvcSwO3XWcs1gJuF.jpg,954296,,an episode in the hazards of helen series,,,0.0,no_compilation_entry_found
/wtoKLMm4UvkwvcSwO3XWcs1gJuF.jpg,954297,,an episode in the hazards of helen series,,,0.0,no_compilation_entry_found
/wtoKLMm4UvkwvcSwO3XWcs1gJuF.jpg,954302,,an episode in the hazards of helen series,,,0.0,no_compilation_entry_found
/wtoKLMm4UvkwvcSwO3XWcs1gJuF.jpg,954305,,an episode in the hazards of helen series,,,0.0,no_compilation_entry_found
/wtoKLMm4UvkwvcSwO3XWcs1gJuF.jpg,954310,,an episode in the hazards of helen series,,,0.0,no_compilation_entry_found
/wtoKLMm4UvkwvcSwO3XWcs1gJuF.jpg,954321,,an episode in the hazards of helen series,,,0.0,no_compilation_entry_found
/wtoKLMm4UvkwvcSwO3XWcs1gJuF.jpg,954727,,an episode in the hazards of helen series,,,0.0,no_compilation_entry_found
/wtoKLMm4UvkwvcSwO3XWcs1gJuF.jpg,954732,,an episode in the hazards of helen series,,,0.0,no_compilation_entry_found
/wtoKLMm4UvkwvcSwO3XWcs1gJuF.jpg,954733,,an episode in the hazards of helen series,,,0.0,no_compilation_entry_found
/wtoKLMm4UvkwvcSwO3XWcs1gJuF.jpg,954844,,an episode in the hazards of helen series,,,0.0,no_compilation_entry_found
/wtoKLMm4UvkwvcSwO3XWcs1gJuF.jpg,954876,,an episode in the hazards of helen series,,,0.0,no_compilation_entry_found
/wtoKLMm4UvkwvcSwO3XWcs1gJuF.jpg,955116,,an episode in the hazards of helen series,,,0.0,no_compilation_entry_found
/wtoKLMm4UvkwvcSwO3XWcs1gJuF.jpg,955195,,an episode in the hazards of helen series,,,0.0,no_compilation_entry_found
/wtoKLMm4UvkwvcSwO3XWcs1gJuF.jpg,955198,,an episode in the hazards of helen series,,,0.0,no_compilation_entry_found
/wtoKLMm4UvkwvcSwO3XWcs1gJuF.jpg,955201,,an episode in the hazards of helen series,,,0.0,no_compilation_entry_found
/eHU5Ifj3kPmAcJ0yAkSwCh3zmBZ.jpg,949777,,an episode in the hazards of helen series,,,0.0,no_compilation_entry_found
/eHU5Ifj3kPmAcJ0yAkSwCh3zmBZ.jpg,949822,,an episode in the hazards of helen series,,,0.0,no_compilation_entry_found
/eHU5Ifj3kPmAcJ0yAkSwCh3zmBZ.jpg,949869,,an episode in the hazards of helen series,,,0.0,no_compilation_entry_found
/eHU5Ifj3kPmAcJ0yAkSwCh3zmBZ.jpg,949872,,an episode in the hazards of helen series,,,0.0,no_compilation_entry_found
/eHU5Ifj3kPmAcJ0yAkSwCh3zmBZ.jpg,949874,,an episode in the hazards of helen series,,,0.0,no_compilation_entry_found
/eHU5Ifj3kPmAcJ0yAkSwCh3zmBZ.jpg,950032,,an episode in the hazards of helen series,,,0.0,no_compilation_entry_found
/eHU5Ifj3kPmAcJ0yAkSwCh3zmBZ.jpg,950034,,an episode in the hazards of helen series,,,0.0,no_compilation_entry_found
/nelvhFPqwYhAw8UFF81sDpFZSlD.jpg,950035,,an episode in the hazards of helen series,,,0.0,no_compilation_entry_found
/nelvhFPqwYhAw8UFF81sDpFZSlD.jpg,950184,,an episode in the hazards of helen series,,,0.0,no_compilation_entry_found
/nelvhFPqwYhAw8UFF81sDpFZSlD.jpg,950188,,an episode in the hazards of helen series,,,0.0,no_compilation_entry_found
/nelvhFPqwYhAw8UFF81sDpFZSlD.jpg,950190,,an episode in the hazards of helen series,,,0.0,no_compilation_entry_found
/nelvhFPqwYhAw8UFF81sDpFZSlD.jpg,950191,,an episode in the hazards of helen series,,,0.0,no_compilation_entry_found
/nelvhFPqwYhAw8UFF81sDpFZSlD.jpg,950342,,an episode in the hazards of helen series,,,0.0,no_compilation_entry_found
/nelvhFPqwYhAw8UFF81sDpFZSlD.jpg,950343,,an episode in the hazards of helen series,,,0.0,no_compilation_entry_found
/nelvhFPqwYhAw8UFF81sDpFZSlD.jpg,950344,,an episode in the hazards of helen series,,,0.0,no_compilation_entry_found
/nelvhFPqwYhAw8UFF81sDpFZSlD.jpg,950345,,an episode in the hazards of helen series,,,0.0,no_compilation_entry_found
/nelvhFPqwYhAw8UFF81sDpFZSlD.jpg,950347,,an episode in the hazards of helen series,,,0.0,no_compilation_entry_found
/nelvhFPqwYhAw8UFF81sDpFZSlD.jpg,950356,,an episode in the hazards of helen series,,,0.0,no_compilation_entry_found
/nelvhFPqwYhAw8UFF81sDpFZSlD.jpg,950361,,an episode in the hazards of helen series,,,0.0,no_compilation_entry_found
/nelvhFPqwYhAw8UFF81sDpFZSlD.jpg,950364,,an episode in the hazards of helen series,,,0.0,no_compilation_entry_found
/nelvhFPqwYhAw8UFF81sDpFZSlD.jpg,950368,,an episode in the hazards of helen series,,,0.0,no_compilation_entry_found
/nelvhFPqwYhAw8UFF81sDpFZSlD.jpg,950533,,an episode in the hazards of helen series,,,0.0,no_compilation_entry_found
/nelvhFPqwYhAw8UFF81sDpFZSlD.jpg,950535,,an episode in the hazards of helen series,,,0.0,no_compilation_entry_found
/nelvhFPqwYhAw8UFF81sDpFZSlD.jpg,950537,,an episode in the hazards of helen series,,,0.0,no_compilation_entry_found
/nelvhFPqwYhAw8UFF81sDpFZSlD.jpg,950689,,an episode in the hazards of helen series,,,0.0,no_compilation_entry_found
/nelvhFPqwYhAw8UFF81sDpFZSlD.jpg,951449,,an episode in the hazards of helen series,,,0.0,no_compilation_entry_found
/nelvhFPqwYhAw8UFF81sDpFZSlD.jpg,951452,,an episode in the hazards of helen series,,,0.0,no_compilation_entry_found
/nelvhFPqwYhAw8UFF81sDpFZSlD.jpg,951453,,an episode in the hazards of helen series,,,0.0,no_compilation_entry_found
/nelvhFPqwYhAw8UFF81sDpFZSlD.jpg,951454,,an episode in the hazards of helen series,,,0.0,no_compilation_entry_found
/nelvhFPqwYhAw8UFF81sDpFZSlD.jpg,951455,,an episode in the hazards of helen series,,,0.0,no_compilation_entry_found
/nelvhFPqwYhAw8UFF81sDpFZSlD.jpg,951976,,an episode in the hazards of helen series,,,0.0,no_compilation_entry_found
/nelvhFPqwYhAw8UFF81sDpFZSlD.jpg,951979,,an episode in the hazards of helen series,,,0.0,no_compilation_entry_found
/nelvhFPqwYhAw8UFF81sDpFZSlD.jpg,951981,,an episode in the hazards of helen series,,,0.0,no_compilation_entry_found
/nelvhFPqwYhAw8UFF81sDpFZSlD.jpg,951984,,an episode in the hazards of helen series,,,0.0,no_compilation_entry_found
/nelvhFPqwYhAw8UFF81sDpFZSlD.jpg,951987,,an episode in the hazards of helen series,,,0.0,no_compilation_entry_found
/nelvhFPqwYhAw8UFF81sDpFZSlD.jpg,952166,,an episode in the hazards of helen series,,,0.0,no_compilation_entry_found
/nelvhFPqwYhAw8UFF81sDpFZSlD.jpg,952171,,an episode in the hazards of helen series,,,0.0,no_compilation_entry_found
/nelvhFPqwYhAw8UFF81sDpFZSlD.jpg,952303,,an episode in the hazards of helen series,,,0.0,no_compilation_entry_found
/nelvhFPqwYhAw8UFF81sDpFZSlD.jpg,952321,,an episode in the hazards of helen series,,,0.0,no_compilation_entry_found
/nelvhFPqwYhAw8UFF81sDpFZSlD.jpg,952329,,an episode in the hazards of helen series,,,0.0,no_compilation_entry_found
/nelvhFPqwYhAw8UFF81sDpFZSlD.jpg,952332,,an episode in the hazards of helen series,,,0.0,no_compilation_entry_found
/nelvhFPqwYhAw8UFF81sDpFZSlD.jpg,952337,,an episode in the hazards of helen series,,,0.0,no_compilation_entry_found
/nelvhFPqwYhAw8UFF81sDpFZSlD.jpg,952339,,an episode in the hazards of helen series,,,0.0,no_compilation_entry_found
/nelvhFPqwYhAw8UFF81sDpFZSlD.jpg,952342,,an episode in the hazards of helen series,,,0.0,no_compilation_entry_found
/nelvhFPqwYhAw8UFF81sDpFZSlD.jpg,952404,,an episode in the hazards of helen series,,,0.0,no_compilation_entry_found
/nelvhFPqwYhAw8UFF81sDpFZSlD.jpg,952405,,an episode in the hazards of helen series,,,0.0,no_compilation_entry_found
/hncPjNJdEPc1rydemEcjUQ71kak.jpg,952045,,Anal Paprika 2&3,,,0.0,no_compilation_entry_found
/hncPjNJdEPc1rydemEcjUQ71kak.jpg,952054,,Anal Paprika 2&3,,,0.0,no_compilation_entry_found
/p0oX1ODNeTUYgZY5rIjexUCjnR4.jpg,971215,,BIEDRONKA NIGHTS,971222,Biedronka Nights,1.0,compilation_entry_found
/p0oX1ODNeTUYgZY5rIjexUCjnR4.jpg,971222,,BIEDRONKA NIGHTS,971222,Biedronka Nights,1.0,compilation_entry_found
/muUMB0kCvc1oHtOdwqFVnudhiNC.jpg,1001126,,BLUTBAD,,,0.5,no_compilation_entry_found
/muUMB0kCvc1oHtOdwqFVnudhiNC.jpg,1001130,,BLUTBAD,,,0.5,no_compilation_entry_found
/nPoTpVrFttKBxK4AYD3UqYcBGC5.jpg,1011064,,FOLIES PASSAGERES,,,0.0,no_compilation_entry_found
/nPoTpVrFttKBxK4AYD3UqYcBGC5.jpg,1012014,,FOLIES PASSAGERES,,,0.0,no_compilation_entry_found
/brrgSFtcymZWaXl5a23GJRWdOSY.jpg,1030419,,,,,0.0,no_compilation_entry_found
/brrgSFtcymZWaXl5a23GJRWdOSY.jpg,1030420,,,,,0.0,no_compilation_entry_found
/brrgSFtcymZWaXl5a23GJRWdOSY.jpg,1030422,,,,,0.0,no_compilation_entry_found
/35QRlrP4UfatNftOnSyh7F3Fqdm.jpg,1059922,,STALKER,1398,Stalker,1.0,compilation_entry_found
/35QRlrP4UfatNftOnSyh7F3Fqdm.jpg,1060618,,STALKER,1398,Stalker,1.0,compilation_entry_found
/yErQlMMj4pNdUCFoXFpLuxlcSFp.jpg,1067693,,4 NIGHTMARES,1182576,The Four Nightmares,0.7143,compilation_entry_found
/yErQlMMj4pNdUCFoXFpLuxlcSFp.jpg,1067700,,4 NIGHTMARES,1182576,The Four Nightmares,0.7143,compilation_entry_found
/zruA6LkA1napNGf5hcC5yII79AY.jpg,1089789,,SMOTHER,16699,Smother,1.0,compilation_entry_found
/zruA6LkA1napNGf5hcC5yII79AY.jpg,1673807,,SMOTHER,16699,Smother,1.0,compilation_entry_found
/r4iZim568tLXj4g9iTPhuFptkCP.jpg,1103053,,SEJER,,,0.0,no_compilation_entry_found
/r4iZim568tLXj4g9iTPhuFptkCP.jpg,1103769,,SEJER,,,0.0,no_compilation_entry_found
/r4iZim568tLXj4g9iTPhuFptkCP.jpg,1105412,,SEJER,,,0.0,no_compilation_entry_found
/yPnHZXGebKJtILIzjM7pbQ4npIk.jpg,1114096,,THE INVITED,327674,The Invited,1.0,compilation_entry_found
/yPnHZXGebKJtILIzjM7pbQ4npIk.jpg,1532909,,THE INVITED,327674,The Invited,1.0,compilation_entry_found
/8sAJdQ0pNu9QourRfMGVydBZY4z.jpg,1144861,,el padrastro,1291362,El Padrastro,1.0,compilation_entry_found
/8sAJdQ0pNu9QourRfMGVydBZY4z.jpg,1291362,,el padrastro,1291362,El Padrastro,1.0,compilation_entry_found
/wwTEKSr9zEhTnBgcyku5UQf5FX0.jpg,1162006,,L'ETUDIANTE BLESSEE,,,0.2286,no_compilation_entry_found
/wwTEKSr9zEhTnBgcyku5UQf5FX0.jpg,1162007,,L'ETUDIANTE BLESSEE,,,0.2286,no_compilation_entry_found
/ryBML83p9q3yVnlE8zgfXGgwfyF.jpg,1190422,,the knock,1405492,The Knock,1.0,compilation_entry_found
/ryBML83p9q3yVnlE8zgfXGgwfyF.jpg,1616740,,the knock,1405492,The Knock,1.0,compilation_entry_found
/j4Rh9T9DbOCK7VByXcASVJ2EPc.jpg,1227144,,葉中と题欄物と隶説と,,,0.0,no_compilation_entry_found
/j4Rh9T9DbOCK7VByXcASVJ2EPc.jpg,1227152,,葉中と题欄物と隶説と,,,0.0,no_compilation_entry_found
/v8g6U0nZ0sl0my439zK0350Kqsd.jpg,1227154,,藤中と题欄物と雷刊言と第2回全前,,,0.0,no_compilation_entry_found
/v8g6U0nZ0sl0my439zK0350Kqsd.jpg,1227159,,藤中と题欄物と雷刊言と第2回全前,,,0.0,no_compilation_entry_found
/1r3j0j70pRFu4aTRrq9AcZs1eMx.jpg,1242989,,PLAYHOUSE 90,1556052,Playhouse 90: The Hiding Place,0.6111,compilation_entry_found
/1r3j0j70pRFu4aTRrq9AcZs1eMx.jpg,1243003,,PLAYHOUSE 90,1556052,Playhouse 90: The Hiding Place,0.6111,compilation_entry_found
/v7ctpNRwZDer1M1YvPyEFxaIrWO.jpg,1246156,,,,,0.0,no_compilation_entry_found
/v7ctpNRwZDer1M1YvPyEFxaIrWO.jpg,1246167,,,,,0.0,no_compilation_entry_found
/k3NB1KefCI8XYT7vHeTkBTxR3fo.jpg,1257523,,日常の怪談,,,0.0,no_compilation_entry_found
/k3NB1KefCI8XYT7vHeTkBTxR3fo.jpg,1257528,,日常の怪談,,,0.0,no_compilation_entry_found
/dpcHEyVGaqrmZkwHw1YM2kvAcE9.jpg,1265613,,Monkeys,1078024,Monkeys,1.0,compilation_entry_found
/dpcHEyVGaqrmZkwHw1YM2kvAcE9.jpg,1265625,,Monkeys,1078024,Monkeys,1.0,compilation_entry_found
/zbzzvHVu1GwTEPr0x6EvTVyYNZD.jpg,1301109,,QUIET,429519,Quiet,1.0,compilation_entry_found
/zbzzvHVu1GwTEPr0x6EvTVyYNZD.jpg,1329268,,QUIET,429519,Quiet,1.0,compilation_entry_found
/nIsbV8kiQP2PXNVXfCaAt2EKKY0.jpg,1319746,,the 1st and 2nd annual MST3K SUMMER BLOCKBUSTER REVIEW,,,0.0,no_compilation_entry_found
/nIsbV8kiQP2PXNVXfCaAt2EKKY0.jpg,1319748,,the 1st and 2nd annual MST3K SUMMER BLOCKBUSTER REVIEW,,,0.0,no_compilation_entry_found
/jteMq2mpGP0y3TcumVfxBNjej0R.jpg,1364471,,CINQUE STORIE INQUIETANTI,1367993,Cinque Storie Inquietanti: Scacco Matto,0.807,compilation_entry_found
/jteMq2mpGP0y3TcumVfxBNjej0R.jpg,1364473,,CINQUE STORIE INQUIETANTI,1367993,Cinque Storie Inquietanti: Scacco Matto,0.807,compilation_entry_found
/jteMq2mpGP0y3TcumVfxBNjej0R.jpg,1367993,,CINQUE STORIE INQUIETANTI,1367993,Cinque Storie Inquietanti: Scacco Matto,0.807,compilation_entry_found
/jteMq2mpGP0y3TcumVfxBNjej0R.jpg,1368011,,CINQUE STORIE INQUIETANTI,1367993,Cinque Storie Inquietanti: Scacco Matto,0.807,compilation_entry_found
/jteMq2mpGP0y3TcumVfxBNjej0R.jpg,1368023,,CINQUE STORIE INQUIETANTI,1367993,Cinque Storie Inquietanti: Scacco Matto,0.807,compilation_entry_found
/mFV4QzdoW8k7WAeleLVIlkQrVig.jpg,1381446,,PUMPKINMAN,1387642,Pumpkinman,1.0,compilation_entry_found
/mFV4QzdoW8k7WAeleLVIlkQrVig.jpg,1387642,,PUMPKINMAN,1387642,Pumpkinman,1.0,compilation_entry_found
/mFV4QzdoW8k7WAeleLVIlkQrVig.jpg,1390975,,PUMPKINMAN,1387642,Pumpkinman,1.0,compilation_entry_found
/mFV4QzdoW8k7WAeleLVIlkQrVig.jpg,1390977,,PUMPKINMAN,1387642,Pumpkinman,1.0,compilation_entry_found
/mFV4QzdoW8k7WAeleLVIlkQrVig.jpg,1390980,,PUMPKINMAN,1387642,Pumpkinman,1.0,compilation_entry_found
/34bNTqRdlHyJ3sgqv2z60OvvHSB.jpg,1395126,,Gehacktes,1395126,Gehacktes : Episode 1,0.6923,compilation_entry_found
/34bNTqRdlHyJ3sgqv2z60OvvHSB.jpg,1395127,,Gehacktes,1395126,Gehacktes : Episode 1,0.6923,compilation_entry_found
/gkaQk8IvT58io5yUuXUjZZ0RbYo.jpg,1404439,,CRONACA NERA,311096,Cronaca nera,1.0,compilation_entry_found
/gkaQk8IvT58io5yUuXUjZZ0RbYo.jpg,1433682,,CRONACA NERA,311096,Cronaca nera,1.0,compilation_entry_found
/1UW807Jn6n2CuYyBDreJRHDmssx.jpg,1435585,,INVISIBLE PSYCHO,1435585,Invisible Psycho,1.0,compilation_entry_found
/1UW807Jn6n2CuYyBDreJRHDmssx.jpg,1494048,,INVISIBLE PSYCHO,1435585,Invisible Psycho,1.0,compilation_entry_found
/62Sqlym5Kst0uvjgIvhs5mjBFg7.jpg,1449517,,the legend of the bird man,1274165,Tangata Manu: The Legend of the Man-Bird,0.7143,compilation_entry_found
/62Sqlym5Kst0uvjgIvhs5mjBFg7.jpg,1449610,,the legend of the bird man,1274165,Tangata Manu: The Legend of the Man-Bird,0.7143,compilation_entry_found
/dQTBn0FFBBKvQgbbk55ZxI3IuTc.jpg,1457097,,,,,0.0,no_compilation_entry_found
/dQTBn0FFBBKvQgbbk55ZxI3IuTc.jpg,1457447,,,,,0.0,no_compilation_entry_found
/dQTBn0FFBBKvQgbbk55ZxI3IuTc.jpg,1457448,,,,,0.0,no_compilation_entry_found
/eqDiQr5Oso9FuE6rrTRijsbEBil.jpg,1460565,,FIVE NIGHTS AT FREDDY'S 2,1228246,Five Nights at Freddy's 2,1.0,compilation_entry_found
/eqDiQr5Oso9FuE6rrTRijsbEBil.jpg,1466771,,FIVE NIGHTS AT FREDDY'S 2,1228246,Five Nights at Freddy's 2,1.0,compilation_entry_found
/l61y8FC56xKSonvGjFV7IasTPyJ.jpg,1477274,,I.A.GUA,1477274,I.A.gua,1.0,compilation_entry_found
/l61y8FC56xKSonvGjFV7IasTPyJ.jpg,1495049,,I.A.GUA,1477274,I.A.gua,1.0,compilation_entry_found
/s6OMoAnkdVzrNaHelkl9SIPwySr.jpg,1487435,,The Test,252629,The Test,1.0,compilation_entry_found
/s6OMoAnkdVzrNaHelkl9SIPwySr.jpg,1487502,,The Test,252629,The Test,1.0,compilation_entry_found
/8LZwFRc6V33kKnSuwnKumbNHjtt.jpg,1488271,,MISSION: IMPOSSIBLE,954,Mission: Impossible,1.0,compilation_entry_found
/8LZwFRc6V33kKnSuwnKumbNHjtt.jpg,1489213,,MISSION: IMPOSSIBLE,954,Mission: Impossible,1.0,compilation_entry_found
/81zEdT1Hxhh80n5b2sG587HkE66.jpg,1493831,,CAÇADA DIGITAL: O ARQUIVO JULITA PINTUDa,1493831,CAÇADA DIGITAL: O Arquivo Julita Pintuda,1.0,compilation_entry_found
/81zEdT1Hxhh80n5b2sG587HkE66.jpg,1493897,,CAÇADA DIGITAL: O ARQUIVO JULITA PINTUDa,1493831,CAÇADA DIGITAL: O Arquivo Julita Pintuda,1.0,compilation_entry_found
/nZ3cVQpWubG5Ewzg0PGzFxd0K4V.jpg,1503684,,ECOS DEL SUBSONSCIENTE,,,0.0,no_compilation_entry_found
/nZ3cVQpWubG5Ewzg0PGzFxd0K4V.jpg,1503778,,ECOS DEL SUBSONSCIENTE,,,0.0,no_compilation_entry_found
/7QM6SHiQJLHw34ISF0eMsWikOVY.jpg,1518320,,NICK CARTER IS COMING TO YOUR CINEMA,,,0.0,no_compilation_entry_found
/7QM6SHiQJLHw34ISF0eMsWikOVY.jpg,1518323,,NICK CARTER IS COMING TO YOUR CINEMA,,,0.0,no_compilation_entry_found
/a01RmmlCawWsajeTA0ggyBhDIDs.jpg,1530218,,ILLUSIONS,161785,Illusions,1.0,compilation_entry_found
/a01RmmlCawWsajeTA0ggyBhDIDs.jpg,1530222,,ILLUSIONS,161785,Illusions,1.0,compilation_entry_found
/9AEKAFYCt1MN55vGEYRen2JWsWO.jpg,1531589,,ROT,653820,Rot,1.0,compilation_entry_found
/9AEKAFYCt1MN55vGEYRen2JWsWO.jpg,1531596,,ROT,653820,Rot,1.0,compilation_entry_found
/8kq1iVmUf7jj4dX5pYBobf92YSJ.jpg,1548140,,Q,27726,Q,1.0,compilation_entry_found
/8kq1iVmUf7jj4dX5pYBobf92YSJ.jpg,1548141,,Q,27726,Q,1.0,compilation_entry_found
/8kq1iVmUf7jj4dX5pYBobf92YSJ.jpg,1548185,,Q,27726,Q,1.0,compilation_entry_found
/tvP9R3GrTTLS66xyeC36M3qqrmb.jpg,1548169,,VISION ROTA,,,0.0,no_compilation_entry_found
/tvP9R3GrTTLS66xyeC36M3qqrmb.jpg,1548192,,VISION ROTA,,,0.0,no_compilation_entry_found
/1Ryx2w1VTU9p5LjviZu99NeyiJg.jpg,1550051,,PLAYHOUSE 90,1556052,Playhouse 90: The Hiding Place,0.6111,compilation_entry_found
/1Ryx2w1VTU9p5LjviZu99NeyiJg.jpg,1550066,,PLAYHOUSE 90,1556052,Playhouse 90: The Hiding Place,0.6111,compilation_entry_found
/t3w2GE5llnyH16pxdb9N0LOFaGf.jpg,1553822,,CRIA,51857,Cria!,1.0,compilation_entry_found
/t3w2GE5llnyH16pxdb9N0LOFaGf.jpg,1553868,,CRIA,51857,Cria!,1.0,compilation_entry_found
/1HQbh7sivVJjlwXAhdsPp34I06O.jpg,1561974,,SAN BAT CUOP (SBC),,,0.0,no_compilation_entry_found
/1HQbh7sivVJjlwXAhdsPp34I06O.jpg,1561982,,SAN BAT CUOP (SBC),,,0.0,no_compilation_entry_found
/yL9mVP9y9WnLy1mS6C7mQGHRmuz.jpg,1562177,,28 DAYS LATER,170,28 Days Later,1.0,compilation_entry_found
/yL9mVP9y9WnLy1mS6C7mQGHRmuz.jpg,1562178,,28 DAYS LATER,170,28 Days Later,1.0,compilation_entry_found
/2GpFLDcK9lbCyT8zczJISPcfiSK.jpg,1564367,,the end of the world,573641,End of the World,1.0,compilation_entry_found
/2GpFLDcK9lbCyT8zczJISPcfiSK.jpg,1566955,,the end of the world,573641,End of the World,1.0,compilation_entry_found
/3FhmGmbIOF73CS61FiRLsGFWgf0.jpg,1571727,,epílogo,894577,Epílogo,1.0,compilation_entry_found
/3FhmGmbIOF73CS61FiRLsGFWgf0.jpg,1624503,,epílogo,894577,Epílogo,1.0,compilation_entry_found
/sxs7DS5wCrelXqdsZlhRM7w29q.jpg,1575984,,NECROMANCER,110976,Necromancer,1.0,compilation_entry_found
/sxs7DS5wCrelXqdsZlhRM7w29q.jpg,1575988,,NECROMANCER,110976,Necromancer,1.0,compilation_entry_found
/cbGFOZIBqIoj7778cgzffbXozbp.jpg,1591046,,MARY,1243381,Mary,1.0,compilation_entry_found
/cbGFOZIBqIoj7778cgzffbXozbp.jpg,1631665,,MARY,1243381,Mary,1.0,compilation_entry_found
/myW6IHeW35xLSM3m6TuiyFuZRoj.jpg,1597134,,الحاقان رعفت,,,0.0,no_compilation_entry_found
/myW6IHeW35xLSM3m6TuiyFuZRoj.jpg,1597136,,الحاقان رعفت,,,0.0,no_compilation_entry_found
/myW6IHeW35xLSM3m6TuiyFuZRoj.jpg,1597137,,الحاقان رعفت,,,0.0,no_compilation_entry_found
/9A2JojKx0EhF78auGx4PFI1gM8K.jpg,1633439,,Snoozy Doo and the Night Terror,1633481,Snoozy Doo and the Night Terror,1.0,compilation_entry_found
/9A2JojKx0EhF78auGx4PFI1gM8K.jpg,1633481,,Snoozy Doo and the Night Terror,1633481,Snoozy Doo and the Night Terror,1.0,compilation_entry_found
/c2aN7xrCseOqBISKMUbovaXmdsk.jpg,1666611,,HOUBERT,1666915,HOUBERT,1.0,compilation_entry_found
/c2aN7xrCseOqBISKMUbovaXmdsk.jpg,1666915,,HOUBERT,1666915,HOUBERT,1.0,compilation_entry_found
/eGsurgunI1wJEORc4dHVkNgu2Wj.jpg,1700166,,PIZZA PARTY MASSACRE,1317420,Pizza Party Massacre,1.0,compilation_entry_found
/eGsurgunI1wJEORc4dHVkNgu2Wj.jpg,1701287,,PIZZA PARTY MASSACRE,1317420,Pizza Party Massacre,1.0,compilation_entry_found
/uW2vEHvnIBFXgsEx2yInhxG3WWW.jpg,1709909,,ONE MAN'S TRASH,1709909,One Man's Trash,1.0,compilation_entry_found
/uW2vEHvnIBFXgsEx2yInhxG3WWW.jpg,1736408,,ONE MAN'S TRASH,1709909,One Man's Trash,1.0,compilation_entry_found
/okOLrQzuRkZOTXiIovqBtO0QqDN.jpg,1715853,,,,,0.0,no_compilation_entry_found
/okOLrQzuRkZOTXiIovqBtO0QqDN.jpg,1715882,,,,,0.0,no_compilation_entry_found
/pgPuwUzXBzZmZO3Qx8bpmzuiPta.jpg,1729343,,JUDEX,56801,Judex,1.0,compilation_entry_found
/pgPuwUzXBzZmZO3Qx8bpmzuiPta.jpg,1729345,,JUDEX,56801,Judex,1.0,compilation_entry_found
/pgPuwUzXBzZmZO3Qx8bpmzuiPta.jpg,1729347,,JUDEX,56801,Judex,1.0,compilation_entry_found
/pgPuwUzXBzZmZO3Qx8bpmzuiPta.jpg,1729351,,JUDEX,56801,Judex,1.0,compilation_entry_found
/pgPuwUzXBzZmZO3Qx8bpmzuiPta.jpg,1729354,,JUDEX,56801,Judex,1.0,compilation_entry_found
/pgPuwUzXBzZmZO3Qx8bpmzuiPta.jpg,1729356,,JUDEX,56801,Judex,1.0,compilation_entry_found
/pgPuwUzXBzZmZO3Qx8bpmzuiPta.jpg,1729357,,JUDEX,56801,Judex,1.0,compilation_entry_found
/pgPuwUzXBzZmZO3Qx8bpmzuiPta.jpg,1729362,,JUDEX,56801,Judex,1.0,compilation_entry_found
/pgPuwUzXBzZmZO3Qx8bpmzuiPta.jpg,1729363,,JUDEX,56801,Judex,1.0,compilation_entry_found
/pgPuwUzXBzZmZO3Qx8bpmzuiPta.jpg,1729365,,JUDEX,56801,Judex,1.0,compilation_entry_found
/pgPuwUzXBzZmZO3Qx8bpmzuiPta.jpg,1729366,,JUDEX,56801,Judex,1.0,compilation_entry_found
/pgPuwUzXBzZmZO3Qx8bpmzuiPta.jpg,1729368,,JUDEX,56801,Judex,1.0,compilation_entry_found
/pgPuwUzXBzZmZO3Qx8bpmzuiPta.jpg,1729578,,JUDEX,56801,Judex,1.0,compilation_entry_found
/1mtGntTrrWL3EEg9VinfEqKMs6D.jpg,1736276,,danish trash vol. 1,,,0.0,no_compilation_entry_found
/1mtGntTrrWL3EEg9VinfEqKMs6D.jpg,1736284,,danish trash vol. 1,,,0.0,no_compilation_entry_found
/v0jc9zgLIZPkBqTJic9Htgu6P80.jpg,1736292,,DANISH TRASH VOL. 2,,,0.0,no_compilation_entry_found
/v0jc9zgLIZPkBqTJic9Htgu6P80.jpg,1736299,,DANISH TRASH VOL. 2,,,0.0,no_compilation_entry_found
/v0jc9zgLIZPkBqTJic9Htgu6P80.jpg,1736320,,DANISH TRASH VOL. 2,,,0.0,no_compilation_entry_found
/cGXAVl4a6efuIzackPaLLBtiMef.jpg,1736685,,danish trash vol. 3,,,0.0,no_compilation_entry_found
/cGXAVl4a6efuIzackPaLLBtiMef.jpg,1736717,,danish trash vol. 3,,,0.0,no_compilation_entry_found
/cGXAVl4a6efuIzackPaLLBtiMef.jpg,1737333,,danish trash vol. 3,,,0.0,no_compilation_entry_found
/on5W11hBYE0SiPQ3S90gOSRrpm.jpg,1743315,,KNOCKER.mov,,,0.0,no_compilation_entry_found
/on5W11hBYE0SiPQ3S90gOSRrpm.jpg,1743342,,KNOCKER.mov,,,0.0,no_compilation_entry_found
