id,title,mega_title_text,mega_blood_gore,mega_violence,mega_sexual_content,mega_sensitive,error
26587,Dread,,0.0,0.0,0.0,none,
17796,Freaked,Freaked,0.0,0.0,0.0,none,
13742,Satan,Sheitan,0.0,0.0,0.0,none,
28454,Cthulhu Mansion,Cthulhu Mansion,0.0,0.0,0.0,occult,
20215,Boo,Boo,0.0,0.0,0.0,occult,
17212,Patrick,PATRICK,0.0,0.2,0.0,violence,
26198,The Keep,The Keep,0.0,0.0,0.0,none,
31232,It!,,0.5,0.6,0.7,violence|gore|nudity|sexual,
31116,Zaat,ZAAAT,0.8,0.7,0.5,violence|gore|nudity,
9095,Mary Reilly,Mary Reilly,0.0,0.0,0.0,none,
17874,Laserblast,Laserblast,0.1,0.7,0.0,violence,
9669,Ringu 2,Ring,0.0,0.0,0.0,occult,
26178,Razorback,Razorback,0.6,0.7,0.1,violence|gore,
14157,Impulse,Impulse,0.0,0.0,0.8,sexual,
21797,The Wig,WIG,0.0,0.0,0.2,nudity,
28780,Deathmaster,The Deathmaster,0.2,0.3,0.4,nudity|occult,
53459,F,F,0.8,0.8,0.0,violence|gore,
56915,Blown,Blown,0.1,0.1,0.0,violence|gore,
71480,Unborn But Forgotten,,0.0,0.0,0.0,none,
55142,Cadaver,Shutter,0.0,0.0,0.0,occult,
48581,The Sandman,The Sandman,0.0,0.0,0.0,occult,
22033,Cry of the Banshee,Cry Banshee,0.3,0.4,0.0,violence|gore|occult,
35040,Croc,CRO,0.0,0.0,0.0,none,
65599,The Woman,The Woman,0.9,0.8,0.1,violence|gore,
57812,51,,0.0,0.0,0.0,none,
48636,Nekromantik 2,Nux Romantic 2,0.9,0.8,0.7,violence|gore|nudity|sexual,
57961,Slashers,Slashers,0.7,0.8,0.1,violence|gore,
53122,Chandramukhi,,0.0,0.0,0.0,none,
81990,Cellular Girlfriends,大家子学,0.0,0.0,0.0,none,
19205,Cthulhu,Cthulhu,0.0,0.0,0.0,occult,
79624,Curse,,0.0,0.0,0.0,none,
77483,Dunderland,Darkland,0.0,0.0,0.0,none,
36166,Devilman,Devilman,0.1,0.2,0.0,violence|occult,
40368,Nightmare,Nightmare,0.0,0.1,0.1,violence|sexual,
47957,Madman,Madman,0.0,0.7,0.0,violence|occult,
66315,Aayiram Jenmangal,,0.0,0.0,0.0,none,
40351,Sex Beyond the Grave,,0.9,0.8,0.8,violence|gore|nudity|sexual,
73179,Haunted Gold,Haunted Gold,0.0,0.0,0.0,none,
100480,Kazuo Umezu's Horror Theater: Diet,,0.0,0.0,0.0,none,
83519,Witchcraft,Witchcraft,0.0,0.1,0.0,occult,
83172,Spawn of the Slithis,Ghouls,0.85,0.7,0.0,violence|gore,
90338,Fiend,Fend,0.8,0.8,0.0,violence|gore,
106569,The Demon,,0.1,0.2,0.0,violence|occult,
129096,The Discarnates,,0.0,0.0,0.0,none,
85646,Entrance,ENTRANCE,0.0,0.0,0.0,none,
90063,Vampires in Havana,Vampires in Havana,0.0,0.0,0.0,none,
56328,2002,,0.0,0.2,0.0,none,
126830,Li'l Spider Girl,,0.0,0.0,0.0,none,
20015,KM 31: Kilometer 31,,0.1,0.2,0.0,occult,
145996,Ghost Meets You,,0.0,0.0,0.2,none,
134572,Blood Relations,Blood Relations,0.7,0.3,0.5,gore|sexual,
151022,Gerorisuto,,0.0,0.0,0.0,none,
85198,Frightmare,Frightmare,0.6,0.5,0.0,violence|gore,
152357,Kana Kanmani,,0.0,0.0,0.0,none,
166271,Haunter,Haunted,0.0,0.0,0.0,none,
100241,"I, Frankenstein","I, Frankenstein",0.1,0.7,0.0,violence|occult,
94545,The Bushwhacker,The Bigsucker,0.0,0.0,0.8,nudity|sexual,
99263,Schizophreniac: The Whore Mangler,SCHIZOPHORENIAC,0.0,0.7,0.0,violence,
171367,The Jar,The Jar,0.6,0.4,0.0,violence|gore,
235348,100 Years of Torture: The History,,0.0,0.8,0.0,violence,
161160,When Twilight Draws Near,,0.0,0.0,0.0,none,
194759,Reel Horror,Reel Horror,0.7,0.8,0.3,violence|gore,
200402,Prema Katha Chitram,,0.0,0.0,0.0,none,
123107,Hellbenders,Hellbenders,0.5,0.6,0.0,violence|occult,
129465,Hells,HELLS,0.1,0.8,0.0,violence|occult,
152810,Moonnamathoral,,0.0,0.0,0.1,none,
212930,The Ritual,,0.0,0.0,0.0,none,
203009,Blackwood Evil,Blackwood Evil,0.5,0.3,0.0,occult|blood,
233203,Hong Kong Criminal Archives - Female Butcher,,0.0,0.0,0.0,none,
98084,Legion of Fire: Killer Ants,MARABUNTA,0.0,0.3,0.0,violence,
250574,Creep,Creep,0.0,0.0,0.0,none,
259512,The Devil´s Weed,,0.0,0.0,0.0,none,
265067,Vampire,Vampire,0.0,0.0,0.7,sexual,
237449,Four,4,0.0,0.7,0.0,violence,
255537,Ashes of Doom,Ashes of Doom,0.0,0.0,0.0,none,
250883,Nak,X64,0.0,0.0,0.0,none,
245492,Geethanjali,,0.0,0.1,0.0,violence,
240157,Devadoothan,CBññññ,0.0,0.0,0.0,none,
166201,Bog,BOC,0.0,0.0,0.0,none,
163617,Ghosts,,0.0,0.0,0.0,none,
243837,Hotel,Hotel,0.0,0.0,0.2,none,
257567,Vanished: Age 7,,0.0,0.0,0.2,none,
194809,Anandabhadram,Kanmashi,0.0,0.0,0.0,none,
211258,Wax,WAX,0.8,0.8,0.2,violence|gore,
262872,Coyote,Go Vote,0.0,0.0,0.0,none,
250417,Clay,Clay,0.8,0.6,0.0,violence|gore,
255291,Animosity,ANIMOST,0.0,0.0,0.0,none,
253477,Torture Chamber,Torture Chamber,0.0,0.8,0.0,violence,
260704,Birthright,,0.0,0.0,0.0,none,
300143,The Rainbow Man,,0.0,0.1,0.2,occult,
266539,Kamen Rider Amazon: The Movie,Kamen Rider,0.0,0.5,0.0,violence,
51248,11-11-11,,0.0,0.0,0.0,occult,
301992,Prison Pit: Book One,Prison Bitch,0.1,0.1,0.1,violence|gore|occult,
254250,Till Death Do We Scare,,0.0,0.0,0.0,none,
279237,Bake Jizo,,0.0,0.0,0.0,none,
285981,A Dead Man Visits the Living,,0.0,0.0,0.0,none,
319178,Hatanosuke and the Haunted House,,0.0,0.0,0.0,none,
330163,Gorilla,Gorilla,0.0,0.3,0.0,violence,
290795,Maligno,MALIGNO!,0.1,0.3,0.0,violence|gore,
314364,Sakthi,Kala Pani,0.0,0.1,0.0,none,
262600,Shock,Otito,0.0,0.1,0.0,none,
312831,The Hallow,The Hallow,0.0,0.5,0.0,violence|occult,
317873,Adam,,0.0,0.0,0.0,none,
336766,The Legend of the Scarecrow,La Leyenda de Espantapajaros,0.0,0.0,0.0,none,
256030,Muck,MUCK,0.3,0.5,0.0,violence|gore,
321738,Cheondong,,0.0,0.0,0.0,none,
335650,Impurity,impurity,0.0,0.2,0.1,violence,
330425,Kanchana 2,Bahubali 2,0.0,0.1,0.0,violence,
346364,It,,0.0,0.0,0.0,occult,
297160,XX,,0.0,0.0,0.8,sexual,
352675,Pakalpooram,Sundargarh,0.0,0.0,0.0,none,
276488,Let Us Prey,Let the Right One In,0.5,0.4,0.0,violence|gore,
324021,The Tale of Himeji Castle,,,,,,Invalid \uXXXX escape: line 3 column 573 (char 624)
354506,Pulse,Pulse,0.0,0.0,0.0,none,
376094,Doomed Disaster,,0.5,0.5,0.3,violence|gore|sexual,
370897,Whistle Stop,,0.0,0.0,0.0,none,
337029,Frankenstein,Frankenstein,0.3,0.2,0.0,violence|gore,
270478,Konthayum Poonoolum,,,,,,Unterminated string starting at: line 5 column 17 (char 79)
322530,Fantastic Theater,,0.0,0.1,0.0,none,
283419,Island of Hell,,0.0,0.3,0.2,violence|sexual,
377409,Killer!,Killer,0.8,0.7,0.0,violence|gore,
337085,Estranged,E2TRANGED,0.5,0.3,0.0,violence|gore,
308037,Vanadevatha,,0.0,0.0,0.0,none,
392432,Endless,endless,0.0,0.0,0.0,none,
329134,Massu Engira Maasilamani,Aamdani Atthanni Kharcha Rupaiya,0.0,0.0,0.0,none,
269588,Km 31-2,Kōji 2,0.7,0.6,0.0,violence|gore|occult,
381283,mother!,Mother!,0.7,0.5,0.3,violence|gore|occult,
382290,M・Y・F・A・C・E,,0.0,0.0,0.0,none,
370067,Vidayutham,2 Carlos,0.0,0.5,0.0,violence,
336809,Sangdil,SANGDIIL,0.0,0.0,0.0,none,
396493,Creep 2,Creep 2,0.0,0.0,0.0,none,
391529,Jajo,JADO,0.0,0.0,0.0,none,
396550,Sickhouse,Sickhouse,0.0,0.0,0.0,none,
317712,The Legend of Sayo,,,,,,Invalid \uXXXX escape: line 3 column 579 (char 624)
387737,Maria's Stomach,,0.0,0.0,0.6,sexual,
402721,Lollipop,Lollipop,0.0,0.0,0.0,none,
317578,Haplos,HAPLOS,0.0,0.0,0.0,none,
227992,Necronomica,,0.0,0.0,0.0,occult,
388994,Ayla,Aya,0.0,0.0,0.5,nudity,
398768,White Clothing: Harakiri,,0.0,0.0,0.0,none,
411279,Pretham,,0.0,0.0,0.0,occult,
424222,UFO: It Is Here,UFO,0.0,0.0,0.0,none,
394860,Grimewave: Cockface III,Grimewave,0.9,0.8,0.7,violence|gore|nudity|sexual,
422947,Snow Woman,,0.0,0.0,0.0,none,
418939,The Eye's Dream,,0.0,0.0,0.0,none,
399118,Night People,Night People,0.0,0.0,0.0,none,
412102,Nenjam Marappathillai,,0.0,0.0,0.0,none,
392569,Aadupuliyattam,,0.0,0.0,0.0,none,
448194,Pyewacket,Pyewackett,0.5,0.5,0.0,violence|gore,
406591,Hunters' Sense of Touch,,0.0,0.0,0.8,nudity|sexual,
426063,Nosferatu,Nosferatu,0.0,0.0,0.0,occult,
423344,Eko Eko Azarak: R-Page,,0.0,0.0,0.0,occult,
413951,The Faceless Man,,0.0,0.0,0.0,none,
390674,Female Harakiri: Glorious Death,,0.0,0.0,0.1,nudity,
450157,Urban Spirit Legend: Psychic Factory,阿阿阿阿阿,0.0,0.0,0.0,occult,
443151,Crocodile Man 2,,0.0,0.0,0.0,none,
450523,The Ghostly Murderer,,0.0,0.1,0.1,violence,
412333,Mohini,Blond:ish,0.0,0.3,0.5,nudity|occult,
403654,Troublesome Night 13,,0.0,0.1,0.1,violence|occult,
458716,Juego de niñas,Luces y Sombras,0.0,0.1,0.3,nudity|sexual,
452472,Insomnia,INSOMNIE,0.0,0.0,0.0,none,
431109,Inhumanwich!,Inhumanwich!,0.7,0.5,0.0,violence|gore,
450515,The Night the Spirit Returns,,0.0,0.0,0.0,none,
422406,Red Account: My Bloody Angel,,,,,,Invalid \uXXXX escape: line 3 column 567 (char 624)
450934,Mokdugi Video,,0.0,0.0,0.0,occult,
479876,Emma,EMMA,0.0,0.0,0.0,none,
437265,The Gods Have a Nervous Breakdown,,0.0,0.0,0.0,none,
450512,Strange Tale at Midnight,,0.0,0.0,0.0,none,
421197,Ghost of Nang Fa Thani,Uduwātēlē,0.0,0.0,0.5,nudity,
505330,The Mother's Island,,0.0,0.0,0.0,none,
506952,Raydon,Raydon,0.8,0.5,0.0,violence|gore,
478149,GARO: Fang of God,,0.0,0.7,0.0,violence,
452250,Sivalinga,,0.0,0.1,0.0,none,
480529,Popstars,,0.0,0.0,0.0,none,
440444,Piercing,Piercing,0.5,0.3,0.2,violence|gore,
432916,The Ghost Photo Club,,0.6,0.5,0.0,violence|gore,
496292,Umbilical Glue,Satan's Slaves,0.0,0.0,0.0,none,
464261,Heaven and Hell,,0.7,0.6,0.5,violence|gore|sexual,
464879,Cabin 28,Cabin 28,0.1,0.7,0.0,violence|gore|occult,
468014,Mythily Veendum Varunnu...,Anjali,0.8,0.7,0.0,violence|gore,
498062,Luz,FUCK,0.0,0.1,0.8,sexual,
482192,Damsels,DAMSEI,0.0,0.0,0.0,occult,
483417,Dark Side of the Light,,0.0,0.0,0.0,none,
482919,The Anonymous Phone Call,,0.0,0.0,0.0,none,
463532,Raktharakshassu,3D,0.0,0.0,0.0,none,
522987,Inside Evil,Inside Evil,0.0,0.0,0.0,none,
484499,Keep Out of Danger,,0.8,0.7,0.5,violence|gore|sexual,
494445,Bloodrape,Bloodrape,0.7,0.6,0.5,violence|gore|sexual,
512270,Shadow,Gandharwa,0.0,0.0,0.0,occult,
513372,Hoax,Hoax,0.0,0.0,0.0,none,
485751,Agony,Agony,0.0,0.1,0.0,none,
526783,I Will Never Forgive,,0.8,0.7,0.0,violence|gore,
396818,Visa to Hell,,0.0,0.7,0.0,violence,
527132,Chumbo,C#M#D,0.5,0.5,0.0,violence|gore,
526677,The Rope Maiden,,0.9,0.7,0.5,gore|nudity|sexual,
514101,Ambassador of Hell,,0.0,0.0,0.0,none,
546711,Unplugging Nightmare,,0.0,0.1,0.0,occult,
480406,Açúcar,AÇÜCAR,0.0,0.0,0.0,none,
498580,Kanchana 3,,0.8,0.7,0.0,violence|gore,
534161,Dan xiao bie kan,,0.0,0.0,0.5,nudity|sexual,
542274,Abhisaarike,Bimbisara,0.0,0.0,0.0,none,
547034,Vellinakshatram,,0.0,0.0,0.0,none,
485789,Bhaagamathie,,0.8,0.7,0.6,violence|gore|sexual,
514277,Mara,Mara,0.1,0.2,0.0,violence|occult,
555694,Road Meat,Meat,0.8,0.6,0.2,violence|gore|occult,
542580,Investigation 13,13 Investigation,0.5,0.3,0.0,violence|gore,
528146,Aathma Bandhana,332003,0.0,0.0,0.0,occult,
513665,Onaaigal Jakkiradhai,,0.2,0.3,0.0,violence|gore,
525490,Shadowland,SHADOWLAND,0.0,0.0,0.0,none,
529087,Taoist from the Mountains,,0.5,0.6,0.0,violence|gore|occult,
584466,My Love,,0.0,0.0,0.0,none,
530571,Asoko no seki,,0.0,0.0,0.0,none,
584682,Daydream,,0.0,0.0,0.8,nudity|sexual,
623520,Z,Z,0.0,0.0,0.0,none,
524432,Devil Boy,,0.0,0.1,0.0,none,
611636,Stucco,Stuck,0.7,0.6,0.0,gore|violence,
565481,The Decayed,THE DECAYED,0.0,0.7,0.0,violence,
548784,Hell Girl,,0.2,0.3,0.0,violence|occult,
650248,Nycto,NY C+O,0.0,0.0,0.0,none,
659822,VI,,0.0,0.0,0.0,none,
664049,Jasu,,0.8,0.7,0.0,violence|gore,
632259,RETCH,RETCH,0.0,0.0,0.0,violence,
542104,Kinavalli,2018,0.0,0.0,0.0,none,
605802,8,,0.0,0.0,0.0,occult,
622488,Gegege no Kitaro: The Great Yokai War,これはにとのないないない,0.0,0.5,0.0,violence,
625213,The Faceless Man,The Faceless Moon,0.7,0.6,0.0,violence|gore,
697402,Zombie Attack,Zombie Attack,0.3,0.4,0.0,violence|gore,
603431,Spooky Kitaro,,0.0,0.0,0.0,none,
639495,Chloroformed,CHILDUNAMED,0.0,0.0,0.8,nudity|sexual,
423870,Empire of Madness,2,0.1,0.2,0.1,violence|gore|occult,
689918,Cursed One-Piece,,0.0,0.0,0.7,sexual,
708591,8cho,,0.0,0.0,0.0,none,
609323,Kawarasaki Family,,0.5,0.3,0.7,nudity|sexual,
616185,The Urban Legend of Sugisawa Village,,,,,,Invalid \uXXXX escape: line 5 column 421 (char 655)
666771,Him,H.I.M.,0.5,0.3,0.0,violence|gore,
536026,Trunk,,,,,,"HTTPSConnectionPool(host='image.tmdb.org', port=443): Read timed out. (read timeout=15)"
745282,Prey,PREY,0.0,0.0,0.0,none,
649274,The Blood Alligator,,0.1,0.7,0.1,violence,
612811,Lingchi: Echoes of a Historical Photograph,,0.0,0.0,0.0,none,
726239,Dead,DEAD,0.0,0.0,0.0,none,
655435,FEEL,FEEL,0.0,0.0,0.0,none,
730103,The Human Vapor,,0.0,0.0,0.0,none,
741808,The Truth of Grimm Brother's Fairy Tales,,0.0,0.0,0.5,nudity,
729565,The Tiller,,0.0,0.1,0.0,none,
742948,Pieces of Me,,0.5,0.5,0.0,violence|gore,
730375,Shizuka na ayashii gogo ni,,0.0,0.0,0.0,none,
607137,Momo,DAMNED,0.0,0.0,0.0,none,
713504,Blind Date,Blind Date,0.7,0.6,0.0,violence|gore,
752819,Blood Bath,BLOOD BATH,0.8,0.7,0.0,violence|gore,
772139,Keep Forgetting,,0.0,0.0,0.0,none,
764923,Honto ni Atta Gakkou Kaidan,これからのののの,0.0,0.0,0.0,none,
770382,3 AM,BAM,0.0,0.0,0.0,none,
717972,Flick,FLICK,0.1,0.0,0.0,disgusting|gross,
767152,Stiff,Staff,0.0,0.0,0.0,none,
778521,Devil Boy: Welcome to Devil Land!!,,0.0,0.0,0.0,none,
741592,Cyst,GIST,0.8,0.7,0.0,gore|violence,
732136,Miporin,,0.0,0.0,0.0,none,
789859,HER,SIE,0.0,0.0,0.0,none,
638210,My Girlfriend is a Serial Killer,,0.0,0.0,0.0,none,
821501,Shapeless,Shapeless,0.0,0.0,0.0,none,
850372,Ş,,0.0,0.0,0.0,none,
842120,The Rotting Woman,,0.5,0.5,0.0,violence|gore,
799177,Bhediya,Bhediya,0.1,0.2,0.0,violence|occult,
795962,Zonmi-chan: Meat Pie of the Dead,,,,,,Invalid \uXXXX escape: line 5 column 584 (char 650)
823491,Out of Darkness,Out of Darkness,0.0,0.0,0.0,none,
790257,Horror News,,0.8,0.7,0.0,violence|gore,
848483,Flowing,P L O V E,0.0,0.0,0.0,none,
771390,Macabre Night,Noite Macabra,0.0,0.7,0.0,violence,
812822,Feast of Burden,,0.2,0.3,0.0,violence|gore,
845831,He Rang,RANGE,0.7,0.6,0.0,violence|gore,
850127,GH5,GH5,0.8,0.7,0.0,violence|gore,
860458,Overnight. Friday,HOULET,0.8,0.7,0.6,gore|nudity|sexual,
838474,Hitam,HITAM,0.8,0.7,0.5,gore|nudity,
790252,Eko Eko Azarak,HMY,0.0,0.0,0.0,occult,
822821,Naaye Paeye,Bheemla Nayak,0.1,0.3,0.2,violence|gore|sexual,
863171,Tixie,TIXIE,0.1,0.1,0.0,violence|gore,
843898,She Came from the Woods,She Came From The Woods,0.7,0.6,0.0,violence|gore,
800984,BUSSY,,0.0,0.0,0.0,none,
813313,Big Octopus,,0.0,0.1,0.0,violence|none,
753248,The Living Corpse,,0.0,0.0,0.2,occult,
836519,Horror News,,0.0,0.2,0.0,violence,
882218,Wolf Pup,WOLFUP,0.0,0.0,0.0,none,
852830,Torn Hearts,Torn Hearts,0.0,0.0,0.0,none,
893955,Vanam,Drishyam 2,0.0,0.1,0.0,violence,
877600,Cinderella,Aval Peyar Thamizharasi,0.0,0.0,0.0,none,
904356,Japanese Archipelago: Horror Ghost Zone,,0.0,0.0,0.0,none,
911700,Shin Gakkou no Yuurei,,0.0,0.1,0.0,occult,
877255,Big Shark,,0.8,0.7,0.1,violence|gore,
875522,Journey Beyond the Night,,0.0,0.0,0.0,none,
854328,Psychic Voyeur Video Cursed Appreciation Party,,0.7,0.6,0.3,gore|occult,
918045,El Sexto,,0.0,0.0,0.0,,
855302,Erotic Ghost Enamoured,,0.0,0.1,0.2,sexual,
835786,Giant Spider,,0.1,0.8,0.0,violence,
877832,Pei Mama,BucJunon,0.6,0.7,0.3,violence|gore,
850236,Chuzhal,,0.0,0.0,0.0,none,
911354,Scarlet Demon,,0.0,0.0,0.2,occult,
912650,Vardøger,Mortus,0.1,0.2,0.0,occult,
935076,Super Girl Maria,,0.0,0.0,0.0,occult,
889839,Ragtime,Ractime,0.0,0.1,0.0,none,
945920,Six,,0.8,0.6,0.2,violence|gore,
851731,Kumari,,,,,,Unterminated string starting at: line 5 column 17 (char 79)
923635,Shin Hedorah,,0.0,0.0,0.0,occult,
911731,Youkai Ningen Bem: Part II,,0.2,0.3,0.1,violence|occult,
941189,Nav,HABU,0.0,0.0,0.0,none,
938133,Bldg. N,N,0.0,0.0,0.0,none,
921935,Ballabhpurer Roopkotha,Aagomon,0.0,0.0,0.0,none,
952280,Kalo Chhaya,EK RAAT,0.0,0.6,0.0,violence,
950950,Shennong Savage,,0.2,0.8,0.1,violence|none,
911708,Star of David,,0.0,0.7,0.8,violence|sexual|occult,
970106,Story of Jang-hwa and Hong-ryeon,,0.0,0.1,0.0,none,
949909,Kuntilanak 3,KUNTILANAK 3,0.0,0.0,0.0,occult,
945423,Induvadana,Radhasi,0.0,0.0,0.5,sexual,
979203,Hiraeth,Hiralith,0.0,0.0,0.0,none,
960498,Tokaido Yotsuya Kaidan: Northern Stage,,0.0,0.3,0.1,violence,
1013132,KINEMORTOPHOBIA!,Kinemortophobia,0.3,0.2,0.0,violence|gore,
1020266,III,,0.0,0.0,0.0,none,
1013854,Alana,ALANA,0.0,0.0,0.0,none,
994138,Dark Nature,PARK NATURE,0.7,0.6,0.0,violence|gore,
942596,Molar,KOLAR,0.0,0.0,0.0,none,
1013870,Kids vs. Aliens,Kids vs Aliens,0.1,0.3,0.0,violence|occult,
1017732,Debris,,0.0,0.0,0.0,none,
1012220,Three Kings,Three Kings,0.0,0.0,0.0,none,
1031828,The Sadistic Tragedy of Blue Rose Mansion,,0.0,0.0,0.0,none,
1012410,Teenage Ghost Girl,Wänän,0.1,0.2,0.5,sexual|nudity,
953160,Genshi-san,,0.0,0.0,0.0,none,
983581,Tokyo Videos of Horror 17,,0.0,0.0,0.0,occult,
1054285,Shura Land,,0.0,0.0,0.0,none,
1035936,There Is No Such Thing As Home,,0.0,0.0,0.0,occult,
1068449,Kôzuki Yaya: CLONEz,CLONE,0.0,0.0,0.0,none,
1042720,Sympathy for the Devil,Sympathy for the Devil,0.1,0.8,0.7,violence|sexual|occult,
1054022,Japan's Map of Grudges!! Investigation: The Curse of Sugisawa Village,,0.0,0.0,0.0,occult,
997660,Nightsiren,Night Siren,0.0,0.1,0.2,nudity,
1023253,Tales of Horror Reaching from the Darkness,,0.5,0.3,0.0,gore,
983565,Tokyo Videos of Horror 16,,0.0,0.0,0.0,occult,
1017612,The World You Don't Know: A Mysterious Love Story,,0.0,0.0,0.0,none,
1034590,Virupaksha,Sita,0.0,0.0,0.0,occult,
1049946,Tokyo Videos of Horror 25,,0.0,0.0,0.0,occult,
1054626,The Bhootnii,The BHOOTNIL,0.3,0.5,0.2,violence|occult,
1083816,Haunted,Haunted,0.0,0.1,0.0,occult,
1077817,Corpses,,0.0,0.0,0.0,none,
1044115,Exorcist 2: Human Exorcism,阿陶天“白阿陶天”,0.0,0.0,0.0,occult,
1074141,"Flowers in the Mirror, Wind and Moon: The Ghost Appears",,0.0,0.0,0.0,none,
1082614,Bug,BUG,0.0,0.0,0.0,none,
1056607,Spirit Box 4,4,0.0,0.0,0.0,none,
1091407,Blood Lust,Blood Lust,0.8,0.7,0.5,violence|gore,
1083771,Women's Crime Records: Edo Torture Punishment Chronicles,,0.5,0.7,0.0,violence|gore,
1049935,Tokyo Videos of Horror 23,,0.0,0.0,0.0,occult,
1080732,Honto ni Atta Noroi no Eizo: Urami,,0.0,0.0,0.0,none,
899298,Undying,HXKMTb,0.8,0.7,0.0,violence|gore,
1112723,Honto ni Atta Kowai Hanashi - Special 1,,0.0,0.0,0.0,none,
1090518,Karungaapiyam,Aval,0.0,0.0,0.0,none,
1099116,Kandhei Akhire Luha,,0.0,0.0,0.0,occult,
1101683,BiPolaris,Bipolars,0.0,0.0,0.0,none,
1095565,Maataraani Mounamidhi,,0.0,0.0,0.0,none,
1086046,Rotten Dark Image,,0.0,0.0,0.0,occult,
1097612,New Pen Fairy,,0.7,0.6,0.5,violence|gore|nudity|sexual,
1103892,Mia,MTA,0.8,0.5,0.0,gore,
1088798,Evil Night,Evil Night,0.0,0.0,0.0,none,
1101703,新开心鬼,,0.0,0.0,0.0,none,
1114750,Niemand,NEM,0.0,0.0,0.0,none,
1119244,The Earthbound,,0.0,0.0,0.0,none,
1105435,Meat,Meat,0.9,0.8,0.0,violence|gore,
1090427,Posted Grudge Spirit Footage Vol.4: Demon Edition,,,,,,Invalid \uXXXX escape: line 3 column 573 (char 624)
1103509,Resident Evil Masterpiece Theater,The Wolf and the Seven Little Goats,0.0,0.1,0.0,none,
1096076,Fish Piss,FISHPISS,0.1,0.1,0.0,occult,
1118367,Ida,TDA,0.8,0.7,0.0,violence|gore,
1067138,Dancing Mistress,,,,,,Unterminated string starting at: line 5 column 17 (char 83)
1121432,Phoenix,,0.0,0.0,0.0,none,
1125585,Urban Spirit Legend: Reishi Gakuen,,0.0,0.0,0.0,none,
846867,Mad God,Mad God,0.6,0.7,0.0,violence|gore,
1096879,RUN,RUN,0.0,0.0,0.0,none,
1118185,Pyre,PYRE,0.0,0.0,0.0,none,
1137251,GORE,Gore,0.9,0.7,0.5,violence|gore|sexual,
1141891,The Blood,,0.0,0.0,0.0,none,
1127560,Yatsuhakamura,,0.7,0.8,0.0,violence|gore,
1141993,Reprieve,REPREVE,0.0,0.0,0.0,none,
1103985,Insulted Woman Revenge Pachinker Another,,0.9,0.8,0.9,violence|gore|nudity|sexual,
1146575,Paku Tanah Jawa,PAKUT TANAH JAWA,0.1,0.2,0.3,occult,
1158484,Trees,,0.0,0.0,0.0,none,
1150649,Visitor,,0.0,0.0,0.0,none,
1049608,Tokyo Videos of Horror 21,,0.0,0.0,0.0,none,
1151683,WOACA,U OACA,0.0,0.0,0.0,none,
1150696,Gendai Kaiki Hyaku Monogatari: Kaidan Tanhenshu,,0.7,0.6,0.3,violence|gore,
1145277,Document Super Scary Stories: Okinawa,,0.8,0.8,0.5,violence|gore|sexual|occult,
1120011,Namo Bhootatma,Jane,0.0,0.0,0.0,none,
1144719,Okamuro-san,,0.0,0.5,0.0,violence,
1127143,Mama,Mama,0.1,0.2,0.0,occult,
1149514,Janha Ratira Sathi,Jorno Radio Saimi,0.0,0.0,0.0,occult,
1163427,JOHNNY ANTHOJOHNNY,JOHNNY,0.0,0.0,0.0,none,
1166109,Namade Kowasugi!,,0.0,0.0,0.0,none,
1123503,Big Milk,Big Milk,0.0,0.0,0.0,none,
1151960,Ghost Killing,,0.0,0.1,0.0,occult,
1169957,Spine-Chilling Short Stories Kowabana: Scary Woman Kyō,,0.0,0.0,0.0,occult,
1173947,A Shadow over the Chateau,,0.0,0.0,0.0,none,
1118899,Liminal II,,0.0,0.0,0.0,none,
1162936,Babushka,Babushka,0.0,0.0,0.0,none,
1162791,Mamántula,,0.0,0.0,0.0,none,
1146209,Shudder Girls,,0.8,0.7,0.0,violence|gore,
1143007,Blood on Each Step,,0.5,0.7,0.0,violence|gore|occult,
1166947,Haunted School,,0.0,0.0,0.0,none,
1173609,Phantom of the Jade Chamber,,0.0,0.2,0.0,violence,
1179402,Don Khamod,Khon Phii,0.1,0.2,0.3,occult,
1174342,Burning Passion,,0.0,0.0,0.5,sexual,
1178529,Zetsuosore Taikan Kimodameshi,,0.8,0.6,0.2,violence|gore,
1174247,Haunted Bridge,,0.0,0.7,0.0,violence|occult,
1173434,Bitter Fear,,0.0,0.0,0.0,none,
1173781,Trauma Under the Car,,0.0,0.0,0.0,none,
1165206,Tokyo Videos of Horror 18,,0.0,0.0,0.0,occult,
1173424,The Ghost Chasers,,0.0,0.0,0.0,none,
1183797,CannibAlien,,0.8,0.8,0.0,violence|gore,
1199661,Stripped,,0.0,0.0,0.0,none,
1180354,Goddess Panthong,Krua Hua Jai,0.0,0.1,0.1,violence,
1164853,Angaaragan,,0.0,0.3,0.0,violence,
1180377,Boonpeng Iron Chest,Ung Wu Human,0.0,0.7,0.0,violence,
1180529,Blood Love: Nang Prai,ลักสิทินาราก,0.0,0.7,0.0,violence,
1165396,Tokyo Videos of Horror 19,,0.0,0.0,0.0,occult,
1179549,The God of Death,Supannidin,0.0,0.0,0.2,sexual,
1199073,Angel's Snake,,0.0,0.0,0.0,none,
1198084,Amofinado,Amo Finashe,0.0,0.0,0.0,none,
1180756,Krai Thong,Tin-Anod,0.0,0.2,0.0,violence,
1179729,Pi Kaew Nang Hong,Zan Gruva,0.0,0.3,0.0,violence,
1202100,Joshurei,,0.0,0.0,0.0,none,
1059537,Kill Time,KILL TIME,0.0,0.0,0.0,none,
1199122,Scary True Stories: Night 2,,0.7,0.6,0.0,violence|gore,
1179790,Golden Sabai Goddess,,0.0,0.0,0.0,none,
1192020,Wandering Souls 2: Exploring Haunted Spots with Oda Nobunaga,2,0.8,0.7,0.5,violence|gore|sexual,
1198050,Tree Ghost Story,,0.0,0.0,0.0,none,
1180853,Autorretrato,Autorretrato,0.0,0.0,0.2,none,
1192652,Scary Fairy Tales: Cinderella,,0.0,0.0,0.0,none,
1226606,Beauty with White Breasts,思心のなくに,0.0,0.0,0.0,none,
1215044,Body Trap,,0.0,0.0,0.5,nudity,
1203023,Travels of Lord Mito Pt.9,,0.0,0.7,0.0,violence,
1173833,The Serpent and the Lovers,,0.0,0.0,0.0,none,
1184925,Midnight Oxygen,MBNIGHT OXYGEN,0.0,0.0,0.0,none,
1214905,Trinil,TRiML,0.3,0.2,0.0,violence|gore|occult,
1231045,Otis The Giant,OTS,0.0,0.0,0.0,none,
1231306,Blood Pizza,BLOOD PIZZA,0.8,0.7,0.0,violence|gore,
1190953,The Mystery of Nam Prai,MASSAKR WANITA,0.6,0.7,0.8,violence|gore|nudity|sexual|occult,
1202913,Insomnia,Insomnia,0.0,0.0,0.0,none,
1198987,Fed,BOB,0.0,0.0,0.0,none,
1210047,Aranam,Aramm,0.0,0.0,0.0,none,
1241689,Junji Inagawa Horror Video: Pandora's Box,,0.0,0.0,0.0,none,
1241429,Geji: The Spirit Hunter,Im,0.1,0.2,0.0,occult,
1220993,Nightmare Resort,,0.0,0.0,0.0,none,
1251427,The Garden,,0.0,0.0,0.0,none,
1204908,Shin Kaishaku Banchō Sarayashiki - Okiku-dera: Temple,,0.2,0.3,0.0,violence|gore,
1244017,Bug,BLUE,0.0,0.0,0.0,none,
1179996,Golden Eel,Swaraj,0.0,0.7,0.0,violence,
1245342,Battle Spirit Footage: Fight of the Living Ghost,,0.8,0.7,0.0,violence|gore,
1249052,Kyoto Yokai Map 2: A 400-Year-Old Ice Woman Living on Kirara Slope,,0.0,0.0,0.0,occult,
1249600,Terrifying Spirit Disturbance Video 8: Darkness Edition,,0.5,0.3,0.0,violence|gore,
1232818,Desintegration,,0.8,0.6,0.0,gore,
1249950,Submitted Spirit Video: Omnibus,,,,,,Invalid \uXXXX escape: line 3 column 555 (char 624)
1242905,Spiritual Tours,,0.0,0.0,0.8,nudity|sexual,
1236998,Modern Urban Ghost Legends: Terrifying True Stories Surgeons Cannot Speak Of,,,,,,Invalid \uXXXX escape: line 5 column 583 (char 649)
1226341,Kaidan Shin Mimibukuro Nagurikomi! Gekijō-ban Tōkaidō-hen,,0.1,0.2,0.0,violence|gore,
1218245,Hellhounds,Hellhounds,0.7,0.6,0.0,violence|gore|occult,
1267448,Kodama,,0.0,0.0,0.0,none,
1293317,Creature,Creature,0.0,0.0,0.0,none,
1255452,Dokugeki! Noroi no Shinrei Supotto: Gokuraku,,0.5,0.5,0.0,violence|gore|occult,
1268401,Psychic Documentary: Forbidden Spectral Manifestation - Do Not Watch!!,,0.0,0.0,0.0,none,
1295750,New Thursday Ghost Stories Ghost Club: Seven Wonders of School Edition 3,,0.0,0.0,0.0,none,
1249591,Terrifying Spirit Disturbance Video: Attack 1,,0.7,0.6,0.3,violence|gore|occult,
1295890,241,,0.0,0.0,0.0,none,
1269413,The Cursed Plate: Dish Mansion at Hell's Banchō,,0.0,0.0,0.0,none,
1272300,Foreclosure 2,Foreclosure 2,0.7,0.5,0.0,gore|occult,
1260835,777,,0.0,0.0,0.0,none,
1231764,Stash,SLASH,0.8,0.7,0.6,violence|gore|sexual|occult,
1263426,Heaven and Earth Are Righteous,,0.0,0.1,0.0,occult,
1295758,Thursday Ghost Stories Ghost Club: Seven Wonders of School Edition 1,,0.0,0.0,0.0,none,
1231268,Kyoto Yokai Map 1: A 900-Year-Old New Bride Living in Sagano,,0.0,0.0,0.0,occult,
1232290,Night Rain and Autumn Lantern Hear Strange Stories,阿阿阿阿阿,0.0,0.0,0.0,occult,
1291594,Beezel,Bezerk,0.8,0.7,0.0,violence|gore,
1244831,Nozokiana 4: Cursed Video Edition,,,,,,Invalid \uXXXX escape: line 5 column 523 (char 650)
1298306,Tasmogor,TASMOGOR,0.1,0.2,0.0,violence|occult,
1271607,The Sclera,,0.0,0.0,0.0,none,
1316525,VORE,VORE,0.0,0.0,0.0,none,
1317282,The Girl from the Darkness,,0.0,0.0,0.8,sexual,
1308382,Ice Forest,,0.0,0.0,0.0,none,
1304868,The Tragedy of Nine Lives,,0.0,0.0,0.0,none,
1300267,Trip,TRIP,0.0,0.0,0.0,none,
1304559,Columnas de Sangre,Schizoid,0.0,0.0,0.0,none,
1291966,Broadcast Prohibited VTR! True Scary Ghost Stories... The Truth That Can't Be Shown on TV,LEVELVR,0.0,0.0,0.0,none,
1252768,When the Blood Flows,quando o sangue flui,0.0,0.0,0.0,none,
1316590,"Seducer of the Night: Terror in the summer resort, bloodsucking fangs for blonde beauties",,0.0,0.0,0.0,none,
1274134,I Live Here Now,I Live Here Now,0.0,0.0,0.0,none,
1306119,The Terrifying Man-eating Shark Woman,怪奇! 蛇女の恐怖,0.0,0.0,0.0,none,
1306112,Ruckus at Kwong Cheong Lung,,0.5,0.5,0.0,violence|gore,
1301061,Her Secret Past,,0.0,0.0,0.0,none,
1321069,Vampire Scream,,0.1,0.2,0.0,occult,
1301068,Songs in Misty Night,,0.0,0.0,0.0,none,
1319818,Afternoon of the Evil Spirits,,0.0,0.0,0.0,none,
1317033,Dead Fish,DEAD FISH,0.0,0.0,0.0,none,
1301498,4:30,,0.0,0.0,0.0,none,
1319093,Bandage Anatomy Woman,,0.0,0.0,0.0,none,
1318153,Corpse of your Choice,,0.0,0.0,0.0,none,
1315466,Night/Time,,0.0,0.0,0.0,none,
1319195,Luminous Insect,,0.0,0.0,0.2,occult,
1320762,SNOT,SNOT,0.7,0.5,0.0,gore|disgusting,
1321057,The Woman Who Calls for Corpses,,0.0,0.0,0.0,none,
1292645,Kuncen,Ruined,0.7,0.6,0.0,violence|gore,
1321070,Cursed Hand from the Graveyard,,0.0,0.0,0.0,none,
1321049,The Cursed Bride,,0.0,0.0,0.0,none,
1334664,Phenomenon,Phenomena,0.8,0.0,0.0,gore,
1341041,A Haunted Romance,,0.0,0.0,0.8,nudity|sexual,
1321044,The Black Cat Mansion of Hatred,,0.0,0.0,0.0,none,
1329017,Bill,BILL,0.0,0.0,0.0,none,
1320091,carton ???,carton 227,0.1,0.2,0.0,violence|occult,
1340233,Tent Burner,Tentburner,0.0,0.1,0.0,occult,
1324236,Braxton,IBR AX TON,0.0,0.0,0.0,none,
1316641,Kyoto Yokai Map 3: The 800-Year-Old Female College Student Who Lives in Toribenyama,,0.0,0.0,0.2,sexual,
1328157,Acid Corpse,Acid Ghost,0.0,0.0,0.0,occult,
1376404,Tret,,0.0,0.0,0.0,occult,
1361326,Miasmata,MIASMATA,0.0,0.0,0.2,none,
1379557,Spidal,EPIDAL,0.0,0.0,0.0,none,
1354878,Illuminati Castrati,Haunted Castrati,0.9,0.8,0.5,violence|gore|sexual,
1377690,Headless Island,,0.0,0.0,0.0,none,
1382950,Maha Munjya,MAHA MUNDUYA,0.0,0.0,0.0,none,
1373402,Silence Unseen,SILENCE UNSEEN,0.0,0.0,0.0,none,
1355282,Ade Raaga Ade Haadu,Aavidey,0.0,0.0,0.0,none,
1375389,Spider Woman,,0.0,0.0,0.0,none,
1368769,Honeymoon,,0.0,0.0,0.0,none,
1373749,Intense Moment,,0.0,0.0,0.0,none,
1383197,Dimples,Dimples,0.0,0.0,0.0,none,
1391118,Trauma,TRAUMA,0.0,0.0,0.0,none,
1373173,Cold Hands,Cold Hands,0.0,0.0,0.0,none,
1382556,snow monster,,0.0,0.0,0.7,nudity|sexual,
1352962,Kalinga,Adipurush,0.0,0.7,0.0,violence|occult,
1256728,Short Shits,SHOT ALL,0.7,0.8,0.1,violence|gore|occult,
1390069,Deathfarm,Deathfarm,0.0,0.0,0.0,occult,
1383323,Gennaro,Gennaro,0.0,0.0,0.0,none,
1443084,MORTIS,MKAT15,0.0,0.0,0.0,none,
1421764,Katsue-san Appears in Tokyo,,0.0,0.0,0.0,none,
1395668,Loons,Dooms,0.0,0.0,0.0,none,
1414507,Chuva,Chuva,0.0,0.0,0.0,none,
1436569,Corpo Vil,Corpo Vil,0.0,0.0,0.0,none,
1435731,Gothica,Gothica,0.0,0.0,0.0,none,
1395083,Acid,Acido,0.0,0.0,0.0,none,
1436194,Runaway Valley,Rudyard Valley,0.0,0.0,0.0,none,
1432516,"Goke, Slime and Ooze",,0.8,0.8,0.7,violence|gore|sexual|occult,
1338346,Zanni,Zanni,0.0,0.0,0.2,none,
1424826,Tokyo Evil Hotel,,0.0,0.0,0.0,occult,
1398014,Prakambanam,Jai Mimo,0.0,0.0,0.0,none,
1385756,Despot,DESPOT,0.0,0.0,0.0,none,
1457403,Toucan,Toucan,0.0,0.0,0.0,none,
1452443,Kaiki Hyakumonogatari: Minna Shineba Iinda,,0.0,0.0,0.0,occult,
1436243,Spookslayers,Spook Slayers,0.8,0.7,0.0,violence|gore,
1433843,Sodom-Akne,Sodom AKne,0.0,0.0,0.1,none,
1380165,The Great Tokyo Yotsuya Ghost Story,,0.0,0.0,0.0,none,
1482573,Raha's birthday,,0.0,0.0,0.0,none,
1377705,White-haired Demon,,0.0,0.0,0.0,none,
1430915,QIJE,,0.0,0.0,0.0,none,
1462822,DEATH SENTENCE: LUCIDITY,DEATH SENTENCE,0.0,0.1,0.0,violence,
1452081,Exorcism Pre-Event,,0.0,0.0,0.0,none,
1464715,Anatta,Hisss,0.0,0.0,0.0,occult,
1444302,Podres Alegorias,,,,,,Unterminated string starting at: line 5 column 17 (char 79)
1464025,Labyrinth of Roses,,0.7,0.5,0.6,gore|nudity|sexual,
1371770,ALL YOUR DREAMS,,0.0,0.0,0.0,none,
1484291,Derrière ses yeux,DERRIER SES YEUX,0.0,0.0,0.0,none,
1489389,Rosario,ROSARIO,0.0,0.0,0.0,none,
1300054,valo-valo,BANG BANG,0.0,0.0,0.0,occult,
1506031,Capgras,CAPGRAS,0.0,0.0,0.0,none,
1495253,The Truth of Grimm Brothers' Fairy Tales,,0.0,0.0,0.8,nudity|sexual,
1505147,Ms. Kanyin,Ms. Kanyin,0.0,0.1,0.0,violence,
1515590,Madonna Non Grata,Madonna Non Grata,0.0,0.0,0.0,none,
1504708,Idol Horror Story,,0.1,0.1,0.0,occult,
1485846,Tether,Tether,0.0,0.0,0.0,none,
1487691,Shemaleficent,SHEMALEFRANK,0.0,0.0,0.2,occult,
1489860,Homemade Gatorade,Homemade Gatorade,0.0,0.0,0.0,none,
1495718,Baljjeo,Baljevo,0.0,0.0,0.0,none,
1510207,Vexo,VEX0,0.0,0.0,0.0,none,
1512881,Parasomnia,Parasomnia,0.0,0.0,0.0,none,
1478029,Snake Woman,,0.5,0.3,0.7,nudity|sexual,
1517538,"Fake Documentary ""Q"": House of Mirrors",,0.0,0.0,0.0,none,
1468846,Species,Sanguine,0.8,0.5,0.3,gore|nudity,
1510954,Nuclear Death: Unalive in Texas,Nuclear Death,0.5,0.5,0.0,violence|gore|occult,
1464606,Gage,GAGE,0.0,0.0,0.0,none,
1543002,Prowl,PROWL,0.0,0.0,0.0,none,
1526650,Mudborn,Mudborn,0.7,0.5,0.0,violence|gore|occult,
1523101,Kyouhugekijyou-2,,0.0,0.0,0.0,none,
1512454,Fake Documentary “Q”: Cursed Video,,0.0,0.0,0.0,none,
1540888,Buzzkill,Buzzkill,0.0,0.0,0.0,none,
1471061,Khel,,0.0,0.0,0.0,occult,
1499297,Abissal,,0.0,0.0,0.0,none,
1516629,Kienai,,0.0,0.0,0.0,none,
1547879,INSETTICIDA,InsetticIDA,0.0,0.0,0.0,none,
1534873,L'Ouverture,LUSTVERIRE,0.0,0.0,0.0,none,
1548135,Fake Documentary “Q”: Hidden Link,,0.0,0.0,0.0,none,
1541593,FANTOMA,FANTIMA,0.0,0.1,0.0,occult,
1573818,Stoneborn,,0.0,0.0,0.0,none,
1573115,The Craft,Verilya,0.0,0.0,0.0,none,
1549019,Evil Night,Evil Night,0.0,0.0,0.0,none,
1457820,Convalescent,convalescent,0.0,0.0,0.0,none,
1548140,Fake Documentary “Q”: Last Countdown,,0.0,0.0,0.0,none,
1562657,Alheio,AGHAST,0.0,0.0,0.0,none,
1574119,Terrifying Ghost,,0.0,0.0,0.0,none,
1593740,Cookie Cutter,,0.0,0.0,0.0,none,
1562012,Inosculate,Insatiable,0.7,0.5,0.6,gore|sexual,
1601123,Attrition,Attrition,0.0,0.2,0.5,nudity|sexual,
1548162,"Fake Documentary ""Q"": Passengers",,0.0,0.0,0.0,none,
1581907,Thursday night,Dare,0.0,0.1,0.0,none,
1545191,The Neighbors,,0.0,0.0,0.0,none,
1548185,"Fake Documentary ""Q"": September 23, 2023 Live Streaming",,0.0,0.0,0.0,none,
1549709,Pee Nak 5,Peenak,0.1,0.2,0.0,occult,
1603066,Ghost Festival in Zenjin Village,,0.0,0.7,0.0,violence,
1548141,Fake Documentary “Q”: Film Inferno,,0.0,0.0,0.0,none,
1558468,Shambhala,Dhosth,0.0,0.1,0.0,occult,
1546959,Bia,,0.0,0.0,0.0,none,
1568448,Ghost Coast,,0.8,0.6,0.0,violence|gore,
1554997,Lusco Fusco (episódio piloto),Disco Funk,0.0,0.0,0.0,none,
1608681,Fake Documentary “Q”: What The Deceased Left Behind,,0.0,0.0,0.0,none,
1548166,"Fake Documentary ""Q"": Mother",,0.0,0.0,0.0,none,
1615800,Transformation,TRANSFORMATION,0.0,0.0,0.0,none,
1580287,AHORA ES MÍA.,AHORA ES MIA,0.0,0.0,0.0,none,
1595706,An Itch To Scratch,,0.0,0.0,0.0,none,
1616160,Scorching,Scorching,0.0,0.0,0.0,none,
1599018,Taiping Zhen Strange Tales,阿吃天库,0.1,0.2,0.0,violence|occult,
1387485,Hell Is Other People,,0.0,0.0,0.0,none,
1604634,The Bride of the Ghost Lake,,0.0,0.0,0.0,none,
1641286,POX,POX,0.0,0.0,0.0,occult,
1611879,AMOЯ,AMMO AMOUR,0.0,0.0,0.0,none,
1605020,Ghost Reunion,,0.0,0.0,0.0,none,
1586663,Kamaro2,Bhoot 2,0.0,0.0,0.0,none,
1639958,Spiders on My Lashline,Spiders on my Valentine,0.0,0.0,0.7,nudity|sexual,
1655042,Gakkou No Yuurei,,0.0,0.0,0.5,sexual,
1620810,IF I FLINCH I DIE,I FLINCH I DIE,0.0,0.0,0.0,none,
1671598,Only in Dreams,Only in Dreams,0.0,0.0,0.0,none,
1605027,Bhadil Solval Bhadrakali,Kannappa,0.0,0.0,0.0,none,
1666912,Avoidant Attachment,Avoidant Attachment,0.0,0.0,0.0,none,
1678353,|||||||||||||,,0.0,0.0,0.0,none,
1660343,Ghostfluencer,Cutie Pie,0.0,0.0,0.0,none,
1616669,The Shed Part Two,The Shed,0.7,0.6,0.0,violence|gore,
1667911,Sonder,S D O E N R,0.0,0.0,0.0,none,
1693703,Suture,Sature,0.0,0.0,0.0,none,
1610847,Godflesh,CONFLESH,0.0,0.0,0.0,none,
1609610,GROT,,0.0,0.0,0.0,none,
1679631,Red Dots,,0.0,0.0,0.0,none,
1692282,Krasny,KRASNY,0.0,0.0,0.0,none,
1594591,Kanimangalam Kovilakam,Aathma Bandhana,0.0,0.0,0.0,occult,
1632504,The Fly: The Abyss of Mutation,,0.1,0.2,0.0,violence,
1651542,McKenzie,MOCKENZIE,0.7,0.8,0.0,violence|gore,
1484731,Blood Stab,,0.9,0.7,0.8,violence|gore|nudity|sexual,
1618858,NMB48 - Omowase Kousen,NMB 48,0.0,0.0,0.0,none,
1699637,Siren,,0.0,0.0,0.0,none,
1641251,ghoststory,,0.0,0.0,0.0,none,
1686347,In Your Eye,EYE IN YOUR,0.5,0.3,0.0,gore,
1695900,The Charybdis,The Charybdis,0.0,0.0,0.0,none,
1662415,SEPTICEMIA,Septicemia,0.8,0.7,0.5,violence|gore|nudity,
1689919,Wraith,WRATH,0.0,0.1,0.0,none,
1681429,BEAR TRAP,Bear Trap,0.0,0.0,0.0,none,
1713161,Màcula,,0.0,0.0,0.0,none,
1709191,Contagious Story - The Psychic Girl,,0.0,0.0,0.0,none,
1722702,Devour,Devour,0.7,0.6,0.5,violence|gore|sexual,
1718361,DOOM,DOOM,0.0,0.0,0.0,none,
1678298,The Waiter,The Waiter,0.0,0.7,0.0,violence,
1703686,Mauviette,Mawvie!!,0.0,0.0,0.0,none,
1731223,Beating the fear of Jinn into me,,0.0,0.0,0.0,none,
1646124,Tiger's Rampage,Tiger's Rampage,0.8,0.8,0.0,violence|gore,
1730756,Folk Mysteries Record (宋家镇怪谈),,0.7,0.6,0.0,violence|gore|occult,
1732619,Cuentos de la Villa: La Tarde de los Muertos Vivos,La Tarde De Los Muertos Vivos,0.0,0.0,0.0,none,
1706847,"""YOU""",,0.0,0.0,0.0,occult,
1720185,Seven Wonders of the Main Place of Edo,,0.0,0.0,0.0,none,
1711400,NADA,NADA,0.0,0.0,0.0,none,
1723487,RIPS,,0.0,0.2,0.0,violence,
1729035,Violent World News,,0.0,0.0,0.0,none,
1687144,Skotos,Skotos,0.0,0.0,0.0,none,
1739209,Rotten,ROTTEN,0.0,0.0,0.0,none,
1722717,Gore,GORE,0.0,0.0,0.0,none,
1722502,Dishti Bomma,2,0.2,0.3,0.0,occult,
1733718,Lethe,LETTE,0.5,0.3,0.0,violence|gore,
1730762,SkinDeep,Scream,0.0,0.0,0.0,none,
1707927,Aaahladam,,0.0,0.0,0.0,none,
