id,title,category,reason,kept_id
476625,After Hours,tmdb_duplicate,tmdb_duplicate_entry_no_imdb_id,1469440
1571217,Blackmail,tmdb_duplicate,tmdb_duplicate_entry_no_imdb_id,1505291
1353245,Bodysnatch,tmdb_duplicate,tmdb_duplicate_entry_no_imdb_id,529446
1223324,I Really Don't Want to Hear it! Horror Stories from the Mountains,tmdb_duplicate,tmdb_duplicate_entry_no_imdb_id,1117191
1528029,In the Deathroom,tmdb_duplicate,tmdb_duplicate_entry_no_imdb_id,1527967
1009049,Omegle,tmdb_duplicate,tmdb_duplicate_entry_cropped_poster,1743173
1294440,Run!,tmdb_duplicate,tmdb_duplicate_entry_no_imdb_id,413607
1287755,Shattered,tmdb_duplicate,tmdb_duplicate_entry_no_imdb_id,1498215
848931,The Blue Whale,tmdb_duplicate,tmdb_duplicate_entry_no_imdb_id,1058435
1563430,Gerakol,tmdb_duplicate,tmdb_duplicate_entry_no_crew_data,1563369
704359,Guilt,tmdb_duplicate,tmdb_duplicate_entry_no_crew_data,704372
1591276,Pizza Party Massacre,tmdb_duplicate,tmdb_duplicate_entry_no_trailer,1700166
1702322,Pizza Party Massacre,tmdb_duplicate,tmdb_duplicate_entry_identical_to_kept,1700166
1558218,Scream a Little Dream,tmdb_duplicate,tmdb_duplicate_entry_no_imdb_id,1570123
1389599,In Memoriam,tmdb_duplicate,tmdb_duplicate_entry_different_cut_no_horror_genre,1204913
1445431,The Battle For Survival,tmdb_duplicate,tmdb_duplicate_entry_arbitrary,1439901
671308,Demon,tmdb_duplicate,tmdb_duplicate_entry_lower_popularity_coinflip,671309
732232,Castle Ghosts of Ireland,poster_md5_duplicate,exact_poster_md5_dup,732231
732234,Castle Ghosts of Wales,poster_md5_duplicate,exact_poster_md5_dup,732231
952054,Anal Paprika 3: Menage-A-Death,poster_md5_duplicate,exact_poster_md5_dup,952045
5161,Blood of the Undead: The Unwanted,compilation_collapse,collapsed_into_compilation_sheets_of_gore,934611
469662,Gone But Not Forgotten,compilation_collapse,collapsed_into_compilation_sheets_of_gore,934611
469663,Gotta Quarter?,compilation_collapse,collapsed_into_compilation_sheets_of_gore,934611
469665,Sanguinary Desires,compilation_collapse,collapsed_into_compilation_sheets_of_gore,934611
469666,Edwin Parker,compilation_collapse,collapsed_into_compilation_sheets_of_gore,934611
749611,Blood of the Undead: The Final Chapter,compilation_collapse,collapsed_into_compilation_sheets_of_gore,934611
179344,Bitten,compilation_collapse,collapsed_into_compilation_ultimate_zombie_feast,801464
179358,KidZ,compilation_collapse,collapsed_into_compilation_ultimate_zombie_feast,801464
1701739,William and Mary,compilation_collapse,collapsed_into_series_late_night_horror,1701750
1701743,The Triumph of Death,compilation_collapse,collapsed_into_series_late_night_horror,1701750
1701746,The Bells of Hell,compilation_collapse,collapsed_into_series_late_night_horror,1701750
34659,Broken,dead_tmdb_id,tmdb_movie_id_no_longer_exists,
783208,The Ultimate Dilemma Part 2,dead_tmdb_id,tmdb_movie_id_no_longer_exists,
863443,How to make brownies,dead_tmdb_id,tmdb_movie_id_no_longer_exists,
927848,Natural Occurrence,dead_tmdb_id,tmdb_movie_id_no_longer_exists,
978915,A Look Back,dead_tmdb_id,tmdb_movie_id_no_longer_exists,
978916,Real Sleep,dead_tmdb_id,tmdb_movie_id_no_longer_exists,
321713,Grudge,no_verifiable_poster,no_tmdb_poster_and_no_reliable_substitute,
4439,Goy,no_verifiable_poster,no_poster_but_nova_reviewed_unverifiable_image,
9937,El Chupacabra,no_verifiable_poster,no_poster_but_nova_reviewed_unverifiable_image,
27731,B-Witched,no_verifiable_poster,no_poster_but_nova_reviewed_unverifiable_image,
28369,Heroes of Horror,no_verifiable_poster,no_poster_but_nova_reviewed_unverifiable_image,
28947,Brinke's Tales of Horror,no_verifiable_poster,no_poster_but_nova_reviewed_unverifiable_image,
29221,Indiscretions,no_verifiable_poster,no_poster_but_nova_reviewed_unverifiable_image,
29409,22 Weeks,no_verifiable_poster,no_poster_but_nova_reviewed_unverifiable_image,
29432,Killer Hoo-Ha!,no_verifiable_poster,no_poster_but_nova_reviewed_unverifiable_image,
29867,Vampire Femmes,no_verifiable_poster,no_poster_but_nova_reviewed_unverifiable_image,
30380,Wolfsbayne,no_verifiable_poster,no_poster_but_nova_reviewed_unverifiable_image,
34618,Dimples,no_verifiable_poster,no_poster_but_nova_reviewed_unverifiable_image,
38741,The Deserted Inn,no_verifiable_poster,no_poster_but_nova_reviewed_unverifiable_image,
56566,Gingerdead: The Adventures of Nella & Nello,no_verifiable_poster,no_poster_but_nova_reviewed_unverifiable_image,
56673,Unborn Sins,no_verifiable_poster,no_poster_but_nova_reviewed_unverifiable_image,
58982,Hospitality,no_verifiable_poster,no_poster_but_nova_reviewed_unverifiable_image,
65001,The Offspring - Live at Woodstock '99,no_verifiable_poster,no_poster_but_nova_reviewed_unverifiable_image,
73192,Scarred,no_verifiable_poster,no_poster_but_nova_reviewed_unverifiable_image,
82791,13 (Padamudu),no_verifiable_poster,no_poster_but_nova_reviewed_unverifiable_image,
92227,Serial Rabbit 3: Splitting Hares,no_verifiable_poster,no_poster_but_nova_reviewed_unverifiable_image,
96568,Familiar,no_verifiable_poster,no_poster_but_nova_reviewed_unverifiable_image,
98230,Collinsville,no_verifiable_poster,no_poster_but_nova_reviewed_unverifiable_image,
100472,Mercy,no_verifiable_poster,no_poster_but_nova_reviewed_unverifiable_image,
101152,Whodunit?,no_verifiable_poster,no_poster_but_nova_reviewed_unverifiable_image,
101952,Teddy: It's Gonna Be a Bear,no_verifiable_poster,no_poster_but_nova_reviewed_unverifiable_image,
108067,Überfall der Mörderrucksäcke,no_verifiable_poster,no_poster_but_nova_reviewed_unverifiable_image,
118874,Lenteveld,no_verifiable_poster,no_poster_but_nova_reviewed_unverifiable_image,
147807,Kirksdale,no_verifiable_poster,no_poster_but_nova_reviewed_unverifiable_image,
150928,The Lights,no_verifiable_poster,no_poster_but_nova_reviewed_unverifiable_image,
157418,Haunted Ship,no_verifiable_poster,no_poster_but_nova_reviewed_unverifiable_image,
160865,Light Speed,no_verifiable_poster,no_poster_but_nova_reviewed_unverifiable_image,
168253,She's Not Alone!,no_verifiable_poster,no_poster_but_nova_reviewed_unverifiable_image,
210634,Chill Factor: House Call,no_verifiable_poster,no_poster_but_nova_reviewed_unverifiable_image,
213792,Wishbone,no_verifiable_poster,no_poster_but_nova_reviewed_unverifiable_image,
213811,The Crate,no_verifiable_poster,no_poster_but_nova_reviewed_unverifiable_image,
218738,The Ghost Killer,no_verifiable_poster,no_poster_but_nova_reviewed_unverifiable_image,
222861,Terminal Virus,no_verifiable_poster,no_poster_but_nova_reviewed_unverifiable_image,
223050,Zombie Girl Diary,no_verifiable_poster,no_poster_but_nova_reviewed_unverifiable_image,
226994,Andre,no_verifiable_poster,no_poster_but_nova_reviewed_unverifiable_image,
227173,Ghost Forest Cottage,no_verifiable_poster,no_poster_but_nova_reviewed_unverifiable_image,
233292,Love Foolery Case for a Severed Head,no_verifiable_poster,no_poster_but_nova_reviewed_unverifiable_image,
238596,Claws,no_verifiable_poster,no_poster_but_nova_reviewed_unverifiable_image,
238695,The Dark Dealer,no_verifiable_poster,no_poster_but_nova_reviewed_unverifiable_image,
239973,Cold Blood Canyon,no_verifiable_poster,no_poster_but_nova_reviewed_unverifiable_image,
243704,Rough Cut,no_verifiable_poster,no_poster_but_nova_reviewed_unverifiable_image,
250747,Long Taek,no_verifiable_poster,no_poster_but_nova_reviewed_unverifiable_image,
250786,Chalawan Kraithong 2,no_verifiable_poster,no_poster_but_nova_reviewed_unverifiable_image,
250866,The Daughter,no_verifiable_poster,no_poster_but_nova_reviewed_unverifiable_image,
252122,Tokolosh,no_verifiable_poster,no_poster_but_nova_reviewed_unverifiable_image,
253010,Malevolence,no_verifiable_poster,no_poster_but_nova_reviewed_unverifiable_image,
257309,Toyol,no_verifiable_poster,no_poster_but_nova_reviewed_unverifiable_image,
257904,Feedback,no_verifiable_poster,no_poster_but_nova_reviewed_unverifiable_image,
260739,Agadam,no_verifiable_poster,no_poster_but_nova_reviewed_unverifiable_image,
266219,VDO Clip,no_verifiable_poster,no_poster_but_nova_reviewed_unverifiable_image,
268157,Departyd,no_verifiable_poster,no_poster_but_nova_reviewed_unverifiable_image,
271499,Visions of Horror,no_verifiable_poster,no_poster_but_nova_reviewed_unverifiable_image,
273946,Hostage,no_verifiable_poster,no_poster_but_nova_reviewed_unverifiable_image,
274877,Hylo,no_verifiable_poster,no_poster_but_nova_reviewed_unverifiable_image,
276210,Swaha: Life Beyond Superstition,no_verifiable_poster,no_poster_but_nova_reviewed_unverifiable_image,
280387,Opus #5,no_verifiable_poster,no_poster_but_nova_reviewed_unverifiable_image,
280931,Misteri Jam 12 Kronik,no_verifiable_poster,no_poster_but_nova_reviewed_unverifiable_image,
283009,Amukan Puaka,no_verifiable_poster,no_poster_but_nova_reviewed_unverifiable_image,
283783,Serenity Farm,no_verifiable_poster,no_poster_but_nova_reviewed_unverifiable_image,
285104,Path of Terror,no_verifiable_poster,no_poster_but_nova_reviewed_unverifiable_image,
287258,Viola,no_verifiable_poster,no_poster_but_nova_reviewed_unverifiable_image,
288335,Sacrificing the Few for the Many,no_verifiable_poster,no_poster_but_nova_reviewed_unverifiable_image,
293517,Howl,no_verifiable_poster,no_poster_but_nova_reviewed_unverifiable_image,
297431,Kamandag Ni Venus,no_verifiable_poster,no_poster_but_nova_reviewed_unverifiable_image,
302689,Red Trail 90,no_verifiable_poster,no_poster_but_nova_reviewed_unverifiable_image,
306634,Insane,no_verifiable_poster,no_poster_but_nova_reviewed_unverifiable_image,
309589,Point of Contact,no_verifiable_poster,no_poster_but_nova_reviewed_unverifiable_image,
315247,Christmas Spirits,no_verifiable_poster,no_poster_but_nova_reviewed_unverifiable_image,
317979,Public Cemetery of Grudges,no_verifiable_poster,no_poster_but_nova_reviewed_unverifiable_image,
318631,Satur,no_verifiable_poster,no_poster_but_nova_reviewed_unverifiable_image,
319213,A Vault of Victims,no_verifiable_poster,no_poster_but_nova_reviewed_unverifiable_image,
319365,Talking Skeleton,no_verifiable_poster,no_poster_but_nova_reviewed_unverifiable_image,
319641,Mystery and Terror,no_verifiable_poster,no_poster_but_nova_reviewed_unverifiable_image,
321702,Bride from the Grave,no_verifiable_poster,no_poster_but_nova_reviewed_unverifiable_image,
321704,A Ghost Story,no_verifiable_poster,no_poster_but_nova_reviewed_unverifiable_image,
321705,Sell Your Life,no_verifiable_poster,no_poster_but_nova_reviewed_unverifiable_image,
321725,Revenge of a Mother,no_verifiable_poster,no_poster_but_nova_reviewed_unverifiable_image,
322036,A Resented Woman,no_verifiable_poster,no_poster_but_nova_reviewed_unverifiable_image,
322043,Cheonmasingeom,no_verifiable_poster,no_poster_but_nova_reviewed_unverifiable_image,
322050,Human Affairs Are Nothing,no_verifiable_poster,no_poster_but_nova_reviewed_unverifiable_image,
322058,A Brave King,no_verifiable_poster,no_poster_but_nova_reviewed_unverifiable_image,
322410,The Fear of Ancestral Rites,no_verifiable_poster,no_poster_but_nova_reviewed_unverifiable_image,
322497,Artist,no_verifiable_poster,no_poster_but_nova_reviewed_unverifiable_image,
322574,The Gates of Hell,no_verifiable_poster,no_poster_but_nova_reviewed_unverifiable_image,
325338,This Is Not a Computer: The Making of Computer Hearts,no_verifiable_poster,no_poster_but_nova_reviewed_unverifiable_image,
326097,Kurt Dirt: The Duke of Puke,no_verifiable_poster,no_poster_but_nova_reviewed_unverifiable_image,
330259,Lucid,no_verifiable_poster,no_poster_but_nova_reviewed_unverifiable_image,
331827,Rouge Fougère,no_verifiable_poster,no_poster_but_nova_reviewed_unverifiable_image,
332171,B14? 2,no_verifiable_poster,no_poster_but_nova_reviewed_unverifiable_image,
332765,Reptoids Walk Among Us!,no_verifiable_poster,no_poster_but_nova_reviewed_unverifiable_image,
333416,Manuer,no_verifiable_poster,no_poster_but_nova_reviewed_unverifiable_image,
334948,Insides,no_verifiable_poster,no_poster_but_nova_reviewed_unverifiable_image,
342724,Coulrophobia,no_verifiable_poster,no_poster_but_nova_reviewed_unverifiable_image,
342991,Prognosis,no_verifiable_poster,no_poster_but_nova_reviewed_unverifiable_image,
343336,Plot 7,no_verifiable_poster,no_poster_but_nova_reviewed_unverifiable_image,
343478,Weedwolf,no_verifiable_poster,no_poster_but_nova_reviewed_unverifiable_image,
346123,Soucouyant,no_verifiable_poster,no_poster_but_nova_reviewed_unverifiable_image,
346825,Scumbabies,no_verifiable_poster,no_poster_but_nova_reviewed_unverifiable_image,
348317,Flesh&Blood,no_verifiable_poster,no_poster_but_nova_reviewed_unverifiable_image,
352108,Heir,no_verifiable_poster,no_poster_but_nova_reviewed_unverifiable_image,
352166,Catastasis,no_verifiable_poster,no_poster_but_nova_reviewed_unverifiable_image,
353934,Sahri,no_verifiable_poster,no_poster_but_nova_reviewed_unverifiable_image,
354328,Run,no_verifiable_poster,no_poster_but_nova_reviewed_unverifiable_image,
356891,37,no_verifiable_poster,no_poster_but_nova_reviewed_unverifiable_image,
359072,Midnight Daisy,no_verifiable_poster,no_poster_but_nova_reviewed_unverifiable_image,
359097,The Chest,no_verifiable_poster,no_poster_but_nova_reviewed_unverifiable_image,
362088,Night of horror,no_verifiable_poster,no_poster_but_nova_reviewed_unverifiable_image,
363310,S4,no_verifiable_poster,no_poster_but_nova_reviewed_unverifiable_image,
364741,Bloody Blade,no_verifiable_poster,no_poster_but_nova_reviewed_unverifiable_image,
368971,Iris,no_verifiable_poster,no_poster_but_nova_reviewed_unverifiable_image,
372726,The Gamma-Ray Man,no_verifiable_poster,no_poster_but_nova_reviewed_unverifiable_image,
380469,Frightmares,no_verifiable_poster,no_poster_but_nova_reviewed_unverifiable_image,
382858,The Baker,no_verifiable_poster,no_poster_but_nova_reviewed_unverifiable_image,
384797,Haunting Ian,no_verifiable_poster,no_poster_but_nova_reviewed_unverifiable_image,
384994,Zombie College: The 5 Rules of Lab Safety,no_verifiable_poster,no_poster_but_nova_reviewed_unverifiable_image,
385502,The Human Quality,no_verifiable_poster,no_poster_but_nova_reviewed_unverifiable_image,
387468,Boxgirl,no_verifiable_poster,no_poster_but_nova_reviewed_unverifiable_image,
387858,A Gift for Amelia,no_verifiable_poster,no_poster_but_nova_reviewed_unverifiable_image,
388579,The Chunkblow,no_verifiable_poster,no_poster_but_nova_reviewed_unverifiable_image,
393098,? (Question-mark),no_verifiable_poster,no_poster_but_nova_reviewed_unverifiable_image,
393261,Strangers in the Night,no_verifiable_poster,no_poster_but_nova_reviewed_unverifiable_image,
398473,Alienography,no_verifiable_poster,no_poster_but_nova_reviewed_unverifiable_image,
398986,Break My Bones,no_verifiable_poster,no_poster_but_nova_reviewed_unverifiable_image,
402008,Riley,no_verifiable_poster,no_poster_but_nova_reviewed_unverifiable_image,
408527,Believe the Dance,no_verifiable_poster,no_poster_but_nova_reviewed_unverifiable_image,
410859,"Electrical Substation, Stay Safe Stay Out",no_verifiable_poster,no_poster_but_nova_reviewed_unverifiable_image,
410865,Eight Clouds Rising,no_verifiable_poster,no_poster_but_nova_reviewed_unverifiable_image,
413840,Meth to Madness,no_verifiable_poster,no_poster_but_nova_reviewed_unverifiable_image,
413995,Goblin?,no_verifiable_poster,no_poster_but_nova_reviewed_unverifiable_image,
415469,Bloodspray,no_verifiable_poster,no_poster_but_nova_reviewed_unverifiable_image,
415909,Virginia Obscura,no_verifiable_poster,no_poster_but_nova_reviewed_unverifiable_image,
416504,Scrotal Vengeance,no_verifiable_poster,no_poster_but_nova_reviewed_unverifiable_image,
416921,Tortured Soul,no_verifiable_poster,no_poster_but_nova_reviewed_unverifiable_image,
418450,Grave Walkers,no_verifiable_poster,no_poster_but_nova_reviewed_unverifiable_image,
420766,Leaning,no_verifiable_poster,no_poster_but_nova_reviewed_unverifiable_image,
420916,Popo,no_verifiable_poster,no_poster_but_nova_reviewed_unverifiable_image,
426357,Halloween Hugs,no_verifiable_poster,no_poster_but_nova_reviewed_unverifiable_image,
427243,Consommé,no_verifiable_poster,no_poster_but_nova_reviewed_unverifiable_image,
427396,esias,no_verifiable_poster,no_poster_but_nova_reviewed_unverifiable_image,
432212,Pine Bros. Presents: Cinema Insomnia Haunted House Special,no_verifiable_poster,no_poster_but_nova_reviewed_unverifiable_image,
434230,Disturbed,no_verifiable_poster,no_poster_but_nova_reviewed_unverifiable_image,
435515,Crush,no_verifiable_poster,no_poster_but_nova_reviewed_unverifiable_image,
438943,Road Kill,no_verifiable_poster,no_poster_but_nova_reviewed_unverifiable_image,
439448,The Poison,no_verifiable_poster,no_poster_but_nova_reviewed_unverifiable_image,
440659,Catalina,no_verifiable_poster,no_poster_but_nova_reviewed_unverifiable_image,
441658,Ghost Forest,no_verifiable_poster,no_poster_but_nova_reviewed_unverifiable_image,
443391,Primal Instinct X,no_verifiable_poster,no_poster_but_nova_reviewed_unverifiable_image,
444682,Witchunter,no_verifiable_poster,no_poster_but_nova_reviewed_unverifiable_image,
444910,Monophobia,no_verifiable_poster,no_poster_but_nova_reviewed_unverifiable_image,
445365,Aberration,no_verifiable_poster,no_poster_but_nova_reviewed_unverifiable_image,
451811,Satanic Sluts: The Black Order Cometh,no_verifiable_poster,no_poster_but_nova_reviewed_unverifiable_image,
468609,No Tomorrow,no_verifiable_poster,no_poster_but_nova_reviewed_unverifiable_image,
507582,Scuttlers,no_verifiable_poster,no_poster_but_nova_reviewed_unverifiable_image,
543447,The Enfield Poltergeist,no_verifiable_poster,no_poster_but_nova_reviewed_unverifiable_image,
572757,Zed,no_verifiable_poster,no_poster_but_nova_reviewed_unverifiable_image,
609347,Na Ninna Bidalare,no_verifiable_poster,no_poster_but_nova_reviewed_unverifiable_image,
730406,Bloodshed And Emeralds,no_verifiable_poster,no_poster_but_nova_reviewed_unverifiable_image,
749029,Hidden in the Dark,no_verifiable_poster,no_poster_but_nova_reviewed_unverifiable_image,
808340,Pig Face,no_verifiable_poster,no_poster_but_nova_reviewed_unverifiable_image,
823034,Schizophrenic,no_verifiable_poster,no_poster_but_nova_reviewed_unverifiable_image,
850782,Terror Telly: Chopping Channels,no_verifiable_poster,no_poster_but_nova_reviewed_unverifiable_image,
869618,Pipeline,no_verifiable_poster,no_poster_but_nova_reviewed_unverifiable_image,
873559,Z-Stuy,no_verifiable_poster,no_poster_but_nova_reviewed_unverifiable_image,
882418,MIsogyny,no_verifiable_poster,no_poster_but_nova_reviewed_unverifiable_image,
886961,Turncoat,no_verifiable_poster,no_poster_but_nova_reviewed_unverifiable_image,
893384,Escape the Night,no_verifiable_poster,no_poster_but_nova_reviewed_unverifiable_image,
920958,Allan,no_verifiable_poster,no_poster_but_nova_reviewed_unverifiable_image,
931922,S.K.B.,no_verifiable_poster,no_poster_but_nova_reviewed_unverifiable_image,
936933,The Prince of Darkness,no_verifiable_poster,no_poster_but_nova_reviewed_unverifiable_image,
960586,Shortcake,no_verifiable_poster,no_poster_but_nova_reviewed_unverifiable_image,
972816,Lucifer's Unholy Desire,no_verifiable_poster,no_poster_but_nova_reviewed_unverifiable_image,
994551,I’ll Never Be Alive Again,no_verifiable_poster,no_poster_but_nova_reviewed_unverifiable_image,
1017180,Profaned,no_verifiable_poster,no_poster_but_nova_reviewed_unverifiable_image,
1045244,Sisterhood of the Shewolf,no_verifiable_poster,no_poster_but_nova_reviewed_unverifiable_image,
1066113,Deeper into the Darkness: The Making of Heartland of Darkness,no_verifiable_poster,no_poster_but_nova_reviewed_unverifiable_image,
1075618,The Passage: A Ghost Story,no_verifiable_poster,no_poster_but_nova_reviewed_unverifiable_image,
1080193,The Calling of the Things Beyond,no_verifiable_poster,no_poster_but_nova_reviewed_unverifiable_image,
1088143,The Vault of Horror: Horror Bites,no_verifiable_poster,no_poster_but_nova_reviewed_unverifiable_image,
1104044,I Spill Your Guts 2,no_verifiable_poster,no_poster_but_nova_reviewed_unverifiable_image,
1119107,Appetizer,no_verifiable_poster,no_poster_but_nova_reviewed_unverifiable_image,
1120132,Man-Wolf,no_verifiable_poster,no_poster_but_nova_reviewed_unverifiable_image,
1131320,1:30 AM,no_verifiable_poster,no_poster_but_nova_reviewed_unverifiable_image,
1147473,The Old God!,no_verifiable_poster,no_poster_but_nova_reviewed_unverifiable_image,
1150192,*69,no_verifiable_poster,no_poster_but_nova_reviewed_unverifiable_image,
1160140,The Terminal Game,no_verifiable_poster,no_poster_but_nova_reviewed_unverifiable_image,
1162418,Lilith,no_verifiable_poster,no_poster_but_nova_reviewed_unverifiable_image,
1174423,Prom of the Dead,no_verifiable_poster,no_poster_but_nova_reviewed_unverifiable_image,
1176216,Mostenire,no_verifiable_poster,no_poster_but_nova_reviewed_unverifiable_image,
1184020,Dry,no_verifiable_poster,no_poster_but_nova_reviewed_unverifiable_image,
1189797,The Witches of Eastwick,no_verifiable_poster,no_poster_but_nova_reviewed_unverifiable_image,
1203509,Terror of the Soul,no_verifiable_poster,no_poster_but_nova_reviewed_unverifiable_image,
1212878,8ight Limbs,no_verifiable_poster,no_poster_but_nova_reviewed_unverifiable_image,
1213724,Road Kill,no_verifiable_poster,no_poster_but_nova_reviewed_unverifiable_image,
1214717,Jack the Ripper,no_verifiable_poster,no_poster_but_nova_reviewed_unverifiable_image,
1216952,Sentinel,no_verifiable_poster,no_poster_but_nova_reviewed_unverifiable_image,
1224968,How To,no_verifiable_poster,no_poster_but_nova_reviewed_unverifiable_image,
1238091,The Woods,no_verifiable_poster,no_poster_but_nova_reviewed_unverifiable_image,
1249036,Nightmare Halloween Spectacular,no_verifiable_poster,no_poster_but_nova_reviewed_unverifiable_image,
1253503,Lilies,no_verifiable_poster,no_poster_but_nova_reviewed_unverifiable_image,
1255337,The Keys,no_verifiable_poster,no_poster_but_nova_reviewed_unverifiable_image,
1271350,Hellswine 2,no_verifiable_poster,no_poster_but_nova_reviewed_unverifiable_image,
1272814,Fraudulent Conversion,no_verifiable_poster,no_poster_but_nova_reviewed_unverifiable_image,
1278464,My Dark Angels,no_verifiable_poster,no_poster_but_nova_reviewed_unverifiable_image,
1287426,The Tunnel: Beneath the Surface,no_verifiable_poster,no_poster_but_nova_reviewed_unverifiable_image,
1287481,Black Ewe,no_verifiable_poster,no_poster_but_nova_reviewed_unverifiable_image,
1297467,The Exorcist: Martyrs,no_verifiable_poster,no_poster_but_nova_reviewed_unverifiable_image,
1302190,Don't Leave the Garage,no_verifiable_poster,no_poster_but_nova_reviewed_unverifiable_image,
1305763,Elizabeth Carter,no_verifiable_poster,no_poster_but_nova_reviewed_unverifiable_image,
1307632,Wrong Ones,no_verifiable_poster,no_poster_but_nova_reviewed_unverifiable_image,
1311970,#TalithaKoum,no_verifiable_poster,no_poster_but_nova_reviewed_unverifiable_image,
1314739,Benediction,no_verifiable_poster,no_poster_but_nova_reviewed_unverifiable_image,
1315515,Shoes,no_verifiable_poster,no_poster_but_nova_reviewed_unverifiable_image,
1316185,The Whisperer in Darkness,no_verifiable_poster,no_poster_but_nova_reviewed_unverifiable_image,
1318051,The Tell Tale Heart,no_verifiable_poster,no_poster_but_nova_reviewed_unverifiable_image,
1323984,The Accident,no_verifiable_poster,no_poster_but_nova_reviewed_unverifiable_image,
1329586,Silver Scream,no_verifiable_poster,no_poster_but_nova_reviewed_unverifiable_image,
1333098,Dead of Night,no_verifiable_poster,no_poster_but_nova_reviewed_unverifiable_image,
1335856,Prone,no_verifiable_poster,no_poster_but_nova_reviewed_unverifiable_image,
1336730,Pot Head,no_verifiable_poster,no_poster_but_nova_reviewed_unverifiable_image,
1356296,Resurrection Mary,no_verifiable_poster,no_poster_but_nova_reviewed_unverifiable_image,
1366502,The Crypt Keeper Presents: A Spine-Tingling Look at Tales from the Crypt,no_verifiable_poster,no_poster_but_nova_reviewed_unverifiable_image,
1367384,Blind,no_verifiable_poster,no_poster_but_nova_reviewed_unverifiable_image,
1367532,The Terrible Old Man,no_verifiable_poster,no_poster_but_nova_reviewed_unverifiable_image,
1372003,Nightmare Halloween Special,no_verifiable_poster,no_poster_but_nova_reviewed_unverifiable_image,
1372005,Freaky Black Friday Spook Special,no_verifiable_poster,no_poster_but_nova_reviewed_unverifiable_image,
1373760,"Devils, Dragons, and Blood-Sucking Bats",no_verifiable_poster,no_poster_but_nova_reviewed_unverifiable_image,
1375715,Dr. Madblood's Halloween Film Festival,no_verifiable_poster,no_poster_but_nova_reviewed_unverifiable_image,
1375716,Dr. Madblood's Halloween Howl,no_verifiable_poster,no_poster_but_nova_reviewed_unverifiable_image,
1375718,Dr. Madblood's Halloween,no_verifiable_poster,no_poster_but_nova_reviewed_unverifiable_image,
1375720,Doctor Madblood's Halloween Horror Express,no_verifiable_poster,no_poster_but_nova_reviewed_unverifiable_image,
1375722,Doctor Madblood's Haunted Halloween,no_verifiable_poster,no_poster_but_nova_reviewed_unverifiable_image,
1375903,Deogen,no_verifiable_poster,no_poster_but_nova_reviewed_unverifiable_image,
1406356,Home Videos,no_verifiable_poster,no_poster_but_nova_reviewed_unverifiable_image,
1412238,Asesina I: Would You Rather,no_verifiable_poster,no_poster_but_nova_reviewed_unverifiable_image,
1412648,She Looks Familiar,no_verifiable_poster,no_poster_but_nova_reviewed_unverifiable_image,
1413003,Lunch Break,no_verifiable_poster,no_poster_but_nova_reviewed_unverifiable_image,
1416976,The Banshee Bride,no_verifiable_poster,no_poster_but_nova_reviewed_unverifiable_image,
1416979,Kilter,no_verifiable_poster,no_poster_but_nova_reviewed_unverifiable_image,
1421804,Rebeccah's Statement,no_verifiable_poster,no_poster_but_nova_reviewed_unverifiable_image,
1430326,Nachay Nagin,no_verifiable_poster,no_poster_but_nova_reviewed_unverifiable_image,
1430327,Bad Deal,no_verifiable_poster,no_poster_but_nova_reviewed_unverifiable_image,
1430640,Don't Skimp on the Undead,no_verifiable_poster,no_poster_but_nova_reviewed_unverifiable_image,
1431862,Silent Hill Internal Prison,no_verifiable_poster,no_poster_but_nova_reviewed_unverifiable_image,
1435888,Vampire Playmates,no_verifiable_poster,no_poster_but_nova_reviewed_unverifiable_image,
1446762,Apples,no_verifiable_poster,no_poster_but_nova_reviewed_unverifiable_image,
1463960,Her Love,no_verifiable_poster,no_poster_but_nova_reviewed_unverifiable_image,
1465136,Coulrophobia,no_verifiable_poster,no_poster_but_nova_reviewed_unverifiable_image,
1479143,The Gifted,no_verifiable_poster,no_poster_but_nova_reviewed_unverifiable_image,
1480147,Swipe,no_verifiable_poster,no_poster_but_nova_reviewed_unverifiable_image,
1480271,The Unlucky,no_verifiable_poster,no_poster_but_nova_reviewed_unverifiable_image,
1487189,Pithan,no_verifiable_poster,no_poster_but_nova_reviewed_unverifiable_image,
1500517,Jaknife,no_verifiable_poster,no_poster_but_nova_reviewed_unverifiable_image,
1501973,Helter Skelter,no_verifiable_poster,no_poster_but_nova_reviewed_unverifiable_image,
1504973,Identity,no_verifiable_poster,no_poster_but_nova_reviewed_unverifiable_image,
1505092,Sock Monster,no_verifiable_poster,no_poster_but_nova_reviewed_unverifiable_image,
1511801,Gaggle,no_verifiable_poster,no_poster_but_nova_reviewed_unverifiable_image,
1512385,Powerless,no_verifiable_poster,no_poster_but_nova_reviewed_unverifiable_image,
1514492,CRIMSON,no_verifiable_poster,no_poster_but_nova_reviewed_unverifiable_image,
1516880,Death File,no_verifiable_poster,no_poster_but_nova_reviewed_unverifiable_image,
1517023,Wired,no_verifiable_poster,no_poster_but_nova_reviewed_unverifiable_image,
1529259,The Flood,no_verifiable_poster,no_poster_but_nova_reviewed_unverifiable_image,
1529709,Cake,no_verifiable_poster,no_poster_but_nova_reviewed_unverifiable_image,
1530058,Eternal Echo,no_verifiable_poster,no_poster_but_nova_reviewed_unverifiable_image,
1533611,The Revenge of La Llorona,no_verifiable_poster,no_poster_but_nova_reviewed_unverifiable_image,
1544428,Haunted Basement,no_verifiable_poster,no_poster_but_nova_reviewed_unverifiable_image,
1558944,Y103,no_verifiable_poster,no_poster_but_nova_reviewed_unverifiable_image,
1559986,White Devils,no_verifiable_poster,no_poster_but_nova_reviewed_unverifiable_image,
1560072,Go to Hell,no_verifiable_poster,no_poster_but_nova_reviewed_unverifiable_image,
1561575,Missoula,no_verifiable_poster,no_poster_but_nova_reviewed_unverifiable_image,
1564988,Devil's Gateway,no_verifiable_poster,no_poster_but_nova_reviewed_unverifiable_image,
1567076,Spuds,no_verifiable_poster,no_poster_but_nova_reviewed_unverifiable_image,
1567770,Threshold,no_verifiable_poster,no_poster_but_nova_reviewed_unverifiable_image,
1573922,Thumbtack,no_verifiable_poster,no_poster_but_nova_reviewed_unverifiable_image,
1578645,Doorman,no_verifiable_poster,no_poster_but_nova_reviewed_unverifiable_image,
1578897,Unhinged,no_verifiable_poster,no_poster_but_nova_reviewed_unverifiable_image,
1584267,G.M.O.,no_verifiable_poster,no_poster_but_nova_reviewed_unverifiable_image,
1585763,Meet the Eye,no_verifiable_poster,no_poster_but_nova_reviewed_unverifiable_image,
1595158,Goetic,no_verifiable_poster,no_poster_but_nova_reviewed_unverifiable_image,
1602352,Malevolent,no_verifiable_poster,no_poster_but_nova_reviewed_unverifiable_image,
1620196,The Crack Gaff,no_verifiable_poster,no_poster_but_nova_reviewed_unverifiable_image,
1624000,Dead Ink,no_verifiable_poster,no_poster_but_nova_reviewed_unverifiable_image,
1625381,Heart Eyes 2,no_verifiable_poster,no_poster_but_nova_reviewed_unverifiable_image,
1625390,She Follows,no_verifiable_poster,no_poster_but_nova_reviewed_unverifiable_image,
1627570,Username:666,no_verifiable_poster,no_poster_but_nova_reviewed_unverifiable_image,
1634927,Not Alone,no_verifiable_poster,no_poster_but_nova_reviewed_unverifiable_image,
1635150,ENCIERRO,no_verifiable_poster,no_poster_but_nova_reviewed_unverifiable_image,
1647494,Jason vs Pennywise,no_verifiable_poster,no_poster_but_nova_reviewed_unverifiable_image,
1650534,Hollow Trees,no_verifiable_poster,no_poster_but_nova_reviewed_unverifiable_image,
1654416,PREY,no_verifiable_poster,no_poster_but_nova_reviewed_unverifiable_image,
1655094,Fantasma,no_verifiable_poster,no_poster_but_nova_reviewed_unverifiable_image,
1656228,Tammy's Slumber Party,no_verifiable_poster,no_poster_but_nova_reviewed_unverifiable_image,
1663126,Dress to Kill,no_verifiable_poster,no_poster_but_nova_reviewed_unverifiable_image,
1668362,Cult Classic,no_verifiable_poster,no_poster_but_nova_reviewed_unverifiable_image,
1681703,Meat,no_verifiable_poster,no_poster_but_nova_reviewed_unverifiable_image,
1689617,Bolted,no_verifiable_poster,no_poster_but_nova_reviewed_unverifiable_image,
1701972,WULVER,no_verifiable_poster,no_poster_but_nova_reviewed_unverifiable_image,
1703553,The Tahquitz Myth,no_verifiable_poster,no_poster_but_nova_reviewed_unverifiable_image,
1703554,Old Maid,no_verifiable_poster,no_poster_but_nova_reviewed_unverifiable_image,
1705872,Toe Tags,no_verifiable_poster,no_poster_but_nova_reviewed_unverifiable_image,
1706665,Limbo,no_verifiable_poster,no_poster_but_nova_reviewed_unverifiable_image,
1712582,Next Door,no_verifiable_poster,no_poster_but_nova_reviewed_unverifiable_image,
1728367,Tantalus,no_verifiable_poster,no_poster_but_nova_reviewed_unverifiable_image,
484399,Beach 67,no_verifiable_poster,no_tool_could_confirm_poster_correctness,
651273,The Pulley by Steven Kwang,no_verifiable_poster,no_tool_could_confirm_poster_correctness,
708706,Feed Your Head! Lose Your Head!,no_verifiable_poster,no_tool_could_confirm_poster_correctness,
720727,Befarmaeed Sham,no_verifiable_poster,no_tool_could_confirm_poster_correctness,
790856,Love's a Killer: Rellik's Revenge,no_verifiable_poster,no_tool_could_confirm_poster_correctness,
813980,Extremism Breaks My Balls,no_verifiable_poster,no_tool_could_confirm_poster_correctness,
947075,Manipulated,no_verifiable_poster,no_tool_could_confirm_poster_correctness,
960750,Don't Press Record,no_verifiable_poster,no_tool_could_confirm_poster_correctness,
1042644,Chimera,no_verifiable_poster,no_tool_could_confirm_poster_correctness,
1054029,Everybody Wants It All,no_verifiable_poster,no_tool_could_confirm_poster_correctness,
1119487,Gavin Serve,no_verifiable_poster,no_tool_could_confirm_poster_correctness,
1188977,Get Home Safe,no_verifiable_poster,no_tool_could_confirm_poster_correctness,
1267304,The Black Night,no_verifiable_poster,no_tool_could_confirm_poster_correctness,
1268424,Exposure,no_verifiable_poster,no_tool_could_confirm_poster_correctness,
1390997,Brayden's Adventures Nature Walk - Tackling Wainuiomata Hill,no_verifiable_poster,no_tool_could_confirm_poster_correctness,
1395245,Gruesome,no_verifiable_poster,no_tool_could_confirm_poster_correctness,
1435401,8 A.M.s,no_verifiable_poster,no_tool_could_confirm_poster_correctness,
1437479,Remember To Enjoy The Light Before It’s Gone,no_verifiable_poster,no_tool_could_confirm_poster_correctness,
1482801,Agnes Keedan's Secret Plan,no_verifiable_poster,no_tool_could_confirm_poster_correctness,
1498452,Edmonton To Milan,no_verifiable_poster,no_tool_could_confirm_poster_correctness,
1550963,Slenderman Is In My House- Not Fake,no_verifiable_poster,no_tool_could_confirm_poster_correctness,
1559044,Nobody plays at sunset,no_verifiable_poster,no_tool_could_confirm_poster_correctness,
1616605,CRAWL. SUCK. KILL. 2. JINGLE. BELLS.,no_verifiable_poster,no_tool_could_confirm_poster_correctness,
1650115,The Last Witness,no_verifiable_poster,no_tool_could_confirm_poster_correctness,
